<?xml version="1.0" encoding="UTF-8"?>
<gpx creator="Garmin Connect" version="1.1"
  xsi:schemaLocation="http://www.topografix.com/GPX/1/1 http://www.topografix.com/GPX/11.xsd"
  xmlns:ns3="http://www.garmin.com/xmlschemas/TrackPointExtension/v1"
  xmlns="http://www.topografix.com/GPX/1/1"
  xmlns:xsi="http://www.w3.org/2001/XMLSchema-instance" xmlns:ns2="http://www.garmin.com/xmlschemas/GpxExtensions/v3">
  <metadata>
    <link href="connect.garmin.com">
      <text>Garmin Connect</text>
    </link>
    <time>2023-10-07T06:17:42.000Z</time>
  </metadata>
  <trk>
    <name>白馬村 バイク</name>
    <type>cycling</type>
    <trkseg>
      <trkpt lat="36.7008977942168712615966796875" lon="137.841686122119426727294921875">
        <ele>749.79998779296875</ele>
        <time>2023-10-07T06:17:42.000Z</time>
        <extensions>
          <ns3:TrackPointExtension>
            <ns3:atemp>15.0</ns3:atemp>
            <ns3:cad>89</ns3:cad>
          </ns3:TrackPointExtension>
        </extensions>
      </trkpt>
      <trkpt lat="36.7008682899177074432373046875" lon="137.8416182287037372589111328125">
        <ele>750.79998779296875</ele>
        <time>2023-10-07T06:17:43.000Z</time>
        <extensions>
          <ns3:TrackPointExtension>
            <ns3:atemp>15.0</ns3:atemp>
            <ns3:cad>86</ns3:cad>
          </ns3:TrackPointExtension>
        </extensions>
      </trkpt>
      <trkpt lat="36.70082755386829376220703125" lon="137.84155360423028469085693359375">
        <ele>751.20001220703125</ele>
        <time>2023-10-07T06:17:44.000Z</time>
        <extensions>
          <ns3:TrackPointExtension>
            <ns3:atemp>15.0</ns3:atemp>
            <ns3:cad>84</ns3:cad>
          </ns3:TrackPointExtension>
        </extensions>
      </trkpt>
      <trkpt lat="36.7007985524833202362060546875" lon="137.84149560146033763885498046875">
        <ele>751.4000244140625</ele>
        <time>2023-10-07T06:17:45.000Z</time>
        <extensions>
          <ns3:TrackPointExtension>
            <ns3:atemp>15.0</ns3:atemp>
            <ns3:cad>85</ns3:cad>
          </ns3:TrackPointExtension>
        </extensions>
      </trkpt>
      <trkpt lat="36.700756810605525970458984375" lon="137.841442711651325225830078125">
        <ele>751.5999755859375</ele>
        <time>2023-10-07T06:17:46.000Z</time>
        <extensions>
          <ns3:TrackPointExtension>
            <ns3:atemp>15.0</ns3:atemp>
            <ns3:cad>85</ns3:cad>
          </ns3:TrackPointExtension>
        </extensions>
      </trkpt>
      <trkpt lat="36.70071012340486049652099609375" lon="137.84139032475650310516357421875">
        <ele>752</ele>
        <time>2023-10-07T06:17:47.000Z</time>
        <extensions>
          <ns3:TrackPointExtension>
            <ns3:atemp>15.0</ns3:atemp>
            <ns3:cad>84</ns3:cad>
          </ns3:TrackPointExtension>
        </extensions>
      </trkpt>
      <trkpt lat="36.70066586695611476898193359375" lon="137.8413282148540019989013671875">
        <ele>751.79998779296875</ele>
        <time>2023-10-07T06:17:48.000Z</time>
        <extensions>
          <ns3:TrackPointExtension>
            <ns3:atemp>15.0</ns3:atemp>
            <ns3:cad>86</ns3:cad>
          </ns3:TrackPointExtension>
        </extensions>
      </trkpt>
      <trkpt lat="36.7006141506135463714599609375" lon="137.84125219099223613739013671875">
        <ele>752.20001220703125</ele>
        <time>2023-10-07T06:17:49.000Z</time>
        <extensions>
          <ns3:TrackPointExtension>
            <ns3:atemp>15.0</ns3:atemp>
            <ns3:cad>86</ns3:cad>
          </ns3:TrackPointExtension>
        </extensions>
      </trkpt>
      <trkpt lat="36.70059629715979099273681640625" lon="137.84118580631911754608154296875">
        <ele>752.5999755859375</ele>
        <time>2023-10-07T06:17:50.000Z</time>
        <extensions>
          <ns3:TrackPointExtension>
            <ns3:atemp>15.0</ns3:atemp>
            <ns3:cad>84</ns3:cad>
          </ns3:TrackPointExtension>
        </extensions>
      </trkpt>
      <trkpt lat="36.70058841817080974578857421875" lon="137.8411283902823925018310546875">
        <ele>752.79998779296875</ele>
        <time>2023-10-07T06:17:51.000Z</time>
        <extensions>
          <ns3:TrackPointExtension>
            <ns3:atemp>15.0</ns3:atemp>
            <ns3:cad>84</ns3:cad>
          </ns3:TrackPointExtension>
        </extensions>
      </trkpt>
      <trkpt lat="36.70054399408400058746337890625" lon="137.84104314632713794708251953125">
        <ele>752.79998779296875</ele>
        <time>2023-10-07T06:17:52.000Z</time>
        <extensions>
          <ns3:TrackPointExtension>
            <ns3:atemp>15.0</ns3:atemp>
            <ns3:cad>82</ns3:cad>
          </ns3:TrackPointExtension>
        </extensions>
      </trkpt>
      <trkpt lat="36.7005115561187267303466796875" lon="137.840971983969211578369140625">
        <ele>752.79998779296875</ele>
        <time>2023-10-07T06:17:53.000Z</time>
        <extensions>
          <ns3:TrackPointExtension>
            <ns3:atemp>15.0</ns3:atemp>
            <ns3:cad>82</ns3:cad>
          </ns3:TrackPointExtension>
        </extensions>
      </trkpt>
      <trkpt lat="36.7004843987524509429931640625" lon="137.84092278219759464263916015625">
        <ele>752.79998779296875</ele>
        <time>2023-10-07T06:17:54.000Z</time>
        <extensions>
          <ns3:TrackPointExtension>
            <ns3:atemp>15.0</ns3:atemp>
            <ns3:cad>81</ns3:cad>
          </ns3:TrackPointExtension>
        </extensions>
      </trkpt>
      <trkpt lat="36.70044693164527416229248046875" lon="137.8408662043511867523193359375">
        <ele>752.5999755859375</ele>
        <time>2023-10-07T06:17:55.000Z</time>
        <extensions>
          <ns3:TrackPointExtension>
            <ns3:atemp>15.0</ns3:atemp>
            <ns3:cad>84</ns3:cad>
          </ns3:TrackPointExtension>
        </extensions>
      </trkpt>
      <trkpt lat="36.70041625387966632843017578125" lon="137.84081985242664813995361328125">
        <ele>752.79998779296875</ele>
        <time>2023-10-07T06:17:56.000Z</time>
        <extensions>
          <ns3:TrackPointExtension>
            <ns3:atemp>15.0</ns3:atemp>
            <ns3:cad>84</ns3:cad>
          </ns3:TrackPointExtension>
        </extensions>
      </trkpt>
      <trkpt lat="36.7003781162202358245849609375" lon="137.8407662920653820037841796875">
        <ele>752.79998779296875</ele>
        <time>2023-10-07T06:17:57.000Z</time>
        <extensions>
          <ns3:TrackPointExtension>
            <ns3:atemp>15.0</ns3:atemp>
            <ns3:cad>82</ns3:cad>
          </ns3:TrackPointExtension>
        </extensions>
      </trkpt>
      <trkpt lat="36.70033411122858524322509765625" lon="137.8406928665935993194580078125">
        <ele>753</ele>
        <time>2023-10-07T06:17:58.000Z</time>
        <extensions>
          <ns3:TrackPointExtension>
            <ns3:atemp>15.0</ns3:atemp>
            <ns3:cad>78</ns3:cad>
          </ns3:TrackPointExtension>
        </extensions>
      </trkpt>
      <trkpt lat="36.70030318200588226318359375" lon="137.8406243026256561279296875">
        <ele>753.20001220703125</ele>
        <time>2023-10-07T06:17:59.000Z</time>
        <extensions>
          <ns3:TrackPointExtension>
            <ns3:atemp>15.0</ns3:atemp>
            <ns3:cad>79</ns3:cad>
          </ns3:TrackPointExtension>
        </extensions>
      </trkpt>
      <trkpt lat="36.700317598879337310791015625" lon="137.84056018106639385223388671875">
        <ele>753.4000244140625</ele>
        <time>2023-10-07T06:18:00.000Z</time>
        <extensions>
          <ns3:TrackPointExtension>
            <ns3:atemp>15.0</ns3:atemp>
            <ns3:cad>78</ns3:cad>
          </ns3:TrackPointExtension>
        </extensions>
      </trkpt>
      <trkpt lat="36.70035305432975292205810546875" lon="137.8405148349702358245849609375">
        <ele>753.5999755859375</ele>
        <time>2023-10-07T06:18:01.000Z</time>
        <extensions>
          <ns3:TrackPointExtension>
            <ns3:atemp>15.0</ns3:atemp>
            <ns3:cad>79</ns3:cad>
          </ns3:TrackPointExtension>
        </extensions>
      </trkpt>
      <trkpt lat="36.7004203610122203826904296875" lon="137.8404977358877658843994140625">
        <ele>753.79998779296875</ele>
        <time>2023-10-07T06:18:02.000Z</time>
        <extensions>
          <ns3:TrackPointExtension>
            <ns3:atemp>15.0</ns3:atemp>
            <ns3:cad>76</ns3:cad>
          </ns3:TrackPointExtension>
        </extensions>
      </trkpt>
      <trkpt lat="36.700479201972484588623046875" lon="137.840499244630336761474609375">
        <ele>754</ele>
        <time>2023-10-07T06:18:03.000Z</time>
        <extensions>
          <ns3:TrackPointExtension>
            <ns3:atemp>15.0</ns3:atemp>
            <ns3:cad>89</ns3:cad>
          </ns3:TrackPointExtension>
        </extensions>
      </trkpt>
      <trkpt lat="36.70053108595311641693115234375" lon="137.84050368703901767730712890625">
        <ele>754.5999755859375</ele>
        <time>2023-10-07T06:18:04.000Z</time>
        <extensions>
          <ns3:TrackPointExtension>
            <ns3:atemp>15.0</ns3:atemp>
            <ns3:cad>89</ns3:cad>
          </ns3:TrackPointExtension>
        </extensions>
      </trkpt>
      <trkpt lat="36.7005819641053676605224609375" lon="137.84050519578158855438232421875">
        <ele>754.79998779296875</ele>
        <time>2023-10-07T06:18:05.000Z</time>
        <extensions>
          <ns3:TrackPointExtension>
            <ns3:atemp>15.0</ns3:atemp>
            <ns3:cad>37</ns3:cad>
          </ns3:TrackPointExtension>
        </extensions>
      </trkpt>
      <trkpt lat="36.70063250698149204254150390625" lon="137.840503267943859100341796875">
        <ele>755</ele>
        <time>2023-10-07T06:18:06.000Z</time>
        <extensions>
          <ns3:TrackPointExtension>
            <ns3:atemp>15.0</ns3:atemp>
            <ns3:cad>80</ns3:cad>
          </ns3:TrackPointExtension>
        </extensions>
      </trkpt>
      <trkpt lat="36.7006726562976837158203125" lon="137.84049128182232379913330078125">
        <ele>755</ele>
        <time>2023-10-07T06:18:07.000Z</time>
        <extensions>
          <ns3:TrackPointExtension>
            <ns3:atemp>15.0</ns3:atemp>
            <ns3:cad>85</ns3:cad>
          </ns3:TrackPointExtension>
        </extensions>
      </trkpt>
      <trkpt lat="36.70071951113641262054443359375" lon="137.8404826484620571136474609375">
        <ele>755.20001220703125</ele>
        <time>2023-10-07T06:18:08.000Z</time>
        <extensions>
          <ns3:TrackPointExtension>
            <ns3:atemp>15.0</ns3:atemp>
            <ns3:cad>92</ns3:cad>
          </ns3:TrackPointExtension>
        </extensions>
      </trkpt>
      <trkpt lat="36.70077298767864704132080078125" lon="137.840475104749202728271484375">
        <ele>755.20001220703125</ele>
        <time>2023-10-07T06:18:09.000Z</time>
        <extensions>
          <ns3:TrackPointExtension>
            <ns3:atemp>15.0</ns3:atemp>
            <ns3:cad>97</ns3:cad>
          </ns3:TrackPointExtension>
        </extensions>
      </trkpt>
      <trkpt lat="36.70081975869834423065185546875" lon="137.84046328626573085784912109375">
        <ele>755.4000244140625</ele>
        <time>2023-10-07T06:18:10.000Z</time>
        <extensions>
          <ns3:TrackPointExtension>
            <ns3:atemp>15.0</ns3:atemp>
            <ns3:cad>94</ns3:cad>
          </ns3:TrackPointExtension>
        </extensions>
      </trkpt>
      <trkpt lat="36.70086401514708995819091796875" lon="137.840445935726165771484375">
        <ele>755.5999755859375</ele>
        <time>2023-10-07T06:18:11.000Z</time>
        <extensions>
          <ns3:TrackPointExtension>
            <ns3:atemp>15.0</ns3:atemp>
            <ns3:cad>92</ns3:cad>
          </ns3:TrackPointExtension>
        </extensions>
      </trkpt>
      <trkpt lat="36.70090223662555217742919921875" lon="137.84042137674987316131591796875">
        <ele>755.5999755859375</ele>
        <time>2023-10-07T06:18:12.000Z</time>
        <extensions>
          <ns3:TrackPointExtension>
            <ns3:atemp>15.0</ns3:atemp>
            <ns3:cad>102</ns3:cad>
          </ns3:TrackPointExtension>
        </extensions>
      </trkpt>
      <trkpt lat="36.70093878172338008880615234375" lon="137.84038960933685302734375">
        <ele>755.5999755859375</ele>
        <time>2023-10-07T06:18:13.000Z</time>
        <extensions>
          <ns3:TrackPointExtension>
            <ns3:atemp>15.0</ns3:atemp>
            <ns3:cad>99</ns3:cad>
          </ns3:TrackPointExtension>
        </extensions>
      </trkpt>
      <trkpt lat="36.70096032321453094482421875" lon="137.84035407006740570068359375">
        <ele>755.79998779296875</ele>
        <time>2023-10-07T06:18:14.000Z</time>
        <extensions>
          <ns3:TrackPointExtension>
            <ns3:atemp>15.0</ns3:atemp>
            <ns3:cad>98</ns3:cad>
          </ns3:TrackPointExtension>
        </extensions>
      </trkpt>
      <trkpt lat="36.70097532682120800018310546875" lon="137.8403265774250030517578125">
        <ele>755.79998779296875</ele>
        <time>2023-10-07T06:18:15.000Z</time>
        <extensions>
          <ns3:TrackPointExtension>
            <ns3:atemp>15.0</ns3:atemp>
            <ns3:cad>99</ns3:cad>
          </ns3:TrackPointExtension>
        </extensions>
      </trkpt>
      <trkpt lat="36.7009883187711238861083984375" lon="137.840307466685771942138671875">
        <ele>755.79998779296875</ele>
        <time>2023-10-07T06:18:16.000Z</time>
        <extensions>
          <ns3:TrackPointExtension>
            <ns3:atemp>15.0</ns3:atemp>
            <ns3:cad>81</ns3:cad>
          </ns3:TrackPointExtension>
        </extensions>
      </trkpt>
      <trkpt lat="36.70099762268364429473876953125" lon="137.84029481001198291778564453125">
        <ele>756</ele>
        <time>2023-10-07T06:18:17.000Z</time>
        <extensions>
          <ns3:TrackPointExtension>
            <ns3:atemp>15.0</ns3:atemp>
            <ns3:cad>76</ns3:cad>
          </ns3:TrackPointExtension>
        </extensions>
      </trkpt>
      <trkpt lat="36.70100701041519641876220703125" lon="137.84028165042400360107421875">
        <ele>756</ele>
        <time>2023-10-07T06:18:18.000Z</time>
        <extensions>
          <ns3:TrackPointExtension>
            <ns3:atemp>15.0</ns3:atemp>
            <ns3:cad>75</ns3:cad>
          </ns3:TrackPointExtension>
        </extensions>
      </trkpt>
      <trkpt lat="36.701014973223209381103515625" lon="137.840268909931182861328125">
        <ele>756</ele>
        <time>2023-10-07T06:18:19.000Z</time>
        <extensions>
          <ns3:TrackPointExtension>
            <ns3:atemp>15.0</ns3:atemp>
            <ns3:cad>71</ns3:cad>
          </ns3:TrackPointExtension>
        </extensions>
      </trkpt>
      <trkpt lat="36.7010211758315563201904296875" lon="137.840259857475757598876953125">
        <ele>756.5999755859375</ele>
        <time>2023-10-07T06:18:20.000Z</time>
        <extensions>
          <ns3:TrackPointExtension>
            <ns3:atemp>15.0</ns3:atemp>
            <ns3:cad>69</ns3:cad>
          </ns3:TrackPointExtension>
        </extensions>
      </trkpt>
      <trkpt lat="36.70102779753506183624267578125" lon="137.840253822505474090576171875">
        <ele>756.79998779296875</ele>
        <time>2023-10-07T06:18:21.000Z</time>
        <extensions>
          <ns3:TrackPointExtension>
            <ns3:atemp>15.0</ns3:atemp>
            <ns3:cad>71</ns3:cad>
          </ns3:TrackPointExtension>
        </extensions>
      </trkpt>
      <trkpt lat="36.70103953219950199127197265625" lon="137.84025239758193492889404296875">
        <ele>757.4000244140625</ele>
        <time>2023-10-07T06:18:22.000Z</time>
        <extensions>
          <ns3:TrackPointExtension>
            <ns3:atemp>15.0</ns3:atemp>
            <ns3:cad>73</ns3:cad>
          </ns3:TrackPointExtension>
        </extensions>
      </trkpt>
      <trkpt lat="36.7010563798248767852783203125" lon="137.84025080502033233642578125">
        <ele>757.5999755859375</ele>
        <time>2023-10-07T06:18:23.000Z</time>
        <extensions>
          <ns3:TrackPointExtension>
            <ns3:atemp>15.0</ns3:atemp>
            <ns3:cad>76</ns3:cad>
          </ns3:TrackPointExtension>
        </extensions>
      </trkpt>
      <trkpt lat="36.70107808895409107208251953125" lon="137.84024544060230255126953125">
        <ele>758</ele>
        <time>2023-10-07T06:18:24.000Z</time>
        <extensions>
          <ns3:TrackPointExtension>
            <ns3:atemp>15.0</ns3:atemp>
            <ns3:cad>81</ns3:cad>
          </ns3:TrackPointExtension>
        </extensions>
      </trkpt>
      <trkpt lat="36.701100133359432220458984375" lon="137.84023731015622615814208984375">
        <ele>758.20001220703125</ele>
        <time>2023-10-07T06:18:25.000Z</time>
        <extensions>
          <ns3:TrackPointExtension>
            <ns3:atemp>15.0</ns3:atemp>
            <ns3:cad>86</ns3:cad>
          </ns3:TrackPointExtension>
        </extensions>
      </trkpt>
      <trkpt lat="36.70111597515642642974853515625" lon="137.8402273356914520263671875">
        <ele>758.79998779296875</ele>
        <time>2023-10-07T06:18:26.000Z</time>
        <extensions>
          <ns3:TrackPointExtension>
            <ns3:atemp>15.0</ns3:atemp>
            <ns3:cad>84</ns3:cad>
          </ns3:TrackPointExtension>
        </extensions>
      </trkpt>
      <trkpt lat="36.70113332569599151611328125" lon="137.84021166153252124786376953125">
        <ele>759</ele>
        <time>2023-10-07T06:18:27.000Z</time>
        <extensions>
          <ns3:TrackPointExtension>
            <ns3:atemp>15.0</ns3:atemp>
            <ns3:cad>81</ns3:cad>
          </ns3:TrackPointExtension>
        </extensions>
      </trkpt>
      <trkpt lat="36.7011536099016666412353515625" lon="137.840198837220668792724609375">
        <ele>759.4000244140625</ele>
        <time>2023-10-07T06:18:28.000Z</time>
        <extensions>
          <ns3:TrackPointExtension>
            <ns3:atemp>15.0</ns3:atemp>
            <ns3:cad>91</ns3:cad>
          </ns3:TrackPointExtension>
        </extensions>
      </trkpt>
      <trkpt lat="36.7011742293834686279296875" lon="137.840188108384609222412109375">
        <ele>759.5999755859375</ele>
        <time>2023-10-07T06:18:29.000Z</time>
        <extensions>
          <ns3:TrackPointExtension>
            <ns3:atemp>15.0</ns3:atemp>
            <ns3:cad>85</ns3:cad>
          </ns3:TrackPointExtension>
        </extensions>
      </trkpt>
      <trkpt lat="36.70118696987628936767578125" lon="137.84017913974821567535400390625">
        <ele>759.79998779296875</ele>
        <time>2023-10-07T06:18:30.000Z</time>
        <extensions>
          <ns3:TrackPointExtension>
            <ns3:atemp>15.0</ns3:atemp>
            <ns3:cad>86</ns3:cad>
          </ns3:TrackPointExtension>
        </extensions>
      </trkpt>
      <trkpt lat="36.7011961899697780609130859375" lon="137.840170674026012420654296875">
        <ele>760</ele>
        <time>2023-10-07T06:18:31.000Z</time>
        <extensions>
          <ns3:TrackPointExtension>
            <ns3:atemp>15.0</ns3:atemp>
            <ns3:cad>81</ns3:cad>
          </ns3:TrackPointExtension>
        </extensions>
      </trkpt>
      <trkpt lat="36.701199710369110107421875" lon="137.84016824327409267425537109375">
        <ele>760.4000244140625</ele>
        <time>2023-10-07T06:18:32.000Z</time>
        <extensions>
          <ns3:TrackPointExtension>
            <ns3:atemp>15.0</ns3:atemp>
            <ns3:cad>80</ns3:cad>
          </ns3:TrackPointExtension>
        </extensions>
      </trkpt>
      <trkpt lat="36.70121253468096256256103515625" lon="137.84016572870314121246337890625">
        <ele>760.5999755859375</ele>
        <time>2023-10-07T06:18:33.000Z</time>
        <extensions>
          <ns3:TrackPointExtension>
            <ns3:atemp>15.0</ns3:atemp>
            <ns3:cad>79</ns3:cad>
          </ns3:TrackPointExtension>
        </extensions>
      </trkpt>
      <trkpt lat="36.70122343115508556365966796875" lon="137.84017142839729785919189453125">
        <ele>760.79998779296875</ele>
        <time>2023-10-07T06:18:34.000Z</time>
        <extensions>
          <ns3:TrackPointExtension>
            <ns3:atemp>15.0</ns3:atemp>
            <ns3:cad>86</ns3:cad>
          </ns3:TrackPointExtension>
        </extensions>
      </trkpt>
      <trkpt lat="36.70123793184757232666015625" lon="137.8401752002537250518798828125">
        <ele>761</ele>
        <time>2023-10-07T06:18:35.000Z</time>
        <extensions>
          <ns3:TrackPointExtension>
            <ns3:atemp>15.0</ns3:atemp>
            <ns3:cad>77</ns3:cad>
          </ns3:TrackPointExtension>
        </extensions>
      </trkpt>
      <trkpt lat="36.70124195516109466552734375" lon="137.8401795588433742523193359375">
        <ele>761.20001220703125</ele>
        <time>2023-10-07T06:18:36.000Z</time>
        <extensions>
          <ns3:TrackPointExtension>
            <ns3:atemp>15.0</ns3:atemp>
            <ns3:cad>90</ns3:cad>
          </ns3:TrackPointExtension>
        </extensions>
      </trkpt>
      <trkpt lat="36.70124195516109466552734375" lon="137.8401795588433742523193359375">
        <ele>761.79998779296875</ele>
        <time>2023-10-07T06:18:37.000Z</time>
        <extensions>
          <ns3:TrackPointExtension>
            <ns3:atemp>15.0</ns3:atemp>
            <ns3:cad>84</ns3:cad>
          </ns3:TrackPointExtension>
        </extensions>
      </trkpt>
      <trkpt lat="36.70124195516109466552734375" lon="137.8401795588433742523193359375">
        <ele>762.20001220703125</ele>
        <time>2023-10-07T06:18:38.000Z</time>
        <extensions>
          <ns3:TrackPointExtension>
            <ns3:atemp>15.0</ns3:atemp>
            <ns3:cad>84</ns3:cad>
          </ns3:TrackPointExtension>
        </extensions>
      </trkpt>
      <trkpt lat="36.70124195516109466552734375" lon="137.8401795588433742523193359375">
        <ele>762.4000244140625</ele>
        <time>2023-10-07T06:18:39.000Z</time>
        <extensions>
          <ns3:TrackPointExtension>
            <ns3:atemp>15.0</ns3:atemp>
            <ns3:cad>78</ns3:cad>
          </ns3:TrackPointExtension>
        </extensions>
      </trkpt>
      <trkpt lat="36.701261736452579498291015625" lon="137.840189449489116668701171875">
        <ele>762.79998779296875</ele>
        <time>2023-10-07T06:18:40.000Z</time>
        <extensions>
          <ns3:TrackPointExtension>
            <ns3:atemp>15.0</ns3:atemp>
            <ns3:cad>76</ns3:cad>
          </ns3:TrackPointExtension>
        </extensions>
      </trkpt>
      <trkpt lat="36.70128528960049152374267578125" lon="137.840202860534191131591796875">
        <ele>763</ele>
        <time>2023-10-07T06:18:41.000Z</time>
        <extensions>
          <ns3:TrackPointExtension>
            <ns3:atemp>15.0</ns3:atemp>
            <ns3:cad>77</ns3:cad>
          </ns3:TrackPointExtension>
        </extensions>
      </trkpt>
      <trkpt lat="36.70128889381885528564453125" lon="137.84020545892417430877685546875">
        <ele>763.4000244140625</ele>
        <time>2023-10-07T06:18:42.000Z</time>
        <extensions>
          <ns3:TrackPointExtension>
            <ns3:atemp>15.0</ns3:atemp>
            <ns3:cad>79</ns3:cad>
          </ns3:TrackPointExtension>
        </extensions>
      </trkpt>
      <trkpt lat="36.70128889381885528564453125" lon="137.84020545892417430877685546875">
        <ele>763.5999755859375</ele>
        <time>2023-10-07T06:18:43.000Z</time>
        <extensions>
          <ns3:TrackPointExtension>
            <ns3:atemp>15.0</ns3:atemp>
            <ns3:cad>77</ns3:cad>
          </ns3:TrackPointExtension>
        </extensions>
      </trkpt>
      <trkpt lat="36.70128889381885528564453125" lon="137.84020545892417430877685546875">
        <ele>764</ele>
        <time>2023-10-07T06:18:44.000Z</time>
        <extensions>
          <ns3:TrackPointExtension>
            <ns3:atemp>15.0</ns3:atemp>
            <ns3:cad>77</ns3:cad>
          </ns3:TrackPointExtension>
        </extensions>
      </trkpt>
      <trkpt lat="36.70130901038646697998046875" lon="137.84020118415355682373046875">
        <ele>764.5999755859375</ele>
        <time>2023-10-07T06:18:45.000Z</time>
        <extensions>
          <ns3:TrackPointExtension>
            <ns3:atemp>15.0</ns3:atemp>
            <ns3:cad>77</ns3:cad>
          </ns3:TrackPointExtension>
        </extensions>
      </trkpt>
      <trkpt lat="36.70132669620215892791748046875" lon="137.8401990048587322235107421875">
        <ele>765.20001220703125</ele>
        <time>2023-10-07T06:18:46.000Z</time>
        <extensions>
          <ns3:TrackPointExtension>
            <ns3:atemp>15.0</ns3:atemp>
            <ns3:cad>0</ns3:cad>
          </ns3:TrackPointExtension>
        </extensions>
      </trkpt>
      <trkpt lat="36.7013490758836269378662109375" lon="137.84019305370748043060302734375">
        <ele>765.5999755859375</ele>
        <time>2023-10-07T06:18:47.000Z</time>
        <extensions>
          <ns3:TrackPointExtension>
            <ns3:atemp>15.0</ns3:atemp>
            <ns3:cad>74</ns3:cad>
          </ns3:TrackPointExtension>
        </extensions>
      </trkpt>
      <trkpt lat="36.701352931559085845947265625" lon="137.84019372425973415374755859375">
        <ele>765.79998779296875</ele>
        <time>2023-10-07T06:18:48.000Z</time>
        <extensions>
          <ns3:TrackPointExtension>
            <ns3:atemp>15.0</ns3:atemp>
            <ns3:cad>82</ns3:cad>
          </ns3:TrackPointExtension>
        </extensions>
      </trkpt>
      <trkpt lat="36.70140288770198822021484375" lon="137.84020042978227138519287109375">
        <ele>766.20001220703125</ele>
        <time>2023-10-07T06:18:49.000Z</time>
        <extensions>
          <ns3:TrackPointExtension>
            <ns3:atemp>15.0</ns3:atemp>
            <ns3:cad>95</ns3:cad>
          </ns3:TrackPointExtension>
        </extensions>
      </trkpt>
      <trkpt lat="36.70143767260015010833740234375" lon="137.8401871025562286376953125">
        <ele>766.4000244140625</ele>
        <time>2023-10-07T06:18:50.000Z</time>
        <extensions>
          <ns3:TrackPointExtension>
            <ns3:atemp>15.0</ns3:atemp>
            <ns3:cad>104</ns3:cad>
          </ns3:TrackPointExtension>
        </extensions>
      </trkpt>
      <trkpt lat="36.701458208262920379638671875" lon="137.8401517309248447418212890625">
        <ele>767</ele>
        <time>2023-10-07T06:18:51.000Z</time>
        <extensions>
          <ns3:TrackPointExtension>
            <ns3:atemp>15.0</ns3:atemp>
            <ns3:cad>100</ns3:cad>
          </ns3:TrackPointExtension>
        </extensions>
      </trkpt>
      <trkpt lat="36.70145812444388866424560546875" lon="137.84011309035122394561767578125">
        <ele>767</ele>
        <time>2023-10-07T06:18:52.000Z</time>
        <extensions>
          <ns3:TrackPointExtension>
            <ns3:atemp>15.0</ns3:atemp>
            <ns3:cad>93</ns3:cad>
          </ns3:TrackPointExtension>
        </extensions>
      </trkpt>
      <trkpt lat="36.701466925442218780517578125" lon="137.84008442424237728118896484375">
        <ele>767.4000244140625</ele>
        <time>2023-10-07T06:18:53.000Z</time>
        <extensions>
          <ns3:TrackPointExtension>
            <ns3:atemp>15.0</ns3:atemp>
            <ns3:cad>94</ns3:cad>
          </ns3:TrackPointExtension>
        </extensions>
      </trkpt>
      <trkpt lat="36.701531969010829925537109375" lon="137.840063385665416717529296875">
        <ele>767.5999755859375</ele>
        <time>2023-10-07T06:18:54.000Z</time>
        <extensions>
          <ns3:TrackPointExtension>
            <ns3:atemp>15.0</ns3:atemp>
            <ns3:cad>85</ns3:cad>
          </ns3:TrackPointExtension>
        </extensions>
      </trkpt>
      <trkpt lat="36.701533980667591094970703125" lon="137.840042598545551300048828125">
        <ele>767.79998779296875</ele>
        <time>2023-10-07T06:18:55.000Z</time>
        <extensions>
          <ns3:TrackPointExtension>
            <ns3:atemp>15.0</ns3:atemp>
            <ns3:cad>88</ns3:cad>
          </ns3:TrackPointExtension>
        </extensions>
      </trkpt>
      <trkpt lat="36.701575219631195068359375" lon="137.84003631211817264556884765625">
        <ele>768.20001220703125</ele>
        <time>2023-10-07T06:18:56.000Z</time>
        <extensions>
          <ns3:TrackPointExtension>
            <ns3:atemp>15.0</ns3:atemp>
            <ns3:cad>94</ns3:cad>
          </ns3:TrackPointExtension>
        </extensions>
      </trkpt>
      <trkpt lat="36.70162282884120941162109375" lon="137.8400340490043163299560546875">
        <ele>768.5999755859375</ele>
        <time>2023-10-07T06:18:57.000Z</time>
        <extensions>
          <ns3:TrackPointExtension>
            <ns3:atemp>15.0</ns3:atemp>
            <ns3:cad>95</ns3:cad>
          </ns3:TrackPointExtension>
        </extensions>
      </trkpt>
      <trkpt lat="36.7016089148819446563720703125" lon="137.84000697545707225799560546875">
        <ele>769.4000244140625</ele>
        <time>2023-10-07T06:18:58.000Z</time>
        <extensions>
          <ns3:TrackPointExtension>
            <ns3:atemp>15.0</ns3:atemp>
            <ns3:cad>100</ns3:cad>
          </ns3:TrackPointExtension>
        </extensions>
      </trkpt>
      <trkpt lat="36.7016156204044818878173828125" lon="137.83999037928879261016845703125">
        <ele>769.5999755859375</ele>
        <time>2023-10-07T06:18:59.000Z</time>
        <extensions>
          <ns3:TrackPointExtension>
            <ns3:atemp>15.0</ns3:atemp>
            <ns3:cad>110</ns3:cad>
          </ns3:TrackPointExtension>
        </extensions>
      </trkpt>
      <trkpt lat="36.7016122676432132720947265625" lon="137.83996774815022945404052734375">
        <ele>769.79998779296875</ele>
        <time>2023-10-07T06:19:00.000Z</time>
        <extensions>
          <ns3:TrackPointExtension>
            <ns3:atemp>15.0</ns3:atemp>
            <ns3:cad>88</ns3:cad>
          </ns3:TrackPointExtension>
        </extensions>
      </trkpt>
      <trkpt lat="36.7016035504639148712158203125" lon="137.8399478830397129058837890625">
        <ele>769.79998779296875</ele>
        <time>2023-10-07T06:19:01.000Z</time>
        <extensions>
          <ns3:TrackPointExtension>
            <ns3:atemp>15.0</ns3:atemp>
            <ns3:cad>92</ns3:cad>
          </ns3:TrackPointExtension>
        </extensions>
      </trkpt>
      <trkpt lat="36.70159508474171161651611328125" lon="137.8399200551211833953857421875">
        <ele>770</ele>
        <time>2023-10-07T06:19:02.000Z</time>
        <extensions>
          <ns3:TrackPointExtension>
            <ns3:atemp>15.0</ns3:atemp>
            <ns3:cad>94</ns3:cad>
          </ns3:TrackPointExtension>
        </extensions>
      </trkpt>
      <trkpt lat="36.70159642584621906280517578125" lon="137.8398999385535717010498046875">
        <ele>770.20001220703125</ele>
        <time>2023-10-07T06:19:03.000Z</time>
        <extensions>
          <ns3:TrackPointExtension>
            <ns3:atemp>15.0</ns3:atemp>
            <ns3:cad>86</ns3:cad>
          </ns3:TrackPointExtension>
        </extensions>
      </trkpt>
      <trkpt lat="36.7016196437180042266845703125" lon="137.839875631034374237060546875">
        <ele>770.5999755859375</ele>
        <time>2023-10-07T06:19:04.000Z</time>
        <extensions>
          <ns3:TrackPointExtension>
            <ns3:atemp>15.0</ns3:atemp>
            <ns3:cad>84</ns3:cad>
          </ns3:TrackPointExtension>
        </extensions>
      </trkpt>
      <trkpt lat="36.701619140803813934326171875" lon="137.8398694284260272979736328125">
        <ele>770.79998779296875</ele>
        <time>2023-10-07T06:19:05.000Z</time>
        <extensions>
          <ns3:TrackPointExtension>
            <ns3:atemp>15.0</ns3:atemp>
            <ns3:cad>91</ns3:cad>
          </ns3:TrackPointExtension>
        </extensions>
      </trkpt>
      <trkpt lat="36.701619140803813934326171875" lon="137.8398694284260272979736328125">
        <ele>771.4000244140625</ele>
        <time>2023-10-07T06:19:06.000Z</time>
        <extensions>
          <ns3:TrackPointExtension>
            <ns3:atemp>15.0</ns3:atemp>
            <ns3:cad>85</ns3:cad>
          </ns3:TrackPointExtension>
        </extensions>
      </trkpt>
      <trkpt lat="36.701619140803813934326171875" lon="137.8398694284260272979736328125">
        <ele>771.5999755859375</ele>
        <time>2023-10-07T06:19:07.000Z</time>
        <extensions>
          <ns3:TrackPointExtension>
            <ns3:atemp>15.0</ns3:atemp>
            <ns3:cad>85</ns3:cad>
          </ns3:TrackPointExtension>
        </extensions>
      </trkpt>
      <trkpt lat="36.701619140803813934326171875" lon="137.8398694284260272979736328125">
        <ele>772</ele>
        <time>2023-10-07T06:19:08.000Z</time>
        <extensions>
          <ns3:TrackPointExtension>
            <ns3:atemp>15.0</ns3:atemp>
            <ns3:cad>81</ns3:cad>
          </ns3:TrackPointExtension>
        </extensions>
      </trkpt>
      <trkpt lat="36.70162551105022430419921875" lon="137.8398576937615871429443359375">
        <ele>772.4000244140625</ele>
        <time>2023-10-07T06:19:09.000Z</time>
        <extensions>
          <ns3:TrackPointExtension>
            <ns3:atemp>15.0</ns3:atemp>
            <ns3:cad>85</ns3:cad>
          </ns3:TrackPointExtension>
        </extensions>
      </trkpt>
      <trkpt lat="36.70164001174271106719970703125" lon="137.83984755165874958038330078125">
        <ele>772.5999755859375</ele>
        <time>2023-10-07T06:19:10.000Z</time>
        <extensions>
          <ns3:TrackPointExtension>
            <ns3:atemp>15.0</ns3:atemp>
            <ns3:cad>88</ns3:cad>
          </ns3:TrackPointExtension>
        </extensions>
      </trkpt>
      <trkpt lat="36.70164168812334537506103515625" lon="137.83984486944973468780517578125">
        <ele>773</ele>
        <time>2023-10-07T06:19:11.000Z</time>
        <extensions>
          <ns3:TrackPointExtension>
            <ns3:atemp>15.0</ns3:atemp>
            <ns3:cad>92</ns3:cad>
          </ns3:TrackPointExtension>
        </extensions>
      </trkpt>
      <trkpt lat="36.701661385595798492431640625" lon="137.839846126735210418701171875">
        <ele>773.20001220703125</ele>
        <time>2023-10-07T06:19:12.000Z</time>
        <extensions>
          <ns3:TrackPointExtension>
            <ns3:atemp>15.0</ns3:atemp>
            <ns3:cad>104</ns3:cad>
          </ns3:TrackPointExtension>
        </extensions>
      </trkpt>
      <trkpt lat="36.70166633091866970062255859375" lon="137.8398442827165126800537109375">
        <ele>773.4000244140625</ele>
        <time>2023-10-07T06:19:13.000Z</time>
        <extensions>
          <ns3:TrackPointExtension>
            <ns3:atemp>15.0</ns3:atemp>
            <ns3:cad>92</ns3:cad>
          </ns3:TrackPointExtension>
        </extensions>
      </trkpt>
      <trkpt lat="36.7016999423503875732421875" lon="137.83983707427978515625">
        <ele>773.79998779296875</ele>
        <time>2023-10-07T06:19:14.000Z</time>
        <extensions>
          <ns3:TrackPointExtension>
            <ns3:atemp>15.0</ns3:atemp>
            <ns3:cad>92</ns3:cad>
          </ns3:TrackPointExtension>
        </extensions>
      </trkpt>
      <trkpt lat="36.7017255909740924835205078125" lon="137.83982911147177219390869140625">
        <ele>774.20001220703125</ele>
        <time>2023-10-07T06:19:15.000Z</time>
        <extensions>
          <ns3:TrackPointExtension>
            <ns3:atemp>15.0</ns3:atemp>
            <ns3:cad>89</ns3:cad>
          </ns3:TrackPointExtension>
        </extensions>
      </trkpt>
      <trkpt lat="36.70176674611866474151611328125" lon="137.83981670625507831573486328125">
        <ele>774.5999755859375</ele>
        <time>2023-10-07T06:19:16.000Z</time>
        <extensions>
          <ns3:TrackPointExtension>
            <ns3:atemp>15.0</ns3:atemp>
            <ns3:cad>86</ns3:cad>
          </ns3:TrackPointExtension>
        </extensions>
      </trkpt>
      <trkpt lat="36.70181754045188426971435546875" lon="137.83980899490416049957275390625">
        <ele>774.5999755859375</ele>
        <time>2023-10-07T06:19:17.000Z</time>
        <extensions>
          <ns3:TrackPointExtension>
            <ns3:atemp>15.0</ns3:atemp>
            <ns3:cad>86</ns3:cad>
          </ns3:TrackPointExtension>
        </extensions>
      </trkpt>
      <trkpt lat="36.70182290486991405487060546875" lon="137.83980555832386016845703125">
        <ele>775</ele>
        <time>2023-10-07T06:19:18.000Z</time>
        <extensions>
          <ns3:TrackPointExtension>
            <ns3:atemp>15.0</ns3:atemp>
            <ns3:cad>82</ns3:cad>
          </ns3:TrackPointExtension>
        </extensions>
      </trkpt>
      <trkpt lat="36.70182759873569011688232421875" lon="137.839774377644062042236328125">
        <ele>775.20001220703125</ele>
        <time>2023-10-07T06:19:19.000Z</time>
        <extensions>
          <ns3:TrackPointExtension>
            <ns3:atemp>15.0</ns3:atemp>
            <ns3:cad>86</ns3:cad>
          </ns3:TrackPointExtension>
        </extensions>
      </trkpt>
      <trkpt lat="36.70182759873569011688232421875" lon="137.83976809121668338775634765625">
        <ele>775.79998779296875</ele>
        <time>2023-10-07T06:19:20.000Z</time>
        <extensions>
          <ns3:TrackPointExtension>
            <ns3:atemp>15.0</ns3:atemp>
            <ns3:cad>80</ns3:cad>
          </ns3:TrackPointExtension>
        </extensions>
      </trkpt>
      <trkpt lat="36.701824665069580078125" lon="137.8397490642964839935302734375">
        <ele>776</ele>
        <time>2023-10-07T06:19:21.000Z</time>
        <extensions>
          <ns3:TrackPointExtension>
            <ns3:atemp>15.0</ns3:atemp>
            <ns3:cad>85</ns3:cad>
          </ns3:TrackPointExtension>
        </extensions>
      </trkpt>
      <trkpt lat="36.7017882876098155975341796875" lon="137.8397245891392230987548828125">
        <ele>776.4000244140625</ele>
        <time>2023-10-07T06:19:22.000Z</time>
        <extensions>
          <ns3:TrackPointExtension>
            <ns3:atemp>14.0</ns3:atemp>
            <ns3:cad>84</ns3:cad>
          </ns3:TrackPointExtension>
        </extensions>
      </trkpt>
      <trkpt lat="36.70179021544754505157470703125" lon="137.83972106873989105224609375">
        <ele>776.5999755859375</ele>
        <time>2023-10-07T06:19:23.000Z</time>
        <extensions>
          <ns3:TrackPointExtension>
            <ns3:atemp>14.0</ns3:atemp>
            <ns3:cad>82</ns3:cad>
          </ns3:TrackPointExtension>
        </extensions>
      </trkpt>
      <trkpt lat="36.701803542673587799072265625" lon="137.83970992080867290496826171875">
        <ele>776.79998779296875</ele>
        <time>2023-10-07T06:19:24.000Z</time>
        <extensions>
          <ns3:TrackPointExtension>
            <ns3:atemp>14.0</ns3:atemp>
            <ns3:cad>85</ns3:cad>
          </ns3:TrackPointExtension>
        </extensions>
      </trkpt>
      <trkpt lat="36.70183531008660793304443359375" lon="137.8396981023252010345458984375">
        <ele>777.20001220703125</ele>
        <time>2023-10-07T06:19:25.000Z</time>
        <extensions>
          <ns3:TrackPointExtension>
            <ns3:atemp>14.0</ns3:atemp>
            <ns3:cad>88</ns3:cad>
          </ns3:TrackPointExtension>
        </extensions>
      </trkpt>
      <trkpt lat="36.70185559429228305816650390625" lon="137.83968125469982624053955078125">
        <ele>777.20001220703125</ele>
        <time>2023-10-07T06:19:26.000Z</time>
        <extensions>
          <ns3:TrackPointExtension>
            <ns3:atemp>14.0</ns3:atemp>
            <ns3:cad>88</ns3:cad>
          </ns3:TrackPointExtension>
        </extensions>
      </trkpt>
      <trkpt lat="36.7018848471343517303466796875" lon="137.839652001857757568359375">
        <ele>777.79998779296875</ele>
        <time>2023-10-07T06:19:27.000Z</time>
        <extensions>
          <ns3:TrackPointExtension>
            <ns3:atemp>14.0</ns3:atemp>
            <ns3:cad>88</ns3:cad>
          </ns3:TrackPointExtension>
        </extensions>
      </trkpt>
      <trkpt lat="36.7018875293433666229248046875" lon="137.8396461345255374908447265625">
        <ele>778.20001220703125</ele>
        <time>2023-10-07T06:19:28.000Z</time>
        <extensions>
          <ns3:TrackPointExtension>
            <ns3:atemp>14.0</ns3:atemp>
            <ns3:cad>95</ns3:cad>
          </ns3:TrackPointExtension>
        </extensions>
      </trkpt>
      <trkpt lat="36.70191963203251361846923828125" lon="137.8396089188754558563232421875">
        <ele>778.5999755859375</ele>
        <time>2023-10-07T06:19:29.000Z</time>
        <extensions>
          <ns3:TrackPointExtension>
            <ns3:atemp>14.0</ns3:atemp>
            <ns3:cad>89</ns3:cad>
          </ns3:TrackPointExtension>
        </extensions>
      </trkpt>
      <trkpt lat="36.70192633755505084991455078125" lon="137.83958218060433864593505859375">
        <ele>778.79998779296875</ele>
        <time>2023-10-07T06:19:30.000Z</time>
        <extensions>
          <ns3:TrackPointExtension>
            <ns3:atemp>14.0</ns3:atemp>
            <ns3:cad>84</ns3:cad>
          </ns3:TrackPointExtension>
        </extensions>
      </trkpt>
      <trkpt lat="36.7019187100231647491455078125" lon="137.8395549394190311431884765625">
        <ele>779.20001220703125</ele>
        <time>2023-10-07T06:19:31.000Z</time>
        <extensions>
          <ns3:TrackPointExtension>
            <ns3:atemp>14.0</ns3:atemp>
            <ns3:cad>86</ns3:cad>
          </ns3:TrackPointExtension>
        </extensions>
      </trkpt>
      <trkpt lat="36.7019252479076385498046875" lon="137.83953591249883174896240234375">
        <ele>779.4000244140625</ele>
        <time>2023-10-07T06:19:32.000Z</time>
        <extensions>
          <ns3:TrackPointExtension>
            <ns3:atemp>14.0</ns3:atemp>
            <ns3:cad>82</ns3:cad>
          </ns3:TrackPointExtension>
        </extensions>
      </trkpt>
      <trkpt lat="36.70193673111498355865478515625" lon="137.8395301289856433868408203125">
        <ele>779.4000244140625</ele>
        <time>2023-10-07T06:19:33.000Z</time>
        <extensions>
          <ns3:TrackPointExtension>
            <ns3:atemp>14.0</ns3:atemp>
            <ns3:cad>92</ns3:cad>
          </ns3:TrackPointExtension>
        </extensions>
      </trkpt>
      <trkpt lat="36.701940335333347320556640625" lon="137.8395277820527553558349609375">
        <ele>779.5999755859375</ele>
        <time>2023-10-07T06:19:34.000Z</time>
        <extensions>
          <ns3:TrackPointExtension>
            <ns3:atemp>14.0</ns3:atemp>
            <ns3:cad>85</ns3:cad>
          </ns3:TrackPointExtension>
        </extensions>
      </trkpt>
      <trkpt lat="36.701940335333347320556640625" lon="137.8395277820527553558349609375">
        <ele>780</ele>
        <time>2023-10-07T06:19:35.000Z</time>
        <extensions>
          <ns3:TrackPointExtension>
            <ns3:atemp>14.0</ns3:atemp>
            <ns3:cad>82</ns3:cad>
          </ns3:TrackPointExtension>
        </extensions>
      </trkpt>
      <trkpt lat="36.701940335333347320556640625" lon="137.8395277820527553558349609375">
        <ele>780.4000244140625</ele>
        <time>2023-10-07T06:19:36.000Z</time>
        <extensions>
          <ns3:TrackPointExtension>
            <ns3:atemp>14.0</ns3:atemp>
            <ns3:cad>82</ns3:cad>
          </ns3:TrackPointExtension>
        </extensions>
      </trkpt>
      <trkpt lat="36.7019478790462017059326171875" lon="137.83950917422771453857421875">
        <ele>780.5999755859375</ele>
        <time>2023-10-07T06:19:37.000Z</time>
        <extensions>
          <ns3:TrackPointExtension>
            <ns3:atemp>14.0</ns3:atemp>
            <ns3:cad>80</ns3:cad>
          </ns3:TrackPointExtension>
        </extensions>
      </trkpt>
      <trkpt lat="36.70194997452199459075927734375" lon="137.83950724638998508453369140625">
        <ele>781</ele>
        <time>2023-10-07T06:19:38.000Z</time>
        <extensions>
          <ns3:TrackPointExtension>
            <ns3:atemp>14.0</ns3:atemp>
            <ns3:cad>86</ns3:cad>
          </ns3:TrackPointExtension>
        </extensions>
      </trkpt>
      <trkpt lat="36.70194997452199459075927734375" lon="137.83950724638998508453369140625">
        <ele>781.4000244140625</ele>
        <time>2023-10-07T06:19:39.000Z</time>
        <extensions>
          <ns3:TrackPointExtension>
            <ns3:atemp>14.0</ns3:atemp>
            <ns3:cad>85</ns3:cad>
          </ns3:TrackPointExtension>
        </extensions>
      </trkpt>
      <trkpt lat="36.70194997452199459075927734375" lon="137.83950724638998508453369140625">
        <ele>781.79998779296875</ele>
        <time>2023-10-07T06:19:40.000Z</time>
        <extensions>
          <ns3:TrackPointExtension>
            <ns3:atemp>14.0</ns3:atemp>
            <ns3:cad>86</ns3:cad>
          </ns3:TrackPointExtension>
        </extensions>
      </trkpt>
      <trkpt lat="36.70195399783551692962646484375" lon="137.83948008902370929718017578125">
        <ele>781.79998779296875</ele>
        <time>2023-10-07T06:19:41.000Z</time>
        <extensions>
          <ns3:TrackPointExtension>
            <ns3:atemp>14.0</ns3:atemp>
            <ns3:cad>82</ns3:cad>
          </ns3:TrackPointExtension>
        </extensions>
      </trkpt>
      <trkpt lat="36.70196891762316226959228515625" lon="137.839468605816364288330078125">
        <ele>782.4000244140625</ele>
        <time>2023-10-07T06:19:42.000Z</time>
        <extensions>
          <ns3:TrackPointExtension>
            <ns3:atemp>14.0</ns3:atemp>
            <ns3:cad>95</ns3:cad>
          </ns3:TrackPointExtension>
        </extensions>
      </trkpt>
      <trkpt lat="36.70197813771665096282958984375" lon="137.8394563682377338409423828125">
        <ele>782.4000244140625</ele>
        <time>2023-10-07T06:19:43.000Z</time>
        <extensions>
          <ns3:TrackPointExtension>
            <ns3:atemp>14.0</ns3:atemp>
            <ns3:cad>90</ns3:cad>
          </ns3:TrackPointExtension>
        </extensions>
      </trkpt>
      <trkpt lat="36.701991297304630279541015625" lon="137.83944186754524707794189453125">
        <ele>782.5999755859375</ele>
        <time>2023-10-07T06:19:44.000Z</time>
        <extensions>
          <ns3:TrackPointExtension>
            <ns3:atemp>14.0</ns3:atemp>
            <ns3:cad>90</ns3:cad>
          </ns3:TrackPointExtension>
        </extensions>
      </trkpt>
      <trkpt lat="36.7019881121814250946044921875" lon="137.839420996606349945068359375">
        <ele>783</ele>
        <time>2023-10-07T06:19:45.000Z</time>
        <extensions>
          <ns3:TrackPointExtension>
            <ns3:atemp>14.0</ns3:atemp>
            <ns3:cad>94</ns3:cad>
          </ns3:TrackPointExtension>
        </extensions>
      </trkpt>
      <trkpt lat="36.70199255459010601043701171875" lon="137.83941957168281078338623046875">
        <ele>783.20001220703125</ele>
        <time>2023-10-07T06:19:46.000Z</time>
        <extensions>
          <ns3:TrackPointExtension>
            <ns3:atemp>14.0</ns3:atemp>
            <ns3:cad>90</ns3:cad>
          </ns3:TrackPointExtension>
        </extensions>
      </trkpt>
      <trkpt lat="36.70200797729194164276123046875" lon="137.8394181467592716217041015625">
        <ele>783.5999755859375</ele>
        <time>2023-10-07T06:19:47.000Z</time>
        <extensions>
          <ns3:TrackPointExtension>
            <ns3:atemp>14.0</ns3:atemp>
            <ns3:cad>110</ns3:cad>
          </ns3:TrackPointExtension>
        </extensions>
      </trkpt>
      <trkpt lat="36.70203764922916889190673828125" lon="137.8394104354083538055419921875">
        <ele>783.5999755859375</ele>
        <time>2023-10-07T06:19:48.000Z</time>
        <extensions>
          <ns3:TrackPointExtension>
            <ns3:atemp>14.0</ns3:atemp>
            <ns3:cad>112</ns3:cad>
          </ns3:TrackPointExtension>
        </extensions>
      </trkpt>
      <trkpt lat="36.7020420916378498077392578125" lon="137.83940783701837062835693359375">
        <ele>783.79998779296875</ele>
        <time>2023-10-07T06:19:49.000Z</time>
        <extensions>
          <ns3:TrackPointExtension>
            <ns3:atemp>14.0</ns3:atemp>
            <ns3:cad>55</ns3:cad>
          </ns3:TrackPointExtension>
        </extensions>
      </trkpt>
      <trkpt lat="36.7020420916378498077392578125" lon="137.83940783701837062835693359375">
        <ele>784</ele>
        <time>2023-10-07T06:19:50.000Z</time>
        <extensions>
          <ns3:TrackPointExtension>
            <ns3:atemp>14.0</ns3:atemp>
            <ns3:cad>88</ns3:cad>
          </ns3:TrackPointExtension>
        </extensions>
      </trkpt>
      <trkpt lat="36.7020420916378498077392578125" lon="137.83940783701837062835693359375">
        <ele>784.20001220703125</ele>
        <time>2023-10-07T06:19:51.000Z</time>
        <extensions>
          <ns3:TrackPointExtension>
            <ns3:atemp>14.0</ns3:atemp>
            <ns3:cad>87</ns3:cad>
          </ns3:TrackPointExtension>
        </extensions>
      </trkpt>
      <trkpt lat="36.70203764922916889190673828125" lon="137.83938319422304630279541015625">
        <ele>784.4000244140625</ele>
        <time>2023-10-07T06:19:52.000Z</time>
        <extensions>
          <ns3:TrackPointExtension>
            <ns3:atemp>14.0</ns3:atemp>
            <ns3:cad>104</ns3:cad>
          </ns3:TrackPointExtension>
        </extensions>
      </trkpt>
      <trkpt lat="36.702047623693943023681640625" lon="137.8393608145415782928466796875">
        <ele>784.79998779296875</ele>
        <time>2023-10-07T06:19:53.000Z</time>
        <extensions>
          <ns3:TrackPointExtension>
            <ns3:atemp>14.0</ns3:atemp>
            <ns3:cad>85</ns3:cad>
          </ns3:TrackPointExtension>
        </extensions>
      </trkpt>
      <trkpt lat="36.7020561732351779937744140625" lon="137.83934078179299831390380859375">
        <ele>785.4000244140625</ele>
        <time>2023-10-07T06:19:54.000Z</time>
        <extensions>
          <ns3:TrackPointExtension>
            <ns3:atemp>14.0</ns3:atemp>
            <ns3:cad>97</ns3:cad>
          </ns3:TrackPointExtension>
        </extensions>
      </trkpt>
      <trkpt lat="36.70206346549093723297119140625" lon="137.8393205814063549041748046875">
        <ele>785.79998779296875</ele>
        <time>2023-10-07T06:19:55.000Z</time>
        <extensions>
          <ns3:TrackPointExtension>
            <ns3:atemp>14.0</ns3:atemp>
            <ns3:cad>95</ns3:cad>
          </ns3:TrackPointExtension>
        </extensions>
      </trkpt>
      <trkpt lat="36.7020662315189838409423828125" lon="137.839321084320545196533203125">
        <ele>786.20001220703125</ele>
        <time>2023-10-07T06:19:56.000Z</time>
        <extensions>
          <ns3:TrackPointExtension>
            <ns3:atemp>14.0</ns3:atemp>
            <ns3:cad>89</ns3:cad>
          </ns3:TrackPointExtension>
        </extensions>
      </trkpt>
      <trkpt lat="36.70207570306956768035888671875" lon="137.83930893056094646453857421875">
        <ele>786.4000244140625</ele>
        <time>2023-10-07T06:19:57.000Z</time>
        <extensions>
          <ns3:TrackPointExtension>
            <ns3:atemp>14.0</ns3:atemp>
            <ns3:cad>86</ns3:cad>
          </ns3:TrackPointExtension>
        </extensions>
      </trkpt>
      <trkpt lat="36.70212297700345516204833984375" lon="137.8392964415252208709716796875">
        <ele>786.5999755859375</ele>
        <time>2023-10-07T06:19:58.000Z</time>
        <extensions>
          <ns3:TrackPointExtension>
            <ns3:atemp>14.0</ns3:atemp>
            <ns3:cad>104</ns3:cad>
          </ns3:TrackPointExtension>
        </extensions>
      </trkpt>
      <trkpt lat="36.70215080492198467254638671875" lon="137.8392944298684597015380859375">
        <ele>786.79998779296875</ele>
        <time>2023-10-07T06:19:59.000Z</time>
        <extensions>
          <ns3:TrackPointExtension>
            <ns3:atemp>14.0</ns3:atemp>
            <ns3:cad>97</ns3:cad>
          </ns3:TrackPointExtension>
        </extensions>
      </trkpt>
      <trkpt lat="36.70218475162982940673828125" lon="137.83929451368749141693115234375">
        <ele>787.20001220703125</ele>
        <time>2023-10-07T06:20:00.000Z</time>
        <extensions>
          <ns3:TrackPointExtension>
            <ns3:atemp>14.0</ns3:atemp>
            <ns3:cad>80</ns3:cad>
          </ns3:TrackPointExtension>
        </extensions>
      </trkpt>
      <trkpt lat="36.70221718959510326385498046875" lon="137.8392957709729671478271484375">
        <ele>787.4000244140625</ele>
        <time>2023-10-07T06:20:01.000Z</time>
        <extensions>
          <ns3:TrackPointExtension>
            <ns3:atemp>14.0</ns3:atemp>
            <ns3:cad>84</ns3:cad>
          </ns3:TrackPointExtension>
        </extensions>
      </trkpt>
      <trkpt lat="36.702244095504283905029296875" lon="137.83929317258298397064208984375">
        <ele>787.5999755859375</ele>
        <time>2023-10-07T06:20:02.000Z</time>
        <extensions>
          <ns3:TrackPointExtension>
            <ns3:atemp>14.0</ns3:atemp>
            <ns3:cad>82</ns3:cad>
          </ns3:TrackPointExtension>
        </extensions>
      </trkpt>
      <trkpt lat="36.70227318070828914642333984375" lon="137.83928764052689075469970703125">
        <ele>787.79998779296875</ele>
        <time>2023-10-07T06:20:03.000Z</time>
        <extensions>
          <ns3:TrackPointExtension>
            <ns3:atemp>14.0</ns3:atemp>
            <ns3:cad>81</ns3:cad>
          </ns3:TrackPointExtension>
        </extensions>
      </trkpt>
      <trkpt lat="36.70228390954434871673583984375" lon="137.83927691169083118438720703125">
        <ele>788</ele>
        <time>2023-10-07T06:20:04.000Z</time>
        <extensions>
          <ns3:TrackPointExtension>
            <ns3:atemp>14.0</ns3:atemp>
            <ns3:cad>85</ns3:cad>
          </ns3:TrackPointExtension>
        </extensions>
      </trkpt>
      <trkpt lat="36.70229296199977397918701171875" lon="137.839255034923553466796875">
        <ele>788.4000244140625</ele>
        <time>2023-10-07T06:20:05.000Z</time>
        <extensions>
          <ns3:TrackPointExtension>
            <ns3:atemp>14.0</ns3:atemp>
            <ns3:cad>84</ns3:cad>
          </ns3:TrackPointExtension>
        </extensions>
      </trkpt>
      <trkpt lat="36.70229631476104259490966796875" lon="137.83925210125744342803955078125">
        <ele>788.5999755859375</ele>
        <time>2023-10-07T06:20:06.000Z</time>
        <extensions>
          <ns3:TrackPointExtension>
            <ns3:atemp>14.0</ns3:atemp>
            <ns3:cad>90</ns3:cad>
          </ns3:TrackPointExtension>
        </extensions>
      </trkpt>
      <trkpt lat="36.702306456863880157470703125" lon="137.83923852257430553436279296875">
        <ele>789</ele>
        <time>2023-10-07T06:20:07.000Z</time>
        <extensions>
          <ns3:TrackPointExtension>
            <ns3:atemp>14.0</ns3:atemp>
            <ns3:cad>88</ns3:cad>
          </ns3:TrackPointExtension>
        </extensions>
      </trkpt>
      <trkpt lat="36.7023418284952640533447265625" lon="137.83922779373824596405029296875">
        <ele>789.4000244140625</ele>
        <time>2023-10-07T06:20:08.000Z</time>
        <extensions>
          <ns3:TrackPointExtension>
            <ns3:atemp>14.0</ns3:atemp>
            <ns3:cad>89</ns3:cad>
          </ns3:TrackPointExtension>
        </extensions>
      </trkpt>
      <trkpt lat="36.70236605219542980194091796875" lon="137.83922913484275341033935546875">
        <ele>789.79998779296875</ele>
        <time>2023-10-07T06:20:09.000Z</time>
        <extensions>
          <ns3:TrackPointExtension>
            <ns3:atemp>14.0</ns3:atemp>
            <ns3:cad>94</ns3:cad>
          </ns3:TrackPointExtension>
        </extensions>
      </trkpt>
      <trkpt lat="36.7023865878582000732421875" lon="137.8392300568521022796630859375">
        <ele>790</ele>
        <time>2023-10-07T06:20:10.000Z</time>
        <extensions>
          <ns3:TrackPointExtension>
            <ns3:atemp>14.0</ns3:atemp>
            <ns3:cad>82</ns3:cad>
          </ns3:TrackPointExtension>
        </extensions>
      </trkpt>
      <trkpt lat="36.7024085484445095062255859375" lon="137.83923089504241943359375">
        <ele>790.20001220703125</ele>
        <time>2023-10-07T06:20:11.000Z</time>
        <extensions>
          <ns3:TrackPointExtension>
            <ns3:atemp>14.0</ns3:atemp>
            <ns3:cad>77</ns3:cad>
          </ns3:TrackPointExtension>
        </extensions>
      </trkpt>
      <trkpt lat="36.7024202831089496612548828125" lon="137.83922351896762847900390625">
        <ele>790.4000244140625</ele>
        <time>2023-10-07T06:20:12.000Z</time>
        <extensions>
          <ns3:TrackPointExtension>
            <ns3:atemp>14.0</ns3:atemp>
            <ns3:cad>82</ns3:cad>
          </ns3:TrackPointExtension>
        </extensions>
      </trkpt>
      <trkpt lat="36.70243226923048496246337890625" lon="137.83921773545444011688232421875">
        <ele>790.5999755859375</ele>
        <time>2023-10-07T06:20:13.000Z</time>
        <extensions>
          <ns3:TrackPointExtension>
            <ns3:atemp>14.0</ns3:atemp>
            <ns3:cad>86</ns3:cad>
          </ns3:TrackPointExtension>
        </extensions>
      </trkpt>
      <trkpt lat="36.70244568027555942535400390625" lon="137.83920885063707828521728515625">
        <ele>791.20001220703125</ele>
        <time>2023-10-07T06:20:14.000Z</time>
        <extensions>
          <ns3:TrackPointExtension>
            <ns3:atemp>14.0</ns3:atemp>
            <ns3:cad>79</ns3:cad>
          </ns3:TrackPointExtension>
        </extensions>
      </trkpt>
      <trkpt lat="36.7024732567369937896728515625" lon="137.83920943737030029296875">
        <ele>791.4000244140625</ele>
        <time>2023-10-07T06:20:15.000Z</time>
        <extensions>
          <ns3:TrackPointExtension>
            <ns3:atemp>14.0</ns3:atemp>
            <ns3:cad>81</ns3:cad>
          </ns3:TrackPointExtension>
        </extensions>
      </trkpt>
      <trkpt lat="36.70250401832163333892822265625" lon="137.8392075933516025543212890625">
        <ele>791.5999755859375</ele>
        <time>2023-10-07T06:20:16.000Z</time>
        <extensions>
          <ns3:TrackPointExtension>
            <ns3:atemp>14.0</ns3:atemp>
            <ns3:cad>89</ns3:cad>
          </ns3:TrackPointExtension>
        </extensions>
      </trkpt>
      <trkpt lat="36.7025285772979259490966796875" lon="137.83920750953257083892822265625">
        <ele>791.79998779296875</ele>
        <time>2023-10-07T06:20:17.000Z</time>
        <extensions>
          <ns3:TrackPointExtension>
            <ns3:atemp>14.0</ns3:atemp>
            <ns3:cad>97</ns3:cad>
          </ns3:TrackPointExtension>
        </extensions>
      </trkpt>
      <trkpt lat="36.70256453566253185272216796875" lon="137.8391948528587818145751953125">
        <ele>792</ele>
        <time>2023-10-07T06:20:18.000Z</time>
        <extensions>
          <ns3:TrackPointExtension>
            <ns3:atemp>14.0</ns3:atemp>
            <ns3:cad>48</ns3:cad>
          </ns3:TrackPointExtension>
        </extensions>
      </trkpt>
      <trkpt lat="36.70264097861945629119873046875" lon="137.83918194472789764404296875">
        <ele>792.20001220703125</ele>
        <time>2023-10-07T06:20:19.000Z</time>
        <extensions>
          <ns3:TrackPointExtension>
            <ns3:atemp>14.0</ns3:atemp>
            <ns3:cad>86</ns3:cad>
          </ns3:TrackPointExtension>
        </extensions>
      </trkpt>
      <trkpt lat="36.70264751650393009185791015625" lon="137.83917917869985103607177734375">
        <ele>792.4000244140625</ele>
        <time>2023-10-07T06:20:20.000Z</time>
        <extensions>
          <ns3:TrackPointExtension>
            <ns3:atemp>14.0</ns3:atemp>
            <ns3:cad>106</ns3:cad>
          </ns3:TrackPointExtension>
        </extensions>
      </trkpt>
      <trkpt lat="36.702660508453845977783203125" lon="137.83917247317731380462646484375">
        <ele>792.5999755859375</ele>
        <time>2023-10-07T06:20:21.000Z</time>
        <extensions>
          <ns3:TrackPointExtension>
            <ns3:atemp>14.0</ns3:atemp>
            <ns3:cad>108</ns3:cad>
          </ns3:TrackPointExtension>
        </extensions>
      </trkpt>
      <trkpt lat="36.70267433859407901763916015625" lon="137.839160151779651641845703125">
        <ele>792.5999755859375</ele>
        <time>2023-10-07T06:20:22.000Z</time>
        <extensions>
          <ns3:TrackPointExtension>
            <ns3:atemp>14.0</ns3:atemp>
            <ns3:cad>55</ns3:cad>
          </ns3:TrackPointExtension>
        </extensions>
      </trkpt>
      <trkpt lat="36.70269546099007129669189453125" lon="137.83914229832589626312255859375">
        <ele>793</ele>
        <time>2023-10-07T06:20:23.000Z</time>
        <extensions>
          <ns3:TrackPointExtension>
            <ns3:atemp>14.0</ns3:atemp>
            <ns3:cad>92</ns3:cad>
          </ns3:TrackPointExtension>
        </extensions>
      </trkpt>
      <trkpt lat="36.70272379182279109954833984375" lon="137.839117236435413360595703125">
        <ele>793</ele>
        <time>2023-10-07T06:20:24.000Z</time>
        <extensions>
          <ns3:TrackPointExtension>
            <ns3:atemp>14.0</ns3:atemp>
            <ns3:cad>80</ns3:cad>
          </ns3:TrackPointExtension>
        </extensions>
      </trkpt>
      <trkpt lat="36.7027562297880649566650390625" lon="137.839099466800689697265625">
        <ele>793.5999755859375</ele>
        <time>2023-10-07T06:20:25.000Z</time>
        <extensions>
          <ns3:TrackPointExtension>
            <ns3:atemp>14.0</ns3:atemp>
            <ns3:cad>95</ns3:cad>
          </ns3:TrackPointExtension>
        </extensions>
      </trkpt>
      <trkpt lat="36.7027605883777141571044921875" lon="137.83909720368683338165283203125">
        <ele>794</ele>
        <time>2023-10-07T06:20:26.000Z</time>
        <extensions>
          <ns3:TrackPointExtension>
            <ns3:atemp>14.0</ns3:atemp>
            <ns3:cad>86</ns3:cad>
          </ns3:TrackPointExtension>
        </extensions>
      </trkpt>
      <trkpt lat="36.702765785157680511474609375" lon="137.8390674479305744171142578125">
        <ele>794.4000244140625</ele>
        <time>2023-10-07T06:20:27.000Z</time>
        <extensions>
          <ns3:TrackPointExtension>
            <ns3:atemp>14.0</ns3:atemp>
            <ns3:cad>90</ns3:cad>
          </ns3:TrackPointExtension>
        </extensions>
      </trkpt>
      <trkpt lat="36.702773161232471466064453125" lon="137.8390345908701419830322265625">
        <ele>794.4000244140625</ele>
        <time>2023-10-07T06:20:28.000Z</time>
        <extensions>
          <ns3:TrackPointExtension>
            <ns3:atemp>14.0</ns3:atemp>
            <ns3:cad>86</ns3:cad>
          </ns3:TrackPointExtension>
        </extensions>
      </trkpt>
      <trkpt lat="36.70277559198439121246337890625" lon="137.83903039991855621337890625">
        <ele>794.79998779296875</ele>
        <time>2023-10-07T06:20:29.000Z</time>
        <extensions>
          <ns3:TrackPointExtension>
            <ns3:atemp>14.0</ns3:atemp>
            <ns3:cad>104</ns3:cad>
          </ns3:TrackPointExtension>
        </extensions>
      </trkpt>
      <trkpt lat="36.70277559198439121246337890625" lon="137.83903039991855621337890625">
        <ele>795</ele>
        <time>2023-10-07T06:20:30.000Z</time>
        <extensions>
          <ns3:TrackPointExtension>
            <ns3:atemp>14.0</ns3:atemp>
            <ns3:cad>79</ns3:cad>
          </ns3:TrackPointExtension>
        </extensions>
      </trkpt>
      <trkpt lat="36.70277559198439121246337890625" lon="137.83903039991855621337890625">
        <ele>795.4000244140625</ele>
        <time>2023-10-07T06:20:31.000Z</time>
        <extensions>
          <ns3:TrackPointExtension>
            <ns3:atemp>14.0</ns3:atemp>
            <ns3:cad>108</ns3:cad>
          </ns3:TrackPointExtension>
        </extensions>
      </trkpt>
      <trkpt lat="36.70277559198439121246337890625" lon="137.83903039991855621337890625">
        <ele>795.79998779296875</ele>
        <time>2023-10-07T06:20:32.000Z</time>
        <extensions>
          <ns3:TrackPointExtension>
            <ns3:atemp>14.0</ns3:atemp>
            <ns3:cad>97</ns3:cad>
          </ns3:TrackPointExtension>
        </extensions>
      </trkpt>
      <trkpt lat="36.70277374796569347381591796875" lon="137.83900533802807331085205078125">
        <ele>796</ele>
        <time>2023-10-07T06:20:33.000Z</time>
        <extensions>
          <ns3:TrackPointExtension>
            <ns3:atemp>14.0</ns3:atemp>
            <ns3:cad>112</ns3:cad>
          </ns3:TrackPointExtension>
        </extensions>
      </trkpt>
      <trkpt lat="36.7027890868484973907470703125" lon="137.838981784880161285400390625">
        <ele>796.20001220703125</ele>
        <time>2023-10-07T06:20:34.000Z</time>
        <extensions>
          <ns3:TrackPointExtension>
            <ns3:atemp>14.0</ns3:atemp>
            <ns3:cad>89</ns3:cad>
          </ns3:TrackPointExtension>
        </extensions>
      </trkpt>
      <trkpt lat="36.70280375517904758453369140625" lon="137.83893794752657413482666015625">
        <ele>796.4000244140625</ele>
        <time>2023-10-07T06:20:35.000Z</time>
        <extensions>
          <ns3:TrackPointExtension>
            <ns3:atemp>14.0</ns3:atemp>
            <ns3:cad>90</ns3:cad>
          </ns3:TrackPointExtension>
        </extensions>
      </trkpt>
      <trkpt lat="36.702801994979381561279296875" lon="137.83888690173625946044921875">
        <ele>796.5999755859375</ele>
        <time>2023-10-07T06:20:36.000Z</time>
        <extensions>
          <ns3:TrackPointExtension>
            <ns3:atemp>14.0</ns3:atemp>
            <ns3:cad>93</ns3:cad>
          </ns3:TrackPointExtension>
        </extensions>
      </trkpt>
      <trkpt lat="36.70280492864549160003662109375" lon="137.83886007964611053466796875">
        <ele>797</ele>
        <time>2023-10-07T06:20:37.000Z</time>
        <extensions>
          <ns3:TrackPointExtension>
            <ns3:atemp>14.0</ns3:atemp>
            <ns3:cad>100</ns3:cad>
          </ns3:TrackPointExtension>
        </extensions>
      </trkpt>
      <trkpt lat="36.7028206028044223785400390625" lon="137.83882864750921726226806640625">
        <ele>797.4000244140625</ele>
        <time>2023-10-07T06:20:38.000Z</time>
        <extensions>
          <ns3:TrackPointExtension>
            <ns3:atemp>14.0</ns3:atemp>
            <ns3:cad>79</ns3:cad>
          </ns3:TrackPointExtension>
        </extensions>
      </trkpt>
      <trkpt lat="36.702851615846157073974609375" lon="137.83879838883876800537109375">
        <ele>797.4000244140625</ele>
        <time>2023-10-07T06:20:39.000Z</time>
        <extensions>
          <ns3:TrackPointExtension>
            <ns3:atemp>14.0</ns3:atemp>
            <ns3:cad>95</ns3:cad>
          </ns3:TrackPointExtension>
        </extensions>
      </trkpt>
      <trkpt lat="36.7028708942234516143798828125" lon="137.83876762725412845611572265625">
        <ele>797.5999755859375</ele>
        <time>2023-10-07T06:20:40.000Z</time>
        <extensions>
          <ns3:TrackPointExtension>
            <ns3:atemp>14.0</ns3:atemp>
            <ns3:cad>97</ns3:cad>
          </ns3:TrackPointExtension>
        </extensions>
      </trkpt>
      <trkpt lat="36.70286812819540500640869140625" lon="137.83874348737299442291259765625">
        <ele>798</ele>
        <time>2023-10-07T06:20:41.000Z</time>
        <extensions>
          <ns3:TrackPointExtension>
            <ns3:atemp>14.0</ns3:atemp>
            <ns3:cad>95</ns3:cad>
          </ns3:TrackPointExtension>
        </extensions>
      </trkpt>
      <trkpt lat="36.7028693854808807373046875" lon="137.83872001804411411285400390625">
        <ele>798.20001220703125</ele>
        <time>2023-10-07T06:20:42.000Z</time>
        <extensions>
          <ns3:TrackPointExtension>
            <ns3:atemp>14.0</ns3:atemp>
            <ns3:cad>89</ns3:cad>
          </ns3:TrackPointExtension>
        </extensions>
      </trkpt>
      <trkpt lat="36.7028608359396457672119140625" lon="137.8386949561536312103271484375">
        <ele>798.4000244140625</ele>
        <time>2023-10-07T06:20:43.000Z</time>
        <extensions>
          <ns3:TrackPointExtension>
            <ns3:atemp>14.0</ns3:atemp>
            <ns3:cad>98</ns3:cad>
          </ns3:TrackPointExtension>
        </extensions>
      </trkpt>
      <trkpt lat="36.70285924337804317474365234375" lon="137.838659584522247314453125">
        <ele>798.5999755859375</ele>
        <time>2023-10-07T06:20:44.000Z</time>
        <extensions>
          <ns3:TrackPointExtension>
            <ns3:atemp>14.0</ns3:atemp>
            <ns3:cad>85</ns3:cad>
          </ns3:TrackPointExtension>
        </extensions>
      </trkpt>
      <trkpt lat="36.70285589061677455902099609375" lon="137.83863033168017864227294921875">
        <ele>799</ele>
        <time>2023-10-07T06:20:45.000Z</time>
        <extensions>
          <ns3:TrackPointExtension>
            <ns3:atemp>14.0</ns3:atemp>
            <ns3:cad>73</ns3:cad>
          </ns3:TrackPointExtension>
        </extensions>
      </trkpt>
      <trkpt lat="36.7028789408504962921142578125" lon="137.83860334195196628570556640625">
        <ele>799.20001220703125</ele>
        <time>2023-10-07T06:20:46.000Z</time>
        <extensions>
          <ns3:TrackPointExtension>
            <ns3:atemp>13.0</ns3:atemp>
            <ns3:cad>79</ns3:cad>
          </ns3:TrackPointExtension>
        </extensions>
      </trkpt>
      <trkpt lat="36.70290735550224781036376953125" lon="137.838588170707225799560546875">
        <ele>799.5999755859375</ele>
        <time>2023-10-07T06:20:47.000Z</time>
        <extensions>
          <ns3:TrackPointExtension>
            <ns3:atemp>13.0</ns3:atemp>
            <ns3:cad>81</ns3:cad>
          </ns3:TrackPointExtension>
        </extensions>
      </trkpt>
      <trkpt lat="36.70292914845049381256103515625" lon="137.8385621868073940277099609375">
        <ele>799.79998779296875</ele>
        <time>2023-10-07T06:20:48.000Z</time>
        <extensions>
          <ns3:TrackPointExtension>
            <ns3:atemp>13.0</ns3:atemp>
            <ns3:cad>84</ns3:cad>
          </ns3:TrackPointExtension>
        </extensions>
      </trkpt>
      <trkpt lat="36.70293987728655338287353515625" lon="137.8385283239185810089111328125">
        <ele>799.79998779296875</ele>
        <time>2023-10-07T06:20:49.000Z</time>
        <extensions>
          <ns3:TrackPointExtension>
            <ns3:atemp>13.0</ns3:atemp>
            <ns3:cad>97</ns3:cad>
          </ns3:TrackPointExtension>
        </extensions>
      </trkpt>
      <trkpt lat="36.70292043127119541168212890625" lon="137.83847979269921779632568359375">
        <ele>800</ele>
        <time>2023-10-07T06:20:50.000Z</time>
        <extensions>
          <ns3:TrackPointExtension>
            <ns3:atemp>13.0</ns3:atemp>
            <ns3:cad>95</ns3:cad>
          </ns3:TrackPointExtension>
        </extensions>
      </trkpt>
      <trkpt lat="36.70294390060007572174072265625" lon="137.83844743855297565460205078125">
        <ele>800.20001220703125</ele>
        <time>2023-10-07T06:20:51.000Z</time>
        <extensions>
          <ns3:TrackPointExtension>
            <ns3:atemp>13.0</ns3:atemp>
            <ns3:cad>81</ns3:cad>
          </ns3:TrackPointExtension>
        </extensions>
      </trkpt>
      <trkpt lat="36.70296921394765377044677734375" lon="137.8384141623973846435546875">
        <ele>800.4000244140625</ele>
        <time>2023-10-07T06:20:52.000Z</time>
        <extensions>
          <ns3:TrackPointExtension>
            <ns3:atemp>13.0</ns3:atemp>
            <ns3:cad>87</ns3:cad>
          </ns3:TrackPointExtension>
        </extensions>
      </trkpt>
      <trkpt lat="36.702989079058170318603515625" lon="137.838389016687870025634765625">
        <ele>800.5999755859375</ele>
        <time>2023-10-07T06:20:53.000Z</time>
        <extensions>
          <ns3:TrackPointExtension>
            <ns3:atemp>13.0</ns3:atemp>
            <ns3:cad>81</ns3:cad>
          </ns3:TrackPointExtension>
        </extensions>
      </trkpt>
      <trkpt lat="36.7030066810548305511474609375" lon="137.83837820403277873992919921875">
        <ele>800.79998779296875</ele>
        <time>2023-10-07T06:20:54.000Z</time>
        <extensions>
          <ns3:TrackPointExtension>
            <ns3:atemp>13.0</ns3:atemp>
            <ns3:cad>82</ns3:cad>
          </ns3:TrackPointExtension>
        </extensions>
      </trkpt>
      <trkpt lat="36.7030276358127593994140625" lon="137.83836177550256252288818359375">
        <ele>801</ele>
        <time>2023-10-07T06:20:55.000Z</time>
        <extensions>
          <ns3:TrackPointExtension>
            <ns3:atemp>13.0</ns3:atemp>
            <ns3:cad>92</ns3:cad>
          </ns3:TrackPointExtension>
        </extensions>
      </trkpt>
      <trkpt lat="36.703050099313259124755859375" lon="137.83834853209555149078369140625">
        <ele>801</ele>
        <time>2023-10-07T06:20:56.000Z</time>
        <extensions>
          <ns3:TrackPointExtension>
            <ns3:atemp>13.0</ns3:atemp>
            <ns3:cad>81</ns3:cad>
          </ns3:TrackPointExtension>
        </extensions>
      </trkpt>
      <trkpt lat="36.70306661166250705718994140625" lon="137.83833210356533527374267578125">
        <ele>801.20001220703125</ele>
        <time>2023-10-07T06:20:57.000Z</time>
        <extensions>
          <ns3:TrackPointExtension>
            <ns3:atemp>13.0</ns3:atemp>
            <ns3:cad>82</ns3:cad>
          </ns3:TrackPointExtension>
        </extensions>
      </trkpt>
      <trkpt lat="36.70307097025215625762939453125" lon="137.83832858316600322723388671875">
        <ele>801.4000244140625</ele>
        <time>2023-10-07T06:20:58.000Z</time>
        <extensions>
          <ns3:TrackPointExtension>
            <ns3:atemp>13.0</ns3:atemp>
            <ns3:cad>92</ns3:cad>
          </ns3:TrackPointExtension>
        </extensions>
      </trkpt>
      <trkpt lat="36.7030700482428073883056640625" lon="137.8382939659059047698974609375">
        <ele>801.5999755859375</ele>
        <time>2023-10-07T06:20:59.000Z</time>
        <extensions>
          <ns3:TrackPointExtension>
            <ns3:atemp>13.0</ns3:atemp>
            <ns3:cad>90</ns3:cad>
          </ns3:TrackPointExtension>
        </extensions>
      </trkpt>
      <trkpt lat="36.7030687071382999420166015625" lon="137.83823110163211822509765625">
        <ele>801.5999755859375</ele>
        <time>2023-10-07T06:21:00.000Z</time>
        <extensions>
          <ns3:TrackPointExtension>
            <ns3:atemp>13.0</ns3:atemp>
            <ns3:cad>87</ns3:cad>
          </ns3:TrackPointExtension>
        </extensions>
      </trkpt>
      <trkpt lat="36.70304498635232448577880859375" lon="137.83817033283412456512451171875">
        <ele>801.5999755859375</ele>
        <time>2023-10-07T06:21:01.000Z</time>
        <extensions>
          <ns3:TrackPointExtension>
            <ns3:atemp>13.0</ns3:atemp>
            <ns3:cad>89</ns3:cad>
          </ns3:TrackPointExtension>
        </extensions>
      </trkpt>
      <trkpt lat="36.70306451618671417236328125" lon="137.83810780383646488189697265625">
        <ele>801.5999755859375</ele>
        <time>2023-10-07T06:21:02.000Z</time>
        <extensions>
          <ns3:TrackPointExtension>
            <ns3:atemp>13.0</ns3:atemp>
            <ns3:cad>85</ns3:cad>
          </ns3:TrackPointExtension>
        </extensions>
      </trkpt>
      <trkpt lat="36.7030978761613368988037109375" lon="137.83803932368755340576171875">
        <ele>801.79998779296875</ele>
        <time>2023-10-07T06:21:03.000Z</time>
        <extensions>
          <ns3:TrackPointExtension>
            <ns3:atemp>13.0</ns3:atemp>
            <ns3:cad>98</ns3:cad>
          </ns3:TrackPointExtension>
        </extensions>
      </trkpt>
      <trkpt lat="36.70310667715966701507568359375" lon="137.83797226846218109130859375">
        <ele>801.79998779296875</ele>
        <time>2023-10-07T06:21:04.000Z</time>
        <extensions>
          <ns3:TrackPointExtension>
            <ns3:atemp>13.0</ns3:atemp>
            <ns3:cad>78</ns3:cad>
          </ns3:TrackPointExtension>
        </extensions>
      </trkpt>
      <trkpt lat="36.7031590640544891357421875" lon="137.8379026986658573150634765625">
        <ele>801.79998779296875</ele>
        <time>2023-10-07T06:21:05.000Z</time>
        <extensions>
          <ns3:TrackPointExtension>
            <ns3:atemp>13.0</ns3:atemp>
            <ns3:cad>84</ns3:cad>
          </ns3:TrackPointExtension>
        </extensions>
      </trkpt>
      <trkpt lat="36.70320407487452030181884765625" lon="137.83783522434532642364501953125">
        <ele>801.79998779296875</ele>
        <time>2023-10-07T06:21:06.000Z</time>
        <extensions>
          <ns3:TrackPointExtension>
            <ns3:atemp>13.0</ns3:atemp>
            <ns3:cad>89</ns3:cad>
          </ns3:TrackPointExtension>
        </extensions>
      </trkpt>
      <trkpt lat="36.70329577289521694183349609375" lon="137.83777839504182338714599609375">
        <ele>802</ele>
        <time>2023-10-07T06:21:07.000Z</time>
        <extensions>
          <ns3:TrackPointExtension>
            <ns3:atemp>13.0</ns3:atemp>
            <ns3:cad>93</ns3:cad>
          </ns3:TrackPointExtension>
        </extensions>
      </trkpt>
      <trkpt lat="36.70336366631090641021728515625" lon="137.83773832954466342926025390625">
        <ele>802</ele>
        <time>2023-10-07T06:21:08.000Z</time>
        <extensions>
          <ns3:TrackPointExtension>
            <ns3:atemp>13.0</ns3:atemp>
            <ns3:cad>98</ns3:cad>
          </ns3:TrackPointExtension>
        </extensions>
      </trkpt>
      <trkpt lat="36.7034418694674968719482421875" lon="137.83769004978239536285400390625">
        <ele>802.20001220703125</ele>
        <time>2023-10-07T06:21:09.000Z</time>
        <extensions>
          <ns3:TrackPointExtension>
            <ns3:atemp>13.0</ns3:atemp>
            <ns3:cad>100</ns3:cad>
          </ns3:TrackPointExtension>
        </extensions>
      </trkpt>
      <trkpt lat="36.7035139538347721099853515625" lon="137.83766507171094417572021484375">
        <ele>802.4000244140625</ele>
        <time>2023-10-07T06:21:10.000Z</time>
        <extensions>
          <ns3:TrackPointExtension>
            <ns3:atemp>13.0</ns3:atemp>
            <ns3:cad>102</ns3:cad>
          </ns3:TrackPointExtension>
        </extensions>
      </trkpt>
      <trkpt lat="36.7035774886608123779296875" lon="137.83760807476937770843505859375">
        <ele>802.4000244140625</ele>
        <time>2023-10-07T06:21:11.000Z</time>
        <extensions>
          <ns3:TrackPointExtension>
            <ns3:atemp>13.0</ns3:atemp>
            <ns3:cad>104</ns3:cad>
          </ns3:TrackPointExtension>
        </extensions>
      </trkpt>
      <trkpt lat="36.7036188952624797821044921875" lon="137.8375754691660404205322265625">
        <ele>802.5999755859375</ele>
        <time>2023-10-07T06:21:12.000Z</time>
        <extensions>
          <ns3:TrackPointExtension>
            <ns3:atemp>13.0</ns3:atemp>
            <ns3:cad>100</ns3:cad>
          </ns3:TrackPointExtension>
        </extensions>
      </trkpt>
      <trkpt lat="36.70364814810454845428466796875" lon="137.8375372476875782012939453125">
        <ele>802.5999755859375</ele>
        <time>2023-10-07T06:21:13.000Z</time>
        <extensions>
          <ns3:TrackPointExtension>
            <ns3:atemp>13.0</ns3:atemp>
            <ns3:cad>55</ns3:cad>
          </ns3:TrackPointExtension>
        </extensions>
      </trkpt>
      <trkpt lat="36.70370397157967090606689453125" lon="137.837499193847179412841796875">
        <ele>802.5999755859375</ele>
        <time>2023-10-07T06:21:14.000Z</time>
        <extensions>
          <ns3:TrackPointExtension>
            <ns3:atemp>13.0</ns3:atemp>
            <ns3:cad>97</ns3:cad>
          </ns3:TrackPointExtension>
        </extensions>
      </trkpt>
      <trkpt lat="36.70374554581940174102783203125" lon="137.837469689548015594482421875">
        <ele>802.5999755859375</ele>
        <time>2023-10-07T06:21:15.000Z</time>
        <extensions>
          <ns3:TrackPointExtension>
            <ns3:atemp>13.0</ns3:atemp>
            <ns3:cad>97</ns3:cad>
          </ns3:TrackPointExtension>
        </extensions>
      </trkpt>
      <trkpt lat="36.7038116790354251861572265625" lon="137.837468683719635009765625">
        <ele>802.5999755859375</ele>
        <time>2023-10-07T06:21:16.000Z</time>
        <extensions>
          <ns3:TrackPointExtension>
            <ns3:atemp>13.0</ns3:atemp>
            <ns3:cad>100</ns3:cad>
          </ns3:TrackPointExtension>
        </extensions>
      </trkpt>
      <trkpt lat="36.70389189384877681732177734375" lon="137.83744110725820064544677734375">
        <ele>802.5999755859375</ele>
        <time>2023-10-07T06:21:17.000Z</time>
        <extensions>
          <ns3:TrackPointExtension>
            <ns3:atemp>13.0</ns3:atemp>
            <ns3:cad>100</ns3:cad>
          </ns3:TrackPointExtension>
        </extensions>
      </trkpt>
      <trkpt lat="36.70401670038700103759765625" lon="137.8374095074832439422607421875">
        <ele>802.5999755859375</ele>
        <time>2023-10-07T06:21:18.000Z</time>
        <extensions>
          <ns3:TrackPointExtension>
            <ns3:atemp>13.0</ns3:atemp>
            <ns3:cad>95</ns3:cad>
          </ns3:TrackPointExtension>
        </extensions>
      </trkpt>
      <trkpt lat="36.70410043559968471527099609375" lon="137.8373776562511920928955078125">
        <ele>802.5999755859375</ele>
        <time>2023-10-07T06:21:19.000Z</time>
        <extensions>
          <ns3:TrackPointExtension>
            <ns3:atemp>13.0</ns3:atemp>
            <ns3:cad>98</ns3:cad>
          </ns3:TrackPointExtension>
        </extensions>
      </trkpt>
      <trkpt lat="36.704176627099514007568359375" lon="137.837361730635166168212890625">
        <ele>802.79998779296875</ele>
        <time>2023-10-07T06:21:20.000Z</time>
        <extensions>
          <ns3:TrackPointExtension>
            <ns3:atemp>13.0</ns3:atemp>
            <ns3:cad>95</ns3:cad>
          </ns3:TrackPointExtension>
        </extensions>
      </trkpt>
      <trkpt lat="36.70424200594425201416015625" lon="137.8373520076274871826171875">
        <ele>802.79998779296875</ele>
        <time>2023-10-07T06:21:21.000Z</time>
        <extensions>
          <ns3:TrackPointExtension>
            <ns3:atemp>13.0</ns3:atemp>
            <ns3:cad>97</ns3:cad>
          </ns3:TrackPointExtension>
        </extensions>
      </trkpt>
      <trkpt lat="36.704294644296169281005859375" lon="137.83734169788658618927001953125">
        <ele>802.79998779296875</ele>
        <time>2023-10-07T06:21:22.000Z</time>
        <extensions>
          <ns3:TrackPointExtension>
            <ns3:atemp>13.0</ns3:atemp>
            <ns3:cad>93</ns3:cad>
          </ns3:TrackPointExtension>
        </extensions>
      </trkpt>
      <trkpt lat="36.7043447680771350860595703125" lon="137.83733516000211238861083984375">
        <ele>802.79998779296875</ele>
        <time>2023-10-07T06:21:23.000Z</time>
        <extensions>
          <ns3:TrackPointExtension>
            <ns3:atemp>13.0</ns3:atemp>
            <ns3:cad>93</ns3:cad>
          </ns3:TrackPointExtension>
        </extensions>
      </trkpt>
      <trkpt lat="36.704391874372959136962890625" lon="137.837336920201778411865234375">
        <ele>802.79998779296875</ele>
        <time>2023-10-07T06:21:24.000Z</time>
        <extensions>
          <ns3:TrackPointExtension>
            <ns3:atemp>13.0</ns3:atemp>
            <ns3:cad>90</ns3:cad>
          </ns3:TrackPointExtension>
        </extensions>
      </trkpt>
      <trkpt lat="36.70444124378263950347900390625" lon="137.83733901567757129669189453125">
        <ele>803</ele>
        <time>2023-10-07T06:21:25.000Z</time>
        <extensions>
          <ns3:TrackPointExtension>
            <ns3:atemp>13.0</ns3:atemp>
            <ns3:cad>93</ns3:cad>
          </ns3:TrackPointExtension>
        </extensions>
      </trkpt>
      <trkpt lat="36.70448985882103443145751953125" lon="137.837338261306285858154296875">
        <ele>802.79998779296875</ele>
        <time>2023-10-07T06:21:26.000Z</time>
        <extensions>
          <ns3:TrackPointExtension>
            <ns3:atemp>13.0</ns3:atemp>
            <ns3:cad>95</ns3:cad>
          </ns3:TrackPointExtension>
        </extensions>
      </trkpt>
      <trkpt lat="36.70454953797161579132080078125" lon="137.83732778392732143402099609375">
        <ele>803</ele>
        <time>2023-10-07T06:21:27.000Z</time>
        <extensions>
          <ns3:TrackPointExtension>
            <ns3:atemp>13.0</ns3:atemp>
            <ns3:cad>95</ns3:cad>
          </ns3:TrackPointExtension>
        </extensions>
      </trkpt>
      <trkpt lat="36.7046025954186916351318359375" lon="137.837314791977405548095703125">
        <ele>803</ele>
        <time>2023-10-07T06:21:28.000Z</time>
        <extensions>
          <ns3:TrackPointExtension>
            <ns3:atemp>13.0</ns3:atemp>
            <ns3:cad>97</ns3:cad>
          </ns3:TrackPointExtension>
        </extensions>
      </trkpt>
      <trkpt lat="36.704660095274448394775390625" lon="137.83730297349393367767333984375">
        <ele>803</ele>
        <time>2023-10-07T06:21:29.000Z</time>
        <extensions>
          <ns3:TrackPointExtension>
            <ns3:atemp>13.0</ns3:atemp>
            <ns3:cad>93</ns3:cad>
          </ns3:TrackPointExtension>
        </extensions>
      </trkpt>
      <trkpt lat="36.70472639612853527069091796875" lon="137.83728352747857570648193359375">
        <ele>803</ele>
        <time>2023-10-07T06:21:30.000Z</time>
        <extensions>
          <ns3:TrackPointExtension>
            <ns3:atemp>13.0</ns3:atemp>
            <ns3:cad>92</ns3:cad>
          </ns3:TrackPointExtension>
        </extensions>
      </trkpt>
      <trkpt lat="36.70483100228011608123779296875" lon="137.83726592548191547393798828125">
        <ele>803</ele>
        <time>2023-10-07T06:21:31.000Z</time>
        <extensions>
          <ns3:TrackPointExtension>
            <ns3:atemp>13.0</ns3:atemp>
            <ns3:cad>97</ns3:cad>
          </ns3:TrackPointExtension>
        </extensions>
      </trkpt>
      <trkpt lat="36.70489646494388580322265625" lon="137.837257795035839080810546875">
        <ele>803.20001220703125</ele>
        <time>2023-10-07T06:21:32.000Z</time>
        <extensions>
          <ns3:TrackPointExtension>
            <ns3:atemp>13.0</ns3:atemp>
            <ns3:cad>97</ns3:cad>
          </ns3:TrackPointExtension>
        </extensions>
      </trkpt>
      <trkpt lat="36.70495756901800632476806640625" lon="137.83724614419043064117431640625">
        <ele>803.20001220703125</ele>
        <time>2023-10-07T06:21:33.000Z</time>
        <extensions>
          <ns3:TrackPointExtension>
            <ns3:atemp>13.0</ns3:atemp>
            <ns3:cad>89</ns3:cad>
          </ns3:TrackPointExtension>
        </extensions>
      </trkpt>
      <trkpt lat="36.70499796979129314422607421875" lon="137.837224267423152923583984375">
        <ele>803.20001220703125</ele>
        <time>2023-10-07T06:21:34.000Z</time>
        <extensions>
          <ns3:TrackPointExtension>
            <ns3:atemp>13.0</ns3:atemp>
            <ns3:cad>90</ns3:cad>
          </ns3:TrackPointExtension>
        </extensions>
      </trkpt>
      <trkpt lat="36.70504541136324405670166015625" lon="137.837214209139347076416015625">
        <ele>803.20001220703125</ele>
        <time>2023-10-07T06:21:35.000Z</time>
        <extensions>
          <ns3:TrackPointExtension>
            <ns3:atemp>13.0</ns3:atemp>
            <ns3:cad>90</ns3:cad>
          </ns3:TrackPointExtension>
        </extensions>
      </trkpt>
      <trkpt lat="36.70509201474487781524658203125" lon="137.83720842562615871429443359375">
        <ele>803.4000244140625</ele>
        <time>2023-10-07T06:21:36.000Z</time>
        <extensions>
          <ns3:TrackPointExtension>
            <ns3:atemp>13.0</ns3:atemp>
            <ns3:cad>86</ns3:cad>
          </ns3:TrackPointExtension>
        </extensions>
      </trkpt>
      <trkpt lat="36.70514297671616077423095703125" lon="137.8371999599039554595947265625">
        <ele>803.5999755859375</ele>
        <time>2023-10-07T06:21:37.000Z</time>
        <extensions>
          <ns3:TrackPointExtension>
            <ns3:atemp>13.0</ns3:atemp>
            <ns3:cad>93</ns3:cad>
          </ns3:TrackPointExtension>
        </extensions>
      </trkpt>
      <trkpt lat="36.70521539635956287384033203125" lon="137.83717271871864795684814453125">
        <ele>803.5999755859375</ele>
        <time>2023-10-07T06:21:38.000Z</time>
        <extensions>
          <ns3:TrackPointExtension>
            <ns3:atemp>13.0</ns3:atemp>
            <ns3:cad>90</ns3:cad>
          </ns3:TrackPointExtension>
        </extensions>
      </trkpt>
      <trkpt lat="36.70528530143201351165771484375" lon="137.83714455552399158477783203125">
        <ele>803.79998779296875</ele>
        <time>2023-10-07T06:21:39.000Z</time>
        <extensions>
          <ns3:TrackPointExtension>
            <ns3:atemp>13.0</ns3:atemp>
            <ns3:cad>93</ns3:cad>
          </ns3:TrackPointExtension>
        </extensions>
      </trkpt>
      <trkpt lat="36.70536660589277744293212890625" lon="137.8371386043727397918701171875">
        <ele>803.5999755859375</ele>
        <time>2023-10-07T06:21:40.000Z</time>
        <extensions>
          <ns3:TrackPointExtension>
            <ns3:atemp>13.0</ns3:atemp>
            <ns3:cad>98</ns3:cad>
          </ns3:TrackPointExtension>
        </extensions>
      </trkpt>
      <trkpt lat="36.705425195395946502685546875" lon="137.83710482530295848846435546875">
        <ele>803.79998779296875</ele>
        <time>2023-10-07T06:21:41.000Z</time>
        <extensions>
          <ns3:TrackPointExtension>
            <ns3:atemp>13.0</ns3:atemp>
            <ns3:cad>104</ns3:cad>
          </ns3:TrackPointExtension>
        </extensions>
      </trkpt>
      <trkpt lat="36.70548110269010066986083984375" lon="137.837067358195781707763671875">
        <ele>804</ele>
        <time>2023-10-07T06:21:42.000Z</time>
        <extensions>
          <ns3:TrackPointExtension>
            <ns3:atemp>13.0</ns3:atemp>
            <ns3:cad>104</ns3:cad>
          </ns3:TrackPointExtension>
        </extensions>
      </trkpt>
      <trkpt lat="36.70552837662398815155029296875" lon="137.83703357912600040435791015625">
        <ele>804.4000244140625</ele>
        <time>2023-10-07T06:21:43.000Z</time>
        <extensions>
          <ns3:TrackPointExtension>
            <ns3:atemp>13.0</ns3:atemp>
            <ns3:cad>97</ns3:cad>
          </ns3:TrackPointExtension>
        </extensions>
      </trkpt>
      <trkpt lat="36.70556643046438694000244140625" lon="137.83699996769428253173828125">
        <ele>804.4000244140625</ele>
        <time>2023-10-07T06:21:44.000Z</time>
        <extensions>
          <ns3:TrackPointExtension>
            <ns3:atemp>13.0</ns3:atemp>
            <ns3:cad>102</ns3:cad>
          </ns3:TrackPointExtension>
        </extensions>
      </trkpt>
      <trkpt lat="36.70561655424535274505615234375" lon="137.8369724750518798828125">
        <ele>804.5999755859375</ele>
        <time>2023-10-07T06:21:45.000Z</time>
        <extensions>
          <ns3:TrackPointExtension>
            <ns3:atemp>13.0</ns3:atemp>
            <ns3:cad>104</ns3:cad>
          </ns3:TrackPointExtension>
        </extensions>
      </trkpt>
      <trkpt lat="36.7056751437485218048095703125" lon="137.8369464911520481109619140625">
        <ele>804.5999755859375</ele>
        <time>2023-10-07T06:21:46.000Z</time>
        <extensions>
          <ns3:TrackPointExtension>
            <ns3:atemp>13.0</ns3:atemp>
            <ns3:cad>102</ns3:cad>
          </ns3:TrackPointExtension>
        </extensions>
      </trkpt>
      <trkpt lat="36.7057093419134616851806640625" lon="137.83692042343318462371826171875">
        <ele>804.79998779296875</ele>
        <time>2023-10-07T06:21:47.000Z</time>
        <extensions>
          <ns3:TrackPointExtension>
            <ns3:atemp>13.0</ns3:atemp>
            <ns3:cad>95</ns3:cad>
          </ns3:TrackPointExtension>
        </extensions>
      </trkpt>
      <trkpt lat="36.70573993586003780364990234375" lon="137.8368958644568920135498046875">
        <ele>804.79998779296875</ele>
        <time>2023-10-07T06:21:48.000Z</time>
        <extensions>
          <ns3:TrackPointExtension>
            <ns3:atemp>13.0</ns3:atemp>
            <ns3:cad>92</ns3:cad>
          </ns3:TrackPointExtension>
        </extensions>
      </trkpt>
      <trkpt lat="36.7057784087955951690673828125" lon="137.8368772566318511962890625">
        <ele>805</ele>
        <time>2023-10-07T06:21:49.000Z</time>
        <extensions>
          <ns3:TrackPointExtension>
            <ns3:atemp>13.0</ns3:atemp>
            <ns3:cad>102</ns3:cad>
          </ns3:TrackPointExtension>
        </extensions>
      </trkpt>
      <trkpt lat="36.70581051148474216461181640625" lon="137.83685370348393917083740234375">
        <ele>805.20001220703125</ele>
        <time>2023-10-07T06:21:50.000Z</time>
        <extensions>
          <ns3:TrackPointExtension>
            <ns3:atemp>13.0</ns3:atemp>
            <ns3:cad>87</ns3:cad>
          </ns3:TrackPointExtension>
        </extensions>
      </trkpt>
      <trkpt lat="36.7059007845818996429443359375" lon="137.83681732602417469024658203125">
        <ele>805.4000244140625</ele>
        <time>2023-10-07T06:21:51.000Z</time>
        <extensions>
          <ns3:TrackPointExtension>
            <ns3:atemp>13.0</ns3:atemp>
            <ns3:cad>93</ns3:cad>
          </ns3:TrackPointExtension>
        </extensions>
      </trkpt>
      <trkpt lat="36.70598384924232959747314453125" lon="137.83677843399345874786376953125">
        <ele>805.5999755859375</ele>
        <time>2023-10-07T06:21:52.000Z</time>
        <extensions>
          <ns3:TrackPointExtension>
            <ns3:atemp>13.0</ns3:atemp>
            <ns3:cad>92</ns3:cad>
          </ns3:TrackPointExtension>
        </extensions>
      </trkpt>
      <trkpt lat="36.7060610465705394744873046875" lon="137.8367295674979686737060546875">
        <ele>805.5999755859375</ele>
        <time>2023-10-07T06:21:53.000Z</time>
        <extensions>
          <ns3:TrackPointExtension>
            <ns3:atemp>13.0</ns3:atemp>
            <ns3:cad>93</ns3:cad>
          </ns3:TrackPointExtension>
        </extensions>
      </trkpt>
      <trkpt lat="36.70610957778990268707275390625" lon="137.8366896696388721466064453125">
        <ele>805.5999755859375</ele>
        <time>2023-10-07T06:21:54.000Z</time>
        <extensions>
          <ns3:TrackPointExtension>
            <ns3:atemp>13.0</ns3:atemp>
            <ns3:cad>98</ns3:cad>
          </ns3:TrackPointExtension>
        </extensions>
      </trkpt>
      <trkpt lat="36.7061016149818897247314453125" lon="137.83664147369563579559326171875">
        <ele>805.5999755859375</ele>
        <time>2023-10-07T06:21:55.000Z</time>
        <extensions>
          <ns3:TrackPointExtension>
            <ns3:atemp>13.0</ns3:atemp>
            <ns3:cad>90</ns3:cad>
          </ns3:TrackPointExtension>
        </extensions>
      </trkpt>
      <trkpt lat="36.70614679343998432159423828125" lon="137.836601324379444122314453125">
        <ele>805.79998779296875</ele>
        <time>2023-10-07T06:21:56.000Z</time>
        <extensions>
          <ns3:TrackPointExtension>
            <ns3:atemp>13.0</ns3:atemp>
            <ns3:cad>87</ns3:cad>
          </ns3:TrackPointExtension>
        </extensions>
      </trkpt>
      <trkpt lat="36.7061944864690303802490234375" lon="137.83656268380582332611083984375">
        <ele>805.79998779296875</ele>
        <time>2023-10-07T06:21:57.000Z</time>
        <extensions>
          <ns3:TrackPointExtension>
            <ns3:atemp>13.0</ns3:atemp>
            <ns3:cad>90</ns3:cad>
          </ns3:TrackPointExtension>
        </extensions>
      </trkpt>
      <trkpt lat="36.70624687336385250091552734375" lon="137.836540974676609039306640625">
        <ele>806.20001220703125</ele>
        <time>2023-10-07T06:21:58.000Z</time>
        <extensions>
          <ns3:TrackPointExtension>
            <ns3:atemp>13.0</ns3:atemp>
            <ns3:cad>86</ns3:cad>
          </ns3:TrackPointExtension>
        </extensions>
      </trkpt>
      <trkpt lat="36.7062917165458202362060546875" lon="137.83652680926024913787841796875">
        <ele>806.4000244140625</ele>
        <time>2023-10-07T06:21:59.000Z</time>
        <extensions>
          <ns3:TrackPointExtension>
            <ns3:atemp>13.0</ns3:atemp>
            <ns3:cad>82</ns3:cad>
          </ns3:TrackPointExtension>
        </extensions>
      </trkpt>
      <trkpt lat="36.70633153058588504791259765625" lon="137.83650635741651058197021484375">
        <ele>806.4000244140625</ele>
        <time>2023-10-07T06:22:00.000Z</time>
        <extensions>
          <ns3:TrackPointExtension>
            <ns3:atemp>13.0</ns3:atemp>
            <ns3:cad>89</ns3:cad>
          </ns3:TrackPointExtension>
        </extensions>
      </trkpt>
      <trkpt lat="36.70637478120625019073486328125" lon="137.836486659944057464599609375">
        <ele>806.5999755859375</ele>
        <time>2023-10-07T06:22:01.000Z</time>
        <extensions>
          <ns3:TrackPointExtension>
            <ns3:atemp>13.0</ns3:atemp>
            <ns3:cad>85</ns3:cad>
          </ns3:TrackPointExtension>
        </extensions>
      </trkpt>
      <trkpt lat="36.706417612731456756591796875" lon="137.836464531719684600830078125">
        <ele>806.79998779296875</ele>
        <time>2023-10-07T06:22:02.000Z</time>
        <extensions>
          <ns3:TrackPointExtension>
            <ns3:atemp>13.0</ns3:atemp>
            <ns3:cad>82</ns3:cad>
          </ns3:TrackPointExtension>
        </extensions>
      </trkpt>
      <trkpt lat="36.706458516418933868408203125" lon="137.8364439122378826141357421875">
        <ele>806.79998779296875</ele>
        <time>2023-10-07T06:22:03.000Z</time>
        <extensions>
          <ns3:TrackPointExtension>
            <ns3:atemp>13.0</ns3:atemp>
            <ns3:cad>82</ns3:cad>
          </ns3:TrackPointExtension>
        </extensions>
      </trkpt>
      <trkpt lat="36.70650176703929901123046875" lon="137.8364187665283679962158203125">
        <ele>807</ele>
        <time>2023-10-07T06:22:04.000Z</time>
        <extensions>
          <ns3:TrackPointExtension>
            <ns3:atemp>13.0</ns3:atemp>
            <ns3:cad>84</ns3:cad>
          </ns3:TrackPointExtension>
        </extensions>
      </trkpt>
      <trkpt lat="36.706545688211917877197265625" lon="137.83639538101851940155029296875">
        <ele>807.20001220703125</ele>
        <time>2023-10-07T06:22:05.000Z</time>
        <extensions>
          <ns3:TrackPointExtension>
            <ns3:atemp>13.0</ns3:atemp>
            <ns3:cad>85</ns3:cad>
          </ns3:TrackPointExtension>
        </extensions>
      </trkpt>
      <trkpt lat="36.706589944660663604736328125" lon="137.83637325279414653778076171875">
        <ele>807.20001220703125</ele>
        <time>2023-10-07T06:22:06.000Z</time>
        <extensions>
          <ns3:TrackPointExtension>
            <ns3:atemp>13.0</ns3:atemp>
            <ns3:cad>86</ns3:cad>
          </ns3:TrackPointExtension>
        </extensions>
      </trkpt>
      <trkpt lat="36.70663185417652130126953125" lon="137.8363515436649322509765625">
        <ele>807.79998779296875</ele>
        <time>2023-10-07T06:22:07.000Z</time>
        <extensions>
          <ns3:TrackPointExtension>
            <ns3:atemp>13.0</ns3:atemp>
            <ns3:cad>93</ns3:cad>
          </ns3:TrackPointExtension>
        </extensions>
      </trkpt>
      <trkpt lat="36.70667334459722042083740234375" lon="137.83633209764957427978515625">
        <ele>808</ele>
        <time>2023-10-07T06:22:08.000Z</time>
        <extensions>
          <ns3:TrackPointExtension>
            <ns3:atemp>13.0</ns3:atemp>
            <ns3:cad>79</ns3:cad>
          </ns3:TrackPointExtension>
        </extensions>
      </trkpt>
      <trkpt lat="36.70671290718019008636474609375" lon="137.83631877042353153228759765625">
        <ele>808.20001220703125</ele>
        <time>2023-10-07T06:22:09.000Z</time>
        <extensions>
          <ns3:TrackPointExtension>
            <ns3:atemp>13.0</ns3:atemp>
            <ns3:cad>83</ns3:cad>
          </ns3:TrackPointExtension>
        </extensions>
      </trkpt>
      <trkpt lat="36.7067517153918743133544921875" lon="137.8363054431974887847900390625">
        <ele>808.5999755859375</ele>
        <time>2023-10-07T06:22:10.000Z</time>
        <extensions>
          <ns3:TrackPointExtension>
            <ns3:atemp>13.0</ns3:atemp>
            <ns3:cad>81</ns3:cad>
          </ns3:TrackPointExtension>
        </extensions>
      </trkpt>
      <trkpt lat="36.7067932896316051483154296875" lon="137.8362873382866382598876953125">
        <ele>808.5999755859375</ele>
        <time>2023-10-07T06:22:11.000Z</time>
        <extensions>
          <ns3:TrackPointExtension>
            <ns3:atemp>13.0</ns3:atemp>
            <ns3:cad>87</ns3:cad>
          </ns3:TrackPointExtension>
        </extensions>
      </trkpt>
      <trkpt lat="36.70682975091040134429931640625" lon="137.8362699039280414581298828125">
        <ele>809.4000244140625</ele>
        <time>2023-10-07T06:22:12.000Z</time>
        <extensions>
          <ns3:TrackPointExtension>
            <ns3:atemp>13.0</ns3:atemp>
            <ns3:cad>79</ns3:cad>
          </ns3:TrackPointExtension>
        </extensions>
      </trkpt>
      <trkpt lat="36.7068633623421192169189453125" lon="137.83625104464590549468994140625">
        <ele>809.5999755859375</ele>
        <time>2023-10-07T06:22:13.000Z</time>
        <extensions>
          <ns3:TrackPointExtension>
            <ns3:atemp>13.0</ns3:atemp>
            <ns3:cad>77</ns3:cad>
          </ns3:TrackPointExtension>
        </extensions>
      </trkpt>
      <trkpt lat="36.70689697377383708953857421875" lon="137.83623143099248409271240234375">
        <ele>809.79998779296875</ele>
        <time>2023-10-07T06:22:14.000Z</time>
        <extensions>
          <ns3:TrackPointExtension>
            <ns3:atemp>13.0</ns3:atemp>
            <ns3:cad>89</ns3:cad>
          </ns3:TrackPointExtension>
        </extensions>
      </trkpt>
      <trkpt lat="36.7069300822913646697998046875" lon="137.83620603382587432861328125">
        <ele>810</ele>
        <time>2023-10-07T06:22:15.000Z</time>
        <extensions>
          <ns3:TrackPointExtension>
            <ns3:atemp>13.0</ns3:atemp>
            <ns3:cad>93</ns3:cad>
          </ns3:TrackPointExtension>
        </extensions>
      </trkpt>
      <trkpt lat="36.7069597542285919189453125" lon="137.83617627806961536407470703125">
        <ele>810.20001220703125</ele>
        <time>2023-10-07T06:22:16.000Z</time>
        <extensions>
          <ns3:TrackPointExtension>
            <ns3:atemp>13.0</ns3:atemp>
            <ns3:cad>92</ns3:cad>
          </ns3:TrackPointExtension>
        </extensions>
      </trkpt>
      <trkpt lat="36.70698649249970912933349609375" lon="137.83614845015108585357666015625">
        <ele>810.4000244140625</ele>
        <time>2023-10-07T06:22:17.000Z</time>
        <extensions>
          <ns3:TrackPointExtension>
            <ns3:atemp>13.0</ns3:atemp>
            <ns3:cad>87</ns3:cad>
          </ns3:TrackPointExtension>
        </extensions>
      </trkpt>
      <trkpt lat="36.70701063238084316253662109375" lon="137.83611911348998546600341796875">
        <ele>810.79998779296875</ele>
        <time>2023-10-07T06:22:18.000Z</time>
        <extensions>
          <ns3:TrackPointExtension>
            <ns3:atemp>13.0</ns3:atemp>
            <ns3:cad>92</ns3:cad>
          </ns3:TrackPointExtension>
        </extensions>
      </trkpt>
      <trkpt lat="36.70703351497650146484375" lon="137.8360915370285511016845703125">
        <ele>811</ele>
        <time>2023-10-07T06:22:19.000Z</time>
        <extensions>
          <ns3:TrackPointExtension>
            <ns3:atemp>13.0</ns3:atemp>
            <ns3:cad>85</ns3:cad>
          </ns3:TrackPointExtension>
        </extensions>
      </trkpt>
      <trkpt lat="36.70705773867666721343994140625" lon="137.836069576442241668701171875">
        <ele>811</ele>
        <time>2023-10-07T06:22:20.000Z</time>
        <extensions>
          <ns3:TrackPointExtension>
            <ns3:atemp>13.0</ns3:atemp>
            <ns3:cad>87</ns3:cad>
          </ns3:TrackPointExtension>
        </extensions>
      </trkpt>
      <trkpt lat="36.7070822976529598236083984375" lon="137.8360492922365665435791015625">
        <ele>811.20001220703125</ele>
        <time>2023-10-07T06:22:21.000Z</time>
        <extensions>
          <ns3:TrackPointExtension>
            <ns3:atemp>13.0</ns3:atemp>
            <ns3:cad>87</ns3:cad>
          </ns3:TrackPointExtension>
        </extensions>
      </trkpt>
      <trkpt lat="36.70710719190537929534912109375" lon="137.83603177405893802642822265625">
        <ele>811.4000244140625</ele>
        <time>2023-10-07T06:22:22.000Z</time>
        <extensions>
          <ns3:TrackPointExtension>
            <ns3:atemp>13.0</ns3:atemp>
            <ns3:cad>89</ns3:cad>
          </ns3:TrackPointExtension>
        </extensions>
      </trkpt>
      <trkpt lat="36.70713745057582855224609375" lon="137.83601559698581695556640625">
        <ele>811.5999755859375</ele>
        <time>2023-10-07T06:22:23.000Z</time>
        <extensions>
          <ns3:TrackPointExtension>
            <ns3:atemp>13.0</ns3:atemp>
            <ns3:cad>87</ns3:cad>
          </ns3:TrackPointExtension>
        </extensions>
      </trkpt>
      <trkpt lat="36.7071614228188991546630859375" lon="137.835998833179473876953125">
        <ele>811.5999755859375</ele>
        <time>2023-10-07T06:22:24.000Z</time>
        <extensions>
          <ns3:TrackPointExtension>
            <ns3:atemp>13.0</ns3:atemp>
            <ns3:cad>85</ns3:cad>
          </ns3:TrackPointExtension>
        </extensions>
      </trkpt>
      <trkpt lat="36.70718698762357234954833984375" lon="137.83598936162889003753662109375">
        <ele>812</ele>
        <time>2023-10-07T06:22:25.000Z</time>
        <extensions>
          <ns3:TrackPointExtension>
            <ns3:atemp>13.0</ns3:atemp>
            <ns3:cad>86</ns3:cad>
          </ns3:TrackPointExtension>
        </extensions>
      </trkpt>
      <trkpt lat="36.70720995403826236724853515625" lon="137.83597712405025959014892578125">
        <ele>812.20001220703125</ele>
        <time>2023-10-07T06:22:26.000Z</time>
        <extensions>
          <ns3:TrackPointExtension>
            <ns3:atemp>13.0</ns3:atemp>
            <ns3:cad>82</ns3:cad>
          </ns3:TrackPointExtension>
        </extensions>
      </trkpt>
      <trkpt lat="36.7072385363280773162841796875" lon="137.83595616929233074188232421875">
        <ele>812.5999755859375</ele>
        <time>2023-10-07T06:22:27.000Z</time>
        <extensions>
          <ns3:TrackPointExtension>
            <ns3:atemp>13.0</ns3:atemp>
            <ns3:cad>86</ns3:cad>
          </ns3:TrackPointExtension>
        </extensions>
      </trkpt>
      <trkpt lat="36.707283295691013336181640625" lon="137.83593035303056240081787109375">
        <ele>813</ele>
        <time>2023-10-07T06:22:28.000Z</time>
        <extensions>
          <ns3:TrackPointExtension>
            <ns3:atemp>13.0</ns3:atemp>
            <ns3:cad>86</ns3:cad>
          </ns3:TrackPointExtension>
        </extensions>
      </trkpt>
      <trkpt lat="36.7073196731507778167724609375" lon="137.835914008319377899169921875">
        <ele>813.20001220703125</ele>
        <time>2023-10-07T06:22:29.000Z</time>
        <extensions>
          <ns3:TrackPointExtension>
            <ns3:atemp>13.0</ns3:atemp>
            <ns3:cad>84</ns3:cad>
          </ns3:TrackPointExtension>
        </extensions>
      </trkpt>
      <trkpt lat="36.70736183412373065948486328125" lon="137.8358886949717998504638671875">
        <ele>813.20001220703125</ele>
        <time>2023-10-07T06:22:30.000Z</time>
        <extensions>
          <ns3:TrackPointExtension>
            <ns3:atemp>13.0</ns3:atemp>
            <ns3:cad>77</ns3:cad>
          </ns3:TrackPointExtension>
        </extensions>
      </trkpt>
      <trkpt lat="36.70741011388599872589111328125" lon="137.8358606994152069091796875">
        <ele>813.4000244140625</ele>
        <time>2023-10-07T06:22:31.000Z</time>
        <extensions>
          <ns3:TrackPointExtension>
            <ns3:atemp>13.0</ns3:atemp>
            <ns3:cad>79</ns3:cad>
          </ns3:TrackPointExtension>
        </extensions>
      </trkpt>
      <trkpt lat="36.70743425376713275909423828125" lon="137.83583379350602626800537109375">
        <ele>813.5999755859375</ele>
        <time>2023-10-07T06:22:32.000Z</time>
        <extensions>
          <ns3:TrackPointExtension>
            <ns3:atemp>13.0</ns3:atemp>
            <ns3:cad>76</ns3:cad>
          </ns3:TrackPointExtension>
        </extensions>
      </trkpt>
      <trkpt lat="36.7074527777731418609619140625" lon="137.835809402167797088623046875">
        <ele>813.79998779296875</ele>
        <time>2023-10-07T06:22:33.000Z</time>
        <extensions>
          <ns3:TrackPointExtension>
            <ns3:atemp>13.0</ns3:atemp>
            <ns3:cad>84</ns3:cad>
          </ns3:TrackPointExtension>
        </extensions>
      </trkpt>
      <trkpt lat="36.7074812762439250946044921875" lon="137.83577830530703067779541015625">
        <ele>814.20001220703125</ele>
        <time>2023-10-07T06:22:34.000Z</time>
        <extensions>
          <ns3:TrackPointExtension>
            <ns3:atemp>13.0</ns3:atemp>
            <ns3:cad>85</ns3:cad>
          </ns3:TrackPointExtension>
        </extensions>
      </trkpt>
      <trkpt lat="36.70751673169434070587158203125" lon="137.83574377186596393585205078125">
        <ele>814.20001220703125</ele>
        <time>2023-10-07T06:22:35.000Z</time>
        <extensions>
          <ns3:TrackPointExtension>
            <ns3:atemp>13.0</ns3:atemp>
            <ns3:cad>83</ns3:cad>
          </ns3:TrackPointExtension>
        </extensions>
      </trkpt>
      <trkpt lat="36.7075449787080287933349609375" lon="137.8357123397290706634521484375">
        <ele>814.5999755859375</ele>
        <time>2023-10-07T06:22:36.000Z</time>
        <extensions>
          <ns3:TrackPointExtension>
            <ns3:atemp>13.0</ns3:atemp>
            <ns3:cad>90</ns3:cad>
          </ns3:TrackPointExtension>
        </extensions>
      </trkpt>
      <trkpt lat="36.70758697204291820526123046875" lon="137.83567369915544986724853515625">
        <ele>814.79998779296875</ele>
        <time>2023-10-07T06:22:37.000Z</time>
        <extensions>
          <ns3:TrackPointExtension>
            <ns3:atemp>13.0</ns3:atemp>
            <ns3:cad>90</ns3:cad>
          </ns3:TrackPointExtension>
        </extensions>
      </trkpt>
      <trkpt lat="36.70763424597680568695068359375" lon="137.835636399686336517333984375">
        <ele>815.4000244140625</ele>
        <time>2023-10-07T06:22:38.000Z</time>
        <extensions>
          <ns3:TrackPointExtension>
            <ns3:atemp>13.0</ns3:atemp>
            <ns3:cad>93</ns3:cad>
          </ns3:TrackPointExtension>
        </extensions>
      </trkpt>
      <trkpt lat="36.707682274281978607177734375" lon="137.8356097452342510223388671875">
        <ele>815.79998779296875</ele>
        <time>2023-10-07T06:22:39.000Z</time>
        <extensions>
          <ns3:TrackPointExtension>
            <ns3:atemp>13.0</ns3:atemp>
            <ns3:cad>85</ns3:cad>
          </ns3:TrackPointExtension>
        </extensions>
      </trkpt>
      <trkpt lat="36.7077441327273845672607421875" lon="137.835580743849277496337890625">
        <ele>816.20001220703125</ele>
        <time>2023-10-07T06:22:40.000Z</time>
        <extensions>
          <ns3:TrackPointExtension>
            <ns3:atemp>13.0</ns3:atemp>
            <ns3:cad>87</ns3:cad>
          </ns3:TrackPointExtension>
        </extensions>
      </trkpt>
      <trkpt lat="36.7078091762959957122802734375" lon="137.83552550710737705230712890625">
        <ele>816.4000244140625</ele>
        <time>2023-10-07T06:22:41.000Z</time>
        <extensions>
          <ns3:TrackPointExtension>
            <ns3:atemp>13.0</ns3:atemp>
            <ns3:cad>80</ns3:cad>
          </ns3:TrackPointExtension>
        </extensions>
      </trkpt>
      <trkpt lat="36.70785737223923206329345703125" lon="137.8354825079441070556640625">
        <ele>816.5999755859375</ele>
        <time>2023-10-07T06:22:42.000Z</time>
        <extensions>
          <ns3:TrackPointExtension>
            <ns3:atemp>13.0</ns3:atemp>
            <ns3:cad>87</ns3:cad>
          </ns3:TrackPointExtension>
        </extensions>
      </trkpt>
      <trkpt lat="36.70790364034473896026611328125" lon="137.83543213270604610443115234375">
        <ele>817</ele>
        <time>2023-10-07T06:22:43.000Z</time>
        <extensions>
          <ns3:TrackPointExtension>
            <ns3:atemp>13.0</ns3:atemp>
            <ns3:cad>81</ns3:cad>
          </ns3:TrackPointExtension>
        </extensions>
      </trkpt>
      <trkpt lat="36.70794202946126461029052734375" lon="137.835391648113727569580078125">
        <ele>817</ele>
        <time>2023-10-07T06:22:44.000Z</time>
        <extensions>
          <ns3:TrackPointExtension>
            <ns3:atemp>13.0</ns3:atemp>
            <ns3:cad>89</ns3:cad>
          </ns3:TrackPointExtension>
        </extensions>
      </trkpt>
      <trkpt lat="36.7079982720315456390380859375" lon="137.8353502415120601654052734375">
        <ele>817.4000244140625</ele>
        <time>2023-10-07T06:22:45.000Z</time>
        <extensions>
          <ns3:TrackPointExtension>
            <ns3:atemp>13.0</ns3:atemp>
            <ns3:cad>86</ns3:cad>
          </ns3:TrackPointExtension>
        </extensions>
      </trkpt>
      <trkpt lat="36.70803523622453212738037109375" lon="137.83531445078551769256591796875">
        <ele>817.4000244140625</ele>
        <time>2023-10-07T06:22:46.000Z</time>
        <extensions>
          <ns3:TrackPointExtension>
            <ns3:atemp>13.0</ns3:atemp>
            <ns3:cad>93</ns3:cad>
          </ns3:TrackPointExtension>
        </extensions>
      </trkpt>
      <trkpt lat="36.70806759037077426910400390625" lon="137.83527689985930919647216796875">
        <ele>817.79998779296875</ele>
        <time>2023-10-07T06:22:47.000Z</time>
        <extensions>
          <ns3:TrackPointExtension>
            <ns3:atemp>13.0</ns3:atemp>
            <ns3:cad>92</ns3:cad>
          </ns3:TrackPointExtension>
        </extensions>
      </trkpt>
      <trkpt lat="36.70810698531568050384521484375" lon="137.8352436237037181854248046875">
        <ele>818.20001220703125</ele>
        <time>2023-10-07T06:22:48.000Z</time>
        <extensions>
          <ns3:TrackPointExtension>
            <ns3:atemp>13.0</ns3:atemp>
            <ns3:cad>87</ns3:cad>
          </ns3:TrackPointExtension>
        </extensions>
      </trkpt>
      <trkpt lat="36.70813933946192264556884765625" lon="137.83521202392876148223876953125">
        <ele>818.20001220703125</ele>
        <time>2023-10-07T06:22:49.000Z</time>
        <extensions>
          <ns3:TrackPointExtension>
            <ns3:atemp>13.0</ns3:atemp>
            <ns3:cad>80</ns3:cad>
          </ns3:TrackPointExtension>
        </extensions>
      </trkpt>
      <trkpt lat="36.70813732780516147613525390625" lon="137.8351876325905323028564453125">
        <ele>818.5999755859375</ele>
        <time>2023-10-07T06:22:50.000Z</time>
        <extensions>
          <ns3:TrackPointExtension>
            <ns3:atemp>13.0</ns3:atemp>
            <ns3:cad>81</ns3:cad>
          </ns3:TrackPointExtension>
        </extensions>
      </trkpt>
      <trkpt lat="36.7081514932215213775634765625" lon="137.835165672004222869873046875">
        <ele>818.5999755859375</ele>
        <time>2023-10-07T06:22:51.000Z</time>
        <extensions>
          <ns3:TrackPointExtension>
            <ns3:atemp>13.0</ns3:atemp>
            <ns3:cad>79</ns3:cad>
          </ns3:TrackPointExtension>
        </extensions>
      </trkpt>
      <trkpt lat="36.70816834084689617156982421875" lon="137.83513985574245452880859375">
        <ele>818.79998779296875</ele>
        <time>2023-10-07T06:22:52.000Z</time>
        <extensions>
          <ns3:TrackPointExtension>
            <ns3:atemp>13.0</ns3:atemp>
            <ns3:cad>79</ns3:cad>
          </ns3:TrackPointExtension>
        </extensions>
      </trkpt>
      <trkpt lat="36.70818543992936611175537109375" lon="137.83511915244162082672119140625">
        <ele>819</ele>
        <time>2023-10-07T06:22:53.000Z</time>
        <extensions>
          <ns3:TrackPointExtension>
            <ns3:atemp>13.0</ns3:atemp>
            <ns3:cad>86</ns3:cad>
          </ns3:TrackPointExtension>
        </extensions>
      </trkpt>
      <trkpt lat="36.7082145251333713531494140625" lon="137.83510255627334117889404296875">
        <ele>819.4000244140625</ele>
        <time>2023-10-07T06:22:54.000Z</time>
        <extensions>
          <ns3:TrackPointExtension>
            <ns3:atemp>13.0</ns3:atemp>
            <ns3:cad>87</ns3:cad>
          </ns3:TrackPointExtension>
        </extensions>
      </trkpt>
      <trkpt lat="36.708247549831867218017578125" lon="137.83508193679153919219970703125">
        <ele>819.5999755859375</ele>
        <time>2023-10-07T06:22:55.000Z</time>
        <extensions>
          <ns3:TrackPointExtension>
            <ns3:atemp>13.0</ns3:atemp>
            <ns3:cad>92</ns3:cad>
          </ns3:TrackPointExtension>
        </extensions>
      </trkpt>
      <trkpt lat="36.70828417874872684478759765625" lon="137.83506332896649837493896484375">
        <ele>820</ele>
        <time>2023-10-07T06:22:56.000Z</time>
        <extensions>
          <ns3:TrackPointExtension>
            <ns3:atemp>13.0</ns3:atemp>
            <ns3:cad>79</ns3:cad>
          </ns3:TrackPointExtension>
        </extensions>
      </trkpt>
      <trkpt lat="36.708317957818508148193359375" lon="137.83504690043628215789794921875">
        <ele>820.20001220703125</ele>
        <time>2023-10-07T06:22:57.000Z</time>
        <extensions>
          <ns3:TrackPointExtension>
            <ns3:atemp>13.0</ns3:atemp>
            <ns3:cad>83</ns3:cad>
          </ns3:TrackPointExtension>
        </extensions>
      </trkpt>
      <trkpt lat="36.70835089869797229766845703125" lon="137.83503013662993907928466796875">
        <ele>820.20001220703125</ele>
        <time>2023-10-07T06:22:58.000Z</time>
        <extensions>
          <ns3:TrackPointExtension>
            <ns3:atemp>13.0</ns3:atemp>
            <ns3:cad>87</ns3:cad>
          </ns3:TrackPointExtension>
        </extensions>
      </trkpt>
      <trkpt lat="36.70838735997676849365234375" lon="137.8350104391574859619140625">
        <ele>820.5999755859375</ele>
        <time>2023-10-07T06:22:59.000Z</time>
        <extensions>
          <ns3:TrackPointExtension>
            <ns3:atemp>13.0</ns3:atemp>
            <ns3:cad>98</ns3:cad>
          </ns3:TrackPointExtension>
        </extensions>
      </trkpt>
      <trkpt lat="36.70842298306524753570556640625" lon="137.83499107696115970611572265625">
        <ele>821</ele>
        <time>2023-10-07T06:23:00.000Z</time>
        <extensions>
          <ns3:TrackPointExtension>
            <ns3:atemp>13.0</ns3:atemp>
            <ns3:cad>102</ns3:cad>
          </ns3:TrackPointExtension>
        </extensions>
      </trkpt>
      <trkpt lat="36.7084576003253459930419921875" lon="137.83497355878353118896484375">
        <ele>821.20001220703125</ele>
        <time>2023-10-07T06:23:01.000Z</time>
        <extensions>
          <ns3:TrackPointExtension>
            <ns3:atemp>13.0</ns3:atemp>
            <ns3:cad>93</ns3:cad>
          </ns3:TrackPointExtension>
        </extensions>
      </trkpt>
      <trkpt lat="36.70848836190998554229736328125" lon="137.8349594771862030029296875">
        <ele>821.4000244140625</ele>
        <time>2023-10-07T06:23:02.000Z</time>
        <extensions>
          <ns3:TrackPointExtension>
            <ns3:atemp>13.0</ns3:atemp>
            <ns3:cad>86</ns3:cad>
          </ns3:TrackPointExtension>
        </extensions>
      </trkpt>
      <trkpt lat="36.70851065777242183685302734375" lon="137.83495218493044376373291015625">
        <ele>821.5999755859375</ele>
        <time>2023-10-07T06:23:03.000Z</time>
        <extensions>
          <ns3:TrackPointExtension>
            <ns3:atemp>13.0</ns3:atemp>
            <ns3:cad>79</ns3:cad>
          </ns3:TrackPointExtension>
        </extensions>
      </trkpt>
      <trkpt lat="36.7085276730358600616455078125" lon="137.834946401417255401611328125">
        <ele>821.79998779296875</ele>
        <time>2023-10-07T06:23:04.000Z</time>
        <extensions>
          <ns3:TrackPointExtension>
            <ns3:atemp>13.0</ns3:atemp>
            <ns3:cad>74</ns3:cad>
          </ns3:TrackPointExtension>
        </extensions>
      </trkpt>
      <trkpt lat="36.7085461132228374481201171875" lon="137.83493592403829097747802734375">
        <ele>821.79998779296875</ele>
        <time>2023-10-07T06:23:05.000Z</time>
        <extensions>
          <ns3:TrackPointExtension>
            <ns3:atemp>13.0</ns3:atemp>
            <ns3:cad>83</ns3:cad>
          </ns3:TrackPointExtension>
        </extensions>
      </trkpt>
      <trkpt lat="36.70856773853302001953125" lon="137.834915556013584136962890625">
        <ele>822</ele>
        <time>2023-10-07T06:23:06.000Z</time>
        <extensions>
          <ns3:TrackPointExtension>
            <ns3:atemp>13.0</ns3:atemp>
            <ns3:cad>90</ns3:cad>
          </ns3:TrackPointExtension>
        </extensions>
      </trkpt>
      <trkpt lat="36.7085903696715831756591796875" lon="137.834888733923435211181640625">
        <ele>822.20001220703125</ele>
        <time>2023-10-07T06:23:07.000Z</time>
        <extensions>
          <ns3:TrackPointExtension>
            <ns3:atemp>13.0</ns3:atemp>
            <ns3:cad>86</ns3:cad>
          </ns3:TrackPointExtension>
        </extensions>
      </trkpt>
      <trkpt lat="36.7086158506572246551513671875" lon="137.834861911833286285400390625">
        <ele>822.5999755859375</ele>
        <time>2023-10-07T06:23:08.000Z</time>
        <extensions>
          <ns3:TrackPointExtension>
            <ns3:atemp>13.0</ns3:atemp>
            <ns3:cad>82</ns3:cad>
          </ns3:TrackPointExtension>
        </extensions>
      </trkpt>
      <trkpt lat="36.7086413316428661346435546875" lon="137.83483550883829593658447265625">
        <ele>822.5999755859375</ele>
        <time>2023-10-07T06:23:09.000Z</time>
        <extensions>
          <ns3:TrackPointExtension>
            <ns3:atemp>13.0</ns3:atemp>
            <ns3:cad>81</ns3:cad>
          </ns3:TrackPointExtension>
        </extensions>
      </trkpt>
      <trkpt lat="36.70865968801081180572509765625" lon="137.83482075668871402740478515625">
        <ele>822.79998779296875</ele>
        <time>2023-10-07T06:23:10.000Z</time>
        <extensions>
          <ns3:TrackPointExtension>
            <ns3:atemp>13.0</ns3:atemp>
            <ns3:cad>78</ns3:cad>
          </ns3:TrackPointExtension>
        </extensions>
      </trkpt>
      <trkpt lat="36.70867360197007656097412109375" lon="137.834802903234958648681640625">
        <ele>822.79998779296875</ele>
        <time>2023-10-07T06:23:11.000Z</time>
        <extensions>
          <ns3:TrackPointExtension>
            <ns3:atemp>13.0</ns3:atemp>
            <ns3:cad>83</ns3:cad>
          </ns3:TrackPointExtension>
        </extensions>
      </trkpt>
      <trkpt lat="36.70868919230997562408447265625" lon="137.834784798324108123779296875">
        <ele>823.20001220703125</ele>
        <time>2023-10-07T06:23:12.000Z</time>
        <extensions>
          <ns3:TrackPointExtension>
            <ns3:atemp>13.0</ns3:atemp>
            <ns3:cad>81</ns3:cad>
          </ns3:TrackPointExtension>
        </extensions>
      </trkpt>
      <trkpt lat="36.70870654284954071044921875" lon="137.83476979471743106842041015625">
        <ele>823.20001220703125</ele>
        <time>2023-10-07T06:23:13.000Z</time>
        <extensions>
          <ns3:TrackPointExtension>
            <ns3:atemp>13.0</ns3:atemp>
            <ns3:cad>86</ns3:cad>
          </ns3:TrackPointExtension>
        </extensions>
      </trkpt>
      <trkpt lat="36.70873009599745273590087890625" lon="137.83474825322628021240234375">
        <ele>823.5999755859375</ele>
        <time>2023-10-07T06:23:14.000Z</time>
        <extensions>
          <ns3:TrackPointExtension>
            <ns3:atemp>13.0</ns3:atemp>
            <ns3:cad>85</ns3:cad>
          </ns3:TrackPointExtension>
        </extensions>
      </trkpt>
      <trkpt lat="36.7087496258318424224853515625" lon="137.83473324961960315704345703125">
        <ele>823.79998779296875</ele>
        <time>2023-10-07T06:23:15.000Z</time>
        <extensions>
          <ns3:TrackPointExtension>
            <ns3:atemp>13.0</ns3:atemp>
            <ns3:cad>98</ns3:cad>
          </ns3:TrackPointExtension>
        </extensions>
      </trkpt>
      <trkpt lat="36.70876152813434600830078125" lon="137.83471916802227497100830078125">
        <ele>824</ele>
        <time>2023-10-07T06:23:16.000Z</time>
        <extensions>
          <ns3:TrackPointExtension>
            <ns3:atemp>13.0</ns3:atemp>
            <ns3:cad>90</ns3:cad>
          </ns3:TrackPointExtension>
        </extensions>
      </trkpt>
      <trkpt lat="36.708772592246532440185546875" lon="137.83470022492110729217529296875">
        <ele>824.4000244140625</ele>
        <time>2023-10-07T06:23:17.000Z</time>
        <extensions>
          <ns3:TrackPointExtension>
            <ns3:atemp>13.0</ns3:atemp>
            <ns3:cad>92</ns3:cad>
          </ns3:TrackPointExtension>
        </extensions>
      </trkpt>
      <trkpt lat="36.70878172852098941802978515625" lon="137.8346806950867176055908203125">
        <ele>824.4000244140625</ele>
        <time>2023-10-07T06:23:18.000Z</time>
        <extensions>
          <ns3:TrackPointExtension>
            <ns3:atemp>13.0</ns3:atemp>
            <ns3:cad>95</ns3:cad>
          </ns3:TrackPointExtension>
        </extensions>
      </trkpt>
      <trkpt lat="36.708794720470905303955078125" lon="137.83466041088104248046875">
        <ele>824.79998779296875</ele>
        <time>2023-10-07T06:23:19.000Z</time>
        <extensions>
          <ns3:TrackPointExtension>
            <ns3:atemp>13.0</ns3:atemp>
            <ns3:cad>92</ns3:cad>
          </ns3:TrackPointExtension>
        </extensions>
      </trkpt>
      <trkpt lat="36.70881190337240695953369140625" lon="137.83464205451309680938720703125">
        <ele>825</ele>
        <time>2023-10-07T06:23:20.000Z</time>
        <extensions>
          <ns3:TrackPointExtension>
            <ns3:atemp>13.0</ns3:atemp>
            <ns3:cad>102</ns3:cad>
          </ns3:TrackPointExtension>
        </extensions>
      </trkpt>
      <trkpt lat="36.70883453451097011566162109375" lon="137.83462177030742168426513671875">
        <ele>825.4000244140625</ele>
        <time>2023-10-07T06:23:21.000Z</time>
        <extensions>
          <ns3:TrackPointExtension>
            <ns3:atemp>13.0</ns3:atemp>
            <ns3:cad>87</ns3:cad>
          </ns3:TrackPointExtension>
        </extensions>
      </trkpt>
      <trkpt lat="36.70886655338108539581298828125" lon="137.8345931880176067352294921875">
        <ele>825.4000244140625</ele>
        <time>2023-10-07T06:23:22.000Z</time>
        <extensions>
          <ns3:TrackPointExtension>
            <ns3:atemp>13.0</ns3:atemp>
            <ns3:cad>95</ns3:cad>
          </ns3:TrackPointExtension>
        </extensions>
      </trkpt>
      <trkpt lat="36.7088948003947734832763671875" lon="137.83455790020525455474853515625">
        <ele>825.5999755859375</ele>
        <time>2023-10-07T06:23:23.000Z</time>
        <extensions>
          <ns3:TrackPointExtension>
            <ns3:atemp>13.0</ns3:atemp>
            <ns3:cad>92</ns3:cad>
          </ns3:TrackPointExtension>
        </extensions>
      </trkpt>
      <trkpt lat="36.70892036519944667816162109375" lon="137.83452336676418781280517578125">
        <ele>825.79998779296875</ele>
        <time>2023-10-07T06:23:24.000Z</time>
        <extensions>
          <ns3:TrackPointExtension>
            <ns3:atemp>13.0</ns3:atemp>
            <ns3:cad>92</ns3:cad>
          </ns3:TrackPointExtension>
        </extensions>
      </trkpt>
      <trkpt lat="36.7089387215673923492431640625" lon="137.83450006507337093353271484375">
        <ele>826</ele>
        <time>2023-10-07T06:23:25.000Z</time>
        <extensions>
          <ns3:TrackPointExtension>
            <ns3:atemp>13.0</ns3:atemp>
            <ns3:cad>87</ns3:cad>
          </ns3:TrackPointExtension>
        </extensions>
      </trkpt>
      <trkpt lat="36.70896646566689014434814453125" lon="137.8344704769551753997802734375">
        <ele>826.20001220703125</ele>
        <time>2023-10-07T06:23:26.000Z</time>
        <extensions>
          <ns3:TrackPointExtension>
            <ns3:atemp>13.0</ns3:atemp>
            <ns3:cad>92</ns3:cad>
          </ns3:TrackPointExtension>
        </extensions>
      </trkpt>
      <trkpt lat="36.70898775570094585418701171875" lon="137.83444784581661224365234375">
        <ele>826.4000244140625</ele>
        <time>2023-10-07T06:23:27.000Z</time>
        <extensions>
          <ns3:TrackPointExtension>
            <ns3:atemp>13.0</ns3:atemp>
            <ns3:cad>93</ns3:cad>
          </ns3:TrackPointExtension>
        </extensions>
      </trkpt>
      <trkpt lat="36.7090071178972721099853515625" lon="137.83444222994148731231689453125">
        <ele>826.5999755859375</ele>
        <time>2023-10-07T06:23:28.000Z</time>
        <extensions>
          <ns3:TrackPointExtension>
            <ns3:atemp>13.0</ns3:atemp>
            <ns3:cad>85</ns3:cad>
          </ns3:TrackPointExtension>
        </extensions>
      </trkpt>
      <trkpt lat="36.70903117395937442779541015625" lon="137.8344366140663623809814453125">
        <ele>826.79998779296875</ele>
        <time>2023-10-07T06:23:29.000Z</time>
        <extensions>
          <ns3:TrackPointExtension>
            <ns3:atemp>13.0</ns3:atemp>
            <ns3:cad>89</ns3:cad>
          </ns3:TrackPointExtension>
        </extensions>
      </trkpt>
      <trkpt lat="36.709060259163379669189453125" lon="137.8344228677451610565185546875">
        <ele>826.79998779296875</ele>
        <time>2023-10-07T06:23:30.000Z</time>
        <extensions>
          <ns3:TrackPointExtension>
            <ns3:atemp>13.0</ns3:atemp>
            <ns3:cad>86</ns3:cad>
          </ns3:TrackPointExtension>
        </extensions>
      </trkpt>
      <trkpt lat="36.7091070301830768585205078125" lon="137.8343869931995868682861328125">
        <ele>827</ele>
        <time>2023-10-07T06:23:31.000Z</time>
        <extensions>
          <ns3:TrackPointExtension>
            <ns3:atemp>13.0</ns3:atemp>
            <ns3:cad>93</ns3:cad>
          </ns3:TrackPointExtension>
        </extensions>
      </trkpt>
      <trkpt lat="36.70913846231997013092041015625" lon="137.834354303777217864990234375">
        <ele>827.4000244140625</ele>
        <time>2023-10-07T06:23:32.000Z</time>
        <extensions>
          <ns3:TrackPointExtension>
            <ns3:atemp>13.0</ns3:atemp>
            <ns3:cad>85</ns3:cad>
          </ns3:TrackPointExtension>
        </extensions>
      </trkpt>
      <trkpt lat="36.7091724090278148651123046875" lon="137.8343077003955841064453125">
        <ele>827.5999755859375</ele>
        <time>2023-10-07T06:23:33.000Z</time>
        <extensions>
          <ns3:TrackPointExtension>
            <ns3:atemp>13.0</ns3:atemp>
            <ns3:cad>87</ns3:cad>
          </ns3:TrackPointExtension>
        </extensions>
      </trkpt>
      <trkpt lat="36.709199063479900360107421875" lon="137.8342683054506778717041015625">
        <ele>828</ele>
        <time>2023-10-07T06:23:34.000Z</time>
        <extensions>
          <ns3:TrackPointExtension>
            <ns3:atemp>13.0</ns3:atemp>
            <ns3:cad>89</ns3:cad>
          </ns3:TrackPointExtension>
        </extensions>
      </trkpt>
      <trkpt lat="36.709219515323638916015625" lon="137.83422362990677356719970703125">
        <ele>828.20001220703125</ele>
        <time>2023-10-07T06:23:35.000Z</time>
        <extensions>
          <ns3:TrackPointExtension>
            <ns3:atemp>13.0</ns3:atemp>
            <ns3:cad>90</ns3:cad>
          </ns3:TrackPointExtension>
        </extensions>
      </trkpt>
      <trkpt lat="36.709240972995758056640625" lon="137.83418096601963043212890625">
        <ele>828.4000244140625</ele>
        <time>2023-10-07T06:23:36.000Z</time>
        <extensions>
          <ns3:TrackPointExtension>
            <ns3:atemp>13.0</ns3:atemp>
            <ns3:cad>89</ns3:cad>
          </ns3:TrackPointExtension>
        </extensions>
      </trkpt>
      <trkpt lat="36.70926134102046489715576171875" lon="137.83415012061595916748046875">
        <ele>828.5999755859375</ele>
        <time>2023-10-07T06:23:37.000Z</time>
        <extensions>
          <ns3:TrackPointExtension>
            <ns3:atemp>13.0</ns3:atemp>
            <ns3:cad>92</ns3:cad>
          </ns3:TrackPointExtension>
        </extensions>
      </trkpt>
      <trkpt lat="36.70928589999675750732421875" lon="137.83413134515285491943359375">
        <ele>828.79998779296875</ele>
        <time>2023-10-07T06:23:38.000Z</time>
        <extensions>
          <ns3:TrackPointExtension>
            <ns3:atemp>13.0</ns3:atemp>
            <ns3:cad>85</ns3:cad>
          </ns3:TrackPointExtension>
        </extensions>
      </trkpt>
      <trkpt lat="36.7093040049076080322265625" lon="137.8341164253652095794677734375">
        <ele>829.20001220703125</ele>
        <time>2023-10-07T06:23:39.000Z</time>
        <extensions>
          <ns3:TrackPointExtension>
            <ns3:atemp>13.0</ns3:atemp>
            <ns3:cad>93</ns3:cad>
          </ns3:TrackPointExtension>
        </extensions>
      </trkpt>
      <trkpt lat="36.70933107845485210418701171875" lon="137.834090776741504669189453125">
        <ele>829.20001220703125</ele>
        <time>2023-10-07T06:23:40.000Z</time>
        <extensions>
          <ns3:TrackPointExtension>
            <ns3:atemp>13.0</ns3:atemp>
            <ns3:cad>85</ns3:cad>
          </ns3:TrackPointExtension>
        </extensions>
      </trkpt>
      <trkpt lat="36.7093564756214618682861328125" lon="137.83407191745936870574951171875">
        <ele>829.4000244140625</ele>
        <time>2023-10-07T06:23:41.000Z</time>
        <extensions>
          <ns3:TrackPointExtension>
            <ns3:atemp>13.0</ns3:atemp>
            <ns3:cad>86</ns3:cad>
          </ns3:TrackPointExtension>
        </extensions>
      </trkpt>
      <trkpt lat="36.70937768183648586273193359375" lon="137.83405800350010395050048828125">
        <ele>829.5999755859375</ele>
        <time>2023-10-07T06:23:42.000Z</time>
        <extensions>
          <ns3:TrackPointExtension>
            <ns3:atemp>13.0</ns3:atemp>
            <ns3:cad>89</ns3:cad>
          </ns3:TrackPointExtension>
        </extensions>
      </trkpt>
      <trkpt lat="36.70939452946186065673828125" lon="137.83404693938791751861572265625">
        <ele>829.79998779296875</ele>
        <time>2023-10-07T06:23:43.000Z</time>
        <extensions>
          <ns3:TrackPointExtension>
            <ns3:atemp>13.0</ns3:atemp>
            <ns3:cad>80</ns3:cad>
          </ns3:TrackPointExtension>
        </extensions>
      </trkpt>
      <trkpt lat="36.7094164900481700897216796875" lon="137.83401626162230968475341796875">
        <ele>830.20001220703125</ele>
        <time>2023-10-07T06:23:44.000Z</time>
        <extensions>
          <ns3:TrackPointExtension>
            <ns3:atemp>13.0</ns3:atemp>
            <ns3:cad>85</ns3:cad>
          </ns3:TrackPointExtension>
        </extensions>
      </trkpt>
      <trkpt lat="36.70945630408823490142822265625" lon="137.8339591808617115020751953125">
        <ele>830.5999755859375</ele>
        <time>2023-10-07T06:23:45.000Z</time>
        <extensions>
          <ns3:TrackPointExtension>
            <ns3:atemp>13.0</ns3:atemp>
            <ns3:cad>85</ns3:cad>
          </ns3:TrackPointExtension>
        </extensions>
      </trkpt>
      <trkpt lat="36.7094822041690349578857421875" lon="137.833935208618640899658203125">
        <ele>830.79998779296875</ele>
        <time>2023-10-07T06:23:46.000Z</time>
        <extensions>
          <ns3:TrackPointExtension>
            <ns3:atemp>13.0</ns3:atemp>
            <ns3:cad>83</ns3:cad>
          </ns3:TrackPointExtension>
        </extensions>
      </trkpt>
      <trkpt lat="36.7095016501843929290771484375" lon="137.83392707817256450653076171875">
        <ele>830.79998779296875</ele>
        <time>2023-10-07T06:23:47.000Z</time>
        <extensions>
          <ns3:TrackPointExtension>
            <ns3:atemp>13.0</ns3:atemp>
            <ns3:cad>93</ns3:cad>
          </ns3:TrackPointExtension>
        </extensions>
      </trkpt>
      <trkpt lat="36.7095257900655269622802734375" lon="137.83391970209777355194091796875">
        <ele>830.79998779296875</ele>
        <time>2023-10-07T06:23:48.000Z</time>
        <extensions>
          <ns3:TrackPointExtension>
            <ns3:atemp>13.0</ns3:atemp>
            <ns3:cad>82</ns3:cad>
          </ns3:TrackPointExtension>
        </extensions>
      </trkpt>
      <trkpt lat="36.70954615809023380279541015625" lon="137.83389673568308353424072265625">
        <ele>831</ele>
        <time>2023-10-07T06:23:49.000Z</time>
        <extensions>
          <ns3:TrackPointExtension>
            <ns3:atemp>13.0</ns3:atemp>
            <ns3:cad>78</ns3:cad>
          </ns3:TrackPointExtension>
        </extensions>
      </trkpt>
      <trkpt lat="36.70957130379974842071533203125" lon="137.83387226052582263946533203125">
        <ele>831</ele>
        <time>2023-10-07T06:23:50.000Z</time>
        <extensions>
          <ns3:TrackPointExtension>
            <ns3:atemp>13.0</ns3:atemp>
            <ns3:cad>80</ns3:cad>
          </ns3:TrackPointExtension>
        </extensions>
      </trkpt>
      <trkpt lat="36.709599383175373077392578125" lon="137.833855412900447845458984375">
        <ele>831.20001220703125</ele>
        <time>2023-10-07T06:23:51.000Z</time>
        <extensions>
          <ns3:TrackPointExtension>
            <ns3:atemp>13.0</ns3:atemp>
            <ns3:cad>80</ns3:cad>
          </ns3:TrackPointExtension>
        </extensions>
      </trkpt>
      <trkpt lat="36.70962729491293430328369140625" lon="137.83386941067874431610107421875">
        <ele>831.5999755859375</ele>
        <time>2023-10-07T06:23:52.000Z</time>
        <extensions>
          <ns3:TrackPointExtension>
            <ns3:atemp>13.0</ns3:atemp>
            <ns3:cad>79</ns3:cad>
          </ns3:TrackPointExtension>
        </extensions>
      </trkpt>
      <trkpt lat="36.70964523218572139739990234375" lon="137.83386186696588993072509765625">
        <ele>831.79998779296875</ele>
        <time>2023-10-07T06:23:53.000Z</time>
        <extensions>
          <ns3:TrackPointExtension>
            <ns3:atemp>13.0</ns3:atemp>
            <ns3:cad>82</ns3:cad>
          </ns3:TrackPointExtension>
        </extensions>
      </trkpt>
      <trkpt lat="36.70967213809490203857421875" lon="137.8338294290006160736083984375">
        <ele>832.20001220703125</ele>
        <time>2023-10-07T06:23:54.000Z</time>
        <extensions>
          <ns3:TrackPointExtension>
            <ns3:atemp>13.0</ns3:atemp>
            <ns3:cad>95</ns3:cad>
          </ns3:TrackPointExtension>
        </extensions>
      </trkpt>
      <trkpt lat="36.709694601595401763916015625" lon="137.83379263244569301605224609375">
        <ele>832.4000244140625</ele>
        <time>2023-10-07T06:23:55.000Z</time>
        <extensions>
          <ns3:TrackPointExtension>
            <ns3:atemp>13.0</ns3:atemp>
            <ns3:cad>95</ns3:cad>
          </ns3:TrackPointExtension>
        </extensions>
      </trkpt>
      <trkpt lat="36.70970994047820568084716796875" lon="137.8337766230106353759765625">
        <ele>832.5999755859375</ele>
        <time>2023-10-07T06:23:56.000Z</time>
        <extensions>
          <ns3:TrackPointExtension>
            <ns3:atemp>13.0</ns3:atemp>
            <ns3:cad>100</ns3:cad>
          </ns3:TrackPointExtension>
        </extensions>
      </trkpt>
      <trkpt lat="36.70972821302711963653564453125" lon="137.83376120030879974365234375">
        <ele>832.79998779296875</ele>
        <time>2023-10-07T06:23:57.000Z</time>
        <extensions>
          <ns3:TrackPointExtension>
            <ns3:atemp>13.0</ns3:atemp>
            <ns3:cad>93</ns3:cad>
          </ns3:TrackPointExtension>
        </extensions>
      </trkpt>
      <trkpt lat="36.70975402928888797760009765625" lon="137.83374083228409290313720703125">
        <ele>833</ele>
        <time>2023-10-07T06:23:58.000Z</time>
        <extensions>
          <ns3:TrackPointExtension>
            <ns3:atemp>13.0</ns3:atemp>
            <ns3:cad>100</ns3:cad>
          </ns3:TrackPointExtension>
        </extensions>
      </trkpt>
      <trkpt lat="36.70977816917002201080322265625" lon="137.8337174467742443084716796875">
        <ele>833</ele>
        <time>2023-10-07T06:23:59.000Z</time>
        <extensions>
          <ns3:TrackPointExtension>
            <ns3:atemp>13.0</ns3:atemp>
            <ns3:cad>96</ns3:cad>
          </ns3:TrackPointExtension>
        </extensions>
      </trkpt>
      <trkpt lat="36.70979945920407772064208984375" lon="137.8336936421692371368408203125">
        <ele>833.20001220703125</ele>
        <time>2023-10-07T06:24:00.000Z</time>
        <extensions>
          <ns3:TrackPointExtension>
            <ns3:atemp>13.0</ns3:atemp>
            <ns3:cad>100</ns3:cad>
          </ns3:TrackPointExtension>
        </extensions>
      </trkpt>
      <trkpt lat="36.70981672592461109161376953125" lon="137.83367226831614971160888671875">
        <ele>833.4000244140625</ele>
        <time>2023-10-07T06:24:01.000Z</time>
        <extensions>
          <ns3:TrackPointExtension>
            <ns3:atemp>13.0</ns3:atemp>
            <ns3:cad>92</ns3:cad>
          </ns3:TrackPointExtension>
        </extensions>
      </trkpt>
      <trkpt lat="36.70983466319739818572998046875" lon="137.833654247224330902099609375">
        <ele>833.5999755859375</ele>
        <time>2023-10-07T06:24:02.000Z</time>
        <extensions>
          <ns3:TrackPointExtension>
            <ns3:atemp>13.0</ns3:atemp>
            <ns3:cad>95</ns3:cad>
          </ns3:TrackPointExtension>
        </extensions>
      </trkpt>
      <trkpt lat="36.709856204688549041748046875" lon="137.83363186754286289215087890625">
        <ele>833.79998779296875</ele>
        <time>2023-10-07T06:24:03.000Z</time>
        <extensions>
          <ns3:TrackPointExtension>
            <ns3:atemp>13.0</ns3:atemp>
            <ns3:cad>92</ns3:cad>
          </ns3:TrackPointExtension>
        </extensions>
      </trkpt>
      <trkpt lat="36.709874980151653289794921875" lon="137.8336103260517120361328125">
        <ele>833.79998779296875</ele>
        <time>2023-10-07T06:24:04.000Z</time>
        <extensions>
          <ns3:TrackPointExtension>
            <ns3:atemp>13.0</ns3:atemp>
            <ns3:cad>98</ns3:cad>
          </ns3:TrackPointExtension>
        </extensions>
      </trkpt>
      <trkpt lat="36.70989383943378925323486328125" lon="137.83359766937792301177978515625">
        <ele>834</ele>
        <time>2023-10-07T06:24:05.000Z</time>
        <extensions>
          <ns3:TrackPointExtension>
            <ns3:atemp>13.0</ns3:atemp>
            <ns3:cad>95</ns3:cad>
          </ns3:TrackPointExtension>
        </extensions>
      </trkpt>
      <trkpt lat="36.7099116928875446319580078125" lon="137.83358392305672168731689453125">
        <ele>834.4000244140625</ele>
        <time>2023-10-07T06:24:06.000Z</time>
        <extensions>
          <ns3:TrackPointExtension>
            <ns3:atemp>13.0</ns3:atemp>
            <ns3:cad>100</ns3:cad>
          </ns3:TrackPointExtension>
        </extensions>
      </trkpt>
      <trkpt lat="36.7099348269402980804443359375" lon="137.8335612080991268157958984375">
        <ele>834.4000244140625</ele>
        <time>2023-10-07T06:24:07.000Z</time>
        <extensions>
          <ns3:TrackPointExtension>
            <ns3:atemp>13.0</ns3:atemp>
            <ns3:cad>85</ns3:cad>
          </ns3:TrackPointExtension>
        </extensions>
      </trkpt>
      <trkpt lat="36.70995569787919521331787109375" lon="137.83353413455188274383544921875">
        <ele>834.4000244140625</ele>
        <time>2023-10-07T06:24:08.000Z</time>
        <extensions>
          <ns3:TrackPointExtension>
            <ns3:atemp>13.0</ns3:atemp>
            <ns3:cad>93</ns3:cad>
          </ns3:TrackPointExtension>
        </extensions>
      </trkpt>
      <trkpt lat="36.70997531153261661529541015625" lon="137.83350245095789432525634765625">
        <ele>834.5999755859375</ele>
        <time>2023-10-07T06:24:09.000Z</time>
        <extensions>
          <ns3:TrackPointExtension>
            <ns3:atemp>13.0</ns3:atemp>
            <ns3:cad>85</ns3:cad>
          </ns3:TrackPointExtension>
        </extensions>
      </trkpt>
      <trkpt lat="36.70999266207218170166015625" lon="137.8334743715822696685791015625">
        <ele>834.79998779296875</ele>
        <time>2023-10-07T06:24:10.000Z</time>
        <extensions>
          <ns3:TrackPointExtension>
            <ns3:atemp>13.0</ns3:atemp>
            <ns3:cad>83</ns3:cad>
          </ns3:TrackPointExtension>
        </extensions>
      </trkpt>
      <trkpt lat="36.71000649221241474151611328125" lon="137.83345098607242107391357421875">
        <ele>835</ele>
        <time>2023-10-07T06:24:11.000Z</time>
        <extensions>
          <ns3:TrackPointExtension>
            <ns3:atemp>13.0</ns3:atemp>
            <ns3:cad>85</ns3:cad>
          </ns3:TrackPointExtension>
        </extensions>
      </trkpt>
      <trkpt lat="36.71001722104847431182861328125" lon="137.83343531191349029541015625">
        <ele>835.4000244140625</ele>
        <time>2023-10-07T06:24:12.000Z</time>
        <extensions>
          <ns3:TrackPointExtension>
            <ns3:atemp>13.0</ns3:atemp>
            <ns3:cad>84</ns3:cad>
          </ns3:TrackPointExtension>
        </extensions>
      </trkpt>
      <trkpt lat="36.710029207170009613037109375" lon="137.8334076516330242156982421875">
        <ele>835.5999755859375</ele>
        <time>2023-10-07T06:24:13.000Z</time>
        <extensions>
          <ns3:TrackPointExtension>
            <ns3:atemp>13.0</ns3:atemp>
            <ns3:cad>86</ns3:cad>
          </ns3:TrackPointExtension>
        </extensions>
      </trkpt>
      <trkpt lat="36.7100441269576549530029296875" lon="137.8333717770874500274658203125">
        <ele>835.79998779296875</ele>
        <time>2023-10-07T06:24:14.000Z</time>
        <extensions>
          <ns3:TrackPointExtension>
            <ns3:atemp>13.0</ns3:atemp>
            <ns3:cad>92</ns3:cad>
          </ns3:TrackPointExtension>
        </extensions>
      </trkpt>
      <trkpt lat="36.71005410142242908477783203125" lon="137.8333392553031444549560546875">
        <ele>836</ele>
        <time>2023-10-07T06:24:15.000Z</time>
        <extensions>
          <ns3:TrackPointExtension>
            <ns3:atemp>13.0</ns3:atemp>
            <ns3:cad>92</ns3:cad>
          </ns3:TrackPointExtension>
        </extensions>
      </trkpt>
      <trkpt lat="36.71006717719137668609619140625" lon="137.83330748789012432098388671875">
        <ele>836.20001220703125</ele>
        <time>2023-10-07T06:24:16.000Z</time>
        <extensions>
          <ns3:TrackPointExtension>
            <ns3:atemp>13.0</ns3:atemp>
            <ns3:cad>98</ns3:cad>
          </ns3:TrackPointExtension>
        </extensions>
      </trkpt>
      <trkpt lat="36.71007849276065826416015625" lon="137.83327303826808929443359375">
        <ele>836.5999755859375</ele>
        <time>2023-10-07T06:24:17.000Z</time>
        <extensions>
          <ns3:TrackPointExtension>
            <ns3:atemp>13.0</ns3:atemp>
            <ns3:cad>92</ns3:cad>
          </ns3:TrackPointExtension>
        </extensions>
      </trkpt>
      <trkpt lat="36.71008913777768611907958984375" lon="137.83324311487376689910888671875">
        <ele>837</ele>
        <time>2023-10-07T06:24:18.000Z</time>
        <extensions>
          <ns3:TrackPointExtension>
            <ns3:atemp>13.0</ns3:atemp>
            <ns3:cad>96</ns3:cad>
          </ns3:TrackPointExtension>
        </extensions>
      </trkpt>
      <trkpt lat="36.71010196208953857421875" lon="137.83320958726108074188232421875">
        <ele>837.4000244140625</ele>
        <time>2023-10-07T06:24:19.000Z</time>
        <extensions>
          <ns3:TrackPointExtension>
            <ns3:atemp>13.0</ns3:atemp>
            <ns3:cad>89</ns3:cad>
          </ns3:TrackPointExtension>
        </extensions>
      </trkpt>
      <trkpt lat="36.71012551523745059967041015625" lon="137.8331655822694301605224609375">
        <ele>837.4000244140625</ele>
        <time>2023-10-07T06:24:20.000Z</time>
        <extensions>
          <ns3:TrackPointExtension>
            <ns3:atemp>13.0</ns3:atemp>
            <ns3:cad>85</ns3:cad>
          </ns3:TrackPointExtension>
        </extensions>
      </trkpt>
      <trkpt lat="36.71014294959604740142822265625" lon="137.83312694169580936431884765625">
        <ele>837.5999755859375</ele>
        <time>2023-10-07T06:24:21.000Z</time>
        <extensions>
          <ns3:TrackPointExtension>
            <ns3:atemp>13.0</ns3:atemp>
            <ns3:cad>86</ns3:cad>
          </ns3:TrackPointExtension>
        </extensions>
      </trkpt>
      <trkpt lat="36.7101584561169147491455078125" lon="137.8330874629318714141845703125">
        <ele>837.5999755859375</ele>
        <time>2023-10-07T06:24:22.000Z</time>
        <extensions>
          <ns3:TrackPointExtension>
            <ns3:atemp>13.0</ns3:atemp>
            <ns3:cad>86</ns3:cad>
          </ns3:TrackPointExtension>
        </extensions>
      </trkpt>
      <trkpt lat="36.71017505228519439697265625" lon="137.8330472297966480255126953125">
        <ele>837.79998779296875</ele>
        <time>2023-10-07T06:24:23.000Z</time>
        <extensions>
          <ns3:TrackPointExtension>
            <ns3:atemp>13.0</ns3:atemp>
            <ns3:cad>90</ns3:cad>
          </ns3:TrackPointExtension>
        </extensions>
      </trkpt>
      <trkpt lat="36.71019474975764751434326171875" lon="137.8330173902213573455810546875">
        <ele>837.79998779296875</ele>
        <time>2023-10-07T06:24:24.000Z</time>
        <extensions>
          <ns3:TrackPointExtension>
            <ns3:atemp>13.0</ns3:atemp>
            <ns3:cad>83</ns3:cad>
          </ns3:TrackPointExtension>
        </extensions>
      </trkpt>
      <trkpt lat="36.71021654270589351654052734375" lon="137.83298092894256114959716796875">
        <ele>838</ele>
        <time>2023-10-07T06:24:25.000Z</time>
        <extensions>
          <ns3:TrackPointExtension>
            <ns3:atemp>13.0</ns3:atemp>
            <ns3:cad>85</ns3:cad>
          </ns3:TrackPointExtension>
        </extensions>
      </trkpt>
      <trkpt lat="36.71022458933293819427490234375" lon="137.832949161529541015625">
        <ele>838.20001220703125</ele>
        <time>2023-10-07T06:24:26.000Z</time>
        <extensions>
          <ns3:TrackPointExtension>
            <ns3:atemp>13.0</ns3:atemp>
            <ns3:cad>82</ns3:cad>
          </ns3:TrackPointExtension>
        </extensions>
      </trkpt>
      <trkpt lat="36.710242442786693572998046875" lon="137.8329161368310451507568359375">
        <ele>838.4000244140625</ele>
        <time>2023-10-07T06:24:27.000Z</time>
        <extensions>
          <ns3:TrackPointExtension>
            <ns3:atemp>13.0</ns3:atemp>
            <ns3:cad>82</ns3:cad>
          </ns3:TrackPointExtension>
        </extensions>
      </trkpt>
      <trkpt lat="36.71025811694562435150146484375" lon="137.83288856036961078643798828125">
        <ele>838.5999755859375</ele>
        <time>2023-10-07T06:24:28.000Z</time>
        <extensions>
          <ns3:TrackPointExtension>
            <ns3:atemp>13.0</ns3:atemp>
            <ns3:cad>81</ns3:cad>
          </ns3:TrackPointExtension>
        </extensions>
      </trkpt>
      <trkpt lat="36.71027940697968006134033203125" lon="137.8328678570687770843505859375">
        <ele>838.79998779296875</ele>
        <time>2023-10-07T06:24:29.000Z</time>
        <extensions>
          <ns3:TrackPointExtension>
            <ns3:atemp>13.0</ns3:atemp>
            <ns3:cad>80</ns3:cad>
          </ns3:TrackPointExtension>
        </extensions>
      </trkpt>
      <trkpt lat="36.7102922312915325164794921875" lon="137.8328463993966579437255859375">
        <ele>839.20001220703125</ele>
        <time>2023-10-07T06:24:30.000Z</time>
        <extensions>
          <ns3:TrackPointExtension>
            <ns3:atemp>13.0</ns3:atemp>
            <ns3:cad>80</ns3:cad>
          </ns3:TrackPointExtension>
        </extensions>
      </trkpt>
      <trkpt lat="36.710294745862483978271484375" lon="137.83284195698797702789306640625">
        <ele>839.20001220703125</ele>
        <time>2023-10-07T06:24:31.000Z</time>
        <extensions>
          <ns3:TrackPointExtension>
            <ns3:atemp>13.0</ns3:atemp>
            <ns3:cad>79</ns3:cad>
          </ns3:TrackPointExtension>
        </extensions>
      </trkpt>
      <trkpt lat="36.71030513942241668701171875" lon="137.83283273689448833465576171875">
        <ele>840</ele>
        <time>2023-10-07T06:24:32.000Z</time>
        <extensions>
          <ns3:TrackPointExtension>
            <ns3:atemp>12.0</ns3:atemp>
            <ns3:cad>85</ns3:cad>
          </ns3:TrackPointExtension>
        </extensions>
      </trkpt>
      <trkpt lat="36.7103214003145694732666015625" lon="137.8328128717839717864990234375">
        <ele>840.20001220703125</ele>
        <time>2023-10-07T06:24:33.000Z</time>
        <extensions>
          <ns3:TrackPointExtension>
            <ns3:atemp>13.0</ns3:atemp>
            <ns3:cad>85</ns3:cad>
          </ns3:TrackPointExtension>
        </extensions>
      </trkpt>
      <trkpt lat="36.71033154241740703582763671875" lon="137.83278797753155231475830078125">
        <ele>840.79998779296875</ele>
        <time>2023-10-07T06:24:34.000Z</time>
        <extensions>
          <ns3:TrackPointExtension>
            <ns3:atemp>13.0</ns3:atemp>
            <ns3:cad>83</ns3:cad>
          </ns3:TrackPointExtension>
        </extensions>
      </trkpt>
      <trkpt lat="36.7103488929569721221923828125" lon="137.8327572159469127655029296875">
        <ele>840.79998779296875</ele>
        <time>2023-10-07T06:24:35.000Z</time>
        <extensions>
          <ns3:TrackPointExtension>
            <ns3:atemp>13.0</ns3:atemp>
            <ns3:cad>87</ns3:cad>
          </ns3:TrackPointExtension>
        </extensions>
      </trkpt>
      <trkpt lat="36.7103849351406097412109375" lon="137.8327173180878162384033203125">
        <ele>841</ele>
        <time>2023-10-07T06:24:36.000Z</time>
        <extensions>
          <ns3:TrackPointExtension>
            <ns3:atemp>13.0</ns3:atemp>
            <ns3:cad>90</ns3:cad>
          </ns3:TrackPointExtension>
        </extensions>
      </trkpt>
      <trkpt lat="36.7104256711900234222412109375" lon="137.83269510604441165924072265625">
        <ele>841.20001220703125</ele>
        <time>2023-10-07T06:24:37.000Z</time>
        <extensions>
          <ns3:TrackPointExtension>
            <ns3:atemp>13.0</ns3:atemp>
            <ns3:cad>87</ns3:cad>
          </ns3:TrackPointExtension>
        </extensions>
      </trkpt>
      <trkpt lat="36.71045509167015552520751953125" lon="137.83267532475292682647705078125">
        <ele>841.4000244140625</ele>
        <time>2023-10-07T06:24:38.000Z</time>
        <extensions>
          <ns3:TrackPointExtension>
            <ns3:atemp>13.0</ns3:atemp>
            <ns3:cad>92</ns3:cad>
          </ns3:TrackPointExtension>
        </extensions>
      </trkpt>
      <trkpt lat="36.7104707658290863037109375" lon="137.83265202306210994720458984375">
        <ele>841.79998779296875</ele>
        <time>2023-10-07T06:24:39.000Z</time>
        <extensions>
          <ns3:TrackPointExtension>
            <ns3:atemp>13.0</ns3:atemp>
            <ns3:cad>92</ns3:cad>
          </ns3:TrackPointExtension>
        </extensions>
      </trkpt>
      <trkpt lat="36.710490882396697998046875" lon="137.83262637443840503692626953125">
        <ele>842</ele>
        <time>2023-10-07T06:24:40.000Z</time>
        <extensions>
          <ns3:TrackPointExtension>
            <ns3:atemp>13.0</ns3:atemp>
            <ns3:cad>92</ns3:cad>
          </ns3:TrackPointExtension>
        </extensions>
      </trkpt>
      <trkpt lat="36.7105098254978656768798828125" lon="137.83260256983339786529541015625">
        <ele>842.4000244140625</ele>
        <time>2023-10-07T06:24:41.000Z</time>
        <extensions>
          <ns3:TrackPointExtension>
            <ns3:atemp>13.0</ns3:atemp>
            <ns3:cad>100</ns3:cad>
          </ns3:TrackPointExtension>
        </extensions>
      </trkpt>
      <trkpt lat="36.7105326242744922637939453125" lon="137.83255982212722301483154296875">
        <ele>842.4000244140625</ele>
        <time>2023-10-07T06:24:42.000Z</time>
        <extensions>
          <ns3:TrackPointExtension>
            <ns3:atemp>13.0</ns3:atemp>
            <ns3:cad>83</ns3:cad>
          </ns3:TrackPointExtension>
        </extensions>
      </trkpt>
      <trkpt lat="36.71056573279201984405517578125" lon="137.832512967288494110107421875">
        <ele>842.79998779296875</ele>
        <time>2023-10-07T06:24:43.000Z</time>
        <extensions>
          <ns3:TrackPointExtension>
            <ns3:atemp>13.0</ns3:atemp>
            <ns3:cad>95</ns3:cad>
          </ns3:TrackPointExtension>
        </extensions>
      </trkpt>
      <trkpt lat="36.71058886684477329254150390625" lon="137.83248287625610828399658203125">
        <ele>843</ele>
        <time>2023-10-07T06:24:44.000Z</time>
        <extensions>
          <ns3:TrackPointExtension>
            <ns3:atemp>13.0</ns3:atemp>
            <ns3:cad>87</ns3:cad>
          </ns3:TrackPointExtension>
        </extensions>
      </trkpt>
      <trkpt lat="36.710604541003704071044921875" lon="137.83245672471821308135986328125">
        <ele>843.20001220703125</ele>
        <time>2023-10-07T06:24:45.000Z</time>
        <extensions>
          <ns3:TrackPointExtension>
            <ns3:atemp>13.0</ns3:atemp>
            <ns3:cad>86</ns3:cad>
          </ns3:TrackPointExtension>
        </extensions>
      </trkpt>
      <trkpt lat="36.7106234841048717498779296875" lon="137.83243618905544281005859375">
        <ele>843.4000244140625</ele>
        <time>2023-10-07T06:24:46.000Z</time>
        <extensions>
          <ns3:TrackPointExtension>
            <ns3:atemp>13.0</ns3:atemp>
            <ns3:cad>83</ns3:cad>
          </ns3:TrackPointExtension>
        </extensions>
      </trkpt>
      <trkpt lat="36.710640750825405120849609375" lon="137.832411713898181915283203125">
        <ele>843.5999755859375</ele>
        <time>2023-10-07T06:24:47.000Z</time>
        <extensions>
          <ns3:TrackPointExtension>
            <ns3:atemp>13.0</ns3:atemp>
            <ns3:cad>82</ns3:cad>
          </ns3:TrackPointExtension>
        </extensions>
      </trkpt>
      <trkpt lat="36.710661537945270538330078125" lon="137.8323927707970142364501953125">
        <ele>843.79998779296875</ele>
        <time>2023-10-07T06:24:48.000Z</time>
        <extensions>
          <ns3:TrackPointExtension>
            <ns3:atemp>13.0</ns3:atemp>
            <ns3:cad>96</ns3:cad>
          </ns3:TrackPointExtension>
        </extensions>
      </trkpt>
      <trkpt lat="36.7106814868748188018798828125" lon="137.832388915121555328369140625">
        <ele>844.20001220703125</ele>
        <time>2023-10-07T06:24:49.000Z</time>
        <extensions>
          <ns3:TrackPointExtension>
            <ns3:atemp>13.0</ns3:atemp>
            <ns3:cad>93</ns3:cad>
          </ns3:TrackPointExtension>
        </extensions>
      </trkpt>
      <trkpt lat="36.7107014358043670654296875" lon="137.8323810361325740814208984375">
        <ele>844.5999755859375</ele>
        <time>2023-10-07T06:24:50.000Z</time>
        <extensions>
          <ns3:TrackPointExtension>
            <ns3:atemp>13.0</ns3:atemp>
            <ns3:cad>90</ns3:cad>
          </ns3:TrackPointExtension>
        </extensions>
      </trkpt>
      <trkpt lat="36.710721552371978759765625" lon="137.832372821867465972900390625">
        <ele>844.79998779296875</ele>
        <time>2023-10-07T06:24:51.000Z</time>
        <extensions>
          <ns3:TrackPointExtension>
            <ns3:atemp>13.0</ns3:atemp>
            <ns3:cad>93</ns3:cad>
          </ns3:TrackPointExtension>
        </extensions>
      </trkpt>
      <trkpt lat="36.71074762009084224700927734375" lon="137.83234122209250926971435546875">
        <ele>845.20001220703125</ele>
        <time>2023-10-07T06:24:52.000Z</time>
        <extensions>
          <ns3:TrackPointExtension>
            <ns3:atemp>13.0</ns3:atemp>
            <ns3:cad>90</ns3:cad>
          </ns3:TrackPointExtension>
        </extensions>
      </trkpt>
      <trkpt lat="36.71077963896095752716064453125" lon="137.832317836582660675048828125">
        <ele>845.20001220703125</ele>
        <time>2023-10-07T06:24:53.000Z</time>
        <extensions>
          <ns3:TrackPointExtension>
            <ns3:atemp>13.0</ns3:atemp>
            <ns3:cad>92</ns3:cad>
          </ns3:TrackPointExtension>
        </extensions>
      </trkpt>
      <trkpt lat="36.710804365575313568115234375" lon="137.8322975523769855499267578125">
        <ele>845.4000244140625</ele>
        <time>2023-10-07T06:24:54.000Z</time>
        <extensions>
          <ns3:TrackPointExtension>
            <ns3:atemp>13.0</ns3:atemp>
            <ns3:cad>92</ns3:cad>
          </ns3:TrackPointExtension>
        </extensions>
      </trkpt>
      <trkpt lat="36.71083412133157253265380859375" lon="137.832273580133914947509765625">
        <ele>845.5999755859375</ele>
        <time>2023-10-07T06:24:55.000Z</time>
        <extensions>
          <ns3:TrackPointExtension>
            <ns3:atemp>13.0</ns3:atemp>
            <ns3:cad>95</ns3:cad>
          </ns3:TrackPointExtension>
        </extensions>
      </trkpt>
      <trkpt lat="36.7108615301549434661865234375" lon="137.8322397172451019287109375">
        <ele>845.79998779296875</ele>
        <time>2023-10-07T06:24:56.000Z</time>
        <extensions>
          <ns3:TrackPointExtension>
            <ns3:atemp>13.0</ns3:atemp>
            <ns3:cad>87</ns3:cad>
          </ns3:TrackPointExtension>
        </extensions>
      </trkpt>
      <trkpt lat="36.7108866758644580841064453125" lon="137.83222052268683910369873046875">
        <ele>846</ele>
        <time>2023-10-07T06:24:57.000Z</time>
        <extensions>
          <ns3:TrackPointExtension>
            <ns3:atemp>13.0</ns3:atemp>
            <ns3:cad>92</ns3:cad>
          </ns3:TrackPointExtension>
        </extensions>
      </trkpt>
      <trkpt lat="36.7109079658985137939453125" lon="137.8322048485279083251953125">
        <ele>846.20001220703125</ele>
        <time>2023-10-07T06:24:58.000Z</time>
        <extensions>
          <ns3:TrackPointExtension>
            <ns3:atemp>13.0</ns3:atemp>
            <ns3:cad>92</ns3:cad>
          </ns3:TrackPointExtension>
        </extensions>
      </trkpt>
      <trkpt lat="36.71093537472188472747802734375" lon="137.83218414522707462310791015625">
        <ele>846.4000244140625</ele>
        <time>2023-10-07T06:24:59.000Z</time>
        <extensions>
          <ns3:TrackPointExtension>
            <ns3:atemp>13.0</ns3:atemp>
            <ns3:cad>87</ns3:cad>
          </ns3:TrackPointExtension>
        </extensions>
      </trkpt>
      <trkpt lat="36.71096521429717540740966796875" lon="137.83215723931789398193359375">
        <ele>846.5999755859375</ele>
        <time>2023-10-07T06:25:00.000Z</time>
        <extensions>
          <ns3:TrackPointExtension>
            <ns3:atemp>13.0</ns3:atemp>
            <ns3:cad>87</ns3:cad>
          </ns3:TrackPointExtension>
        </extensions>
      </trkpt>
      <trkpt lat="36.71099052764475345611572265625" lon="137.83214290626347064971923828125">
        <ele>846.79998779296875</ele>
        <time>2023-10-07T06:25:01.000Z</time>
        <extensions>
          <ns3:TrackPointExtension>
            <ns3:atemp>13.0</ns3:atemp>
            <ns3:cad>86</ns3:cad>
          </ns3:TrackPointExtension>
        </extensions>
      </trkpt>
      <trkpt lat="36.71101081185042858123779296875" lon="137.8321262262761592864990234375">
        <ele>846.79998779296875</ele>
        <time>2023-10-07T06:25:02.000Z</time>
        <extensions>
          <ns3:TrackPointExtension>
            <ns3:atemp>13.0</ns3:atemp>
            <ns3:cad>92</ns3:cad>
          </ns3:TrackPointExtension>
        </extensions>
      </trkpt>
      <trkpt lat="36.7110439203679561614990234375" lon="137.8320920281112194061279296875">
        <ele>847.20001220703125</ele>
        <time>2023-10-07T06:25:03.000Z</time>
        <extensions>
          <ns3:TrackPointExtension>
            <ns3:atemp>13.0</ns3:atemp>
            <ns3:cad>86</ns3:cad>
          </ns3:TrackPointExtension>
        </extensions>
      </trkpt>
      <trkpt lat="36.7110982351005077362060546875" lon="137.83203578554093837738037109375">
        <ele>847.4000244140625</ele>
        <time>2023-10-07T06:25:04.000Z</time>
        <extensions>
          <ns3:TrackPointExtension>
            <ns3:atemp>13.0</ns3:atemp>
            <ns3:cad>89</ns3:cad>
          </ns3:TrackPointExtension>
        </extensions>
      </trkpt>
      <trkpt lat="36.71113436110317707061767578125" lon="137.83200007863342761993408203125">
        <ele>847.4000244140625</ele>
        <time>2023-10-07T06:25:05.000Z</time>
        <extensions>
          <ns3:TrackPointExtension>
            <ns3:atemp>13.0</ns3:atemp>
            <ns3:cad>86</ns3:cad>
          </ns3:TrackPointExtension>
        </extensions>
      </trkpt>
      <trkpt lat="36.7111602611839771270751953125" lon="137.83197350800037384033203125">
        <ele>848</ele>
        <time>2023-10-07T06:25:06.000Z</time>
        <extensions>
          <ns3:TrackPointExtension>
            <ns3:atemp>13.0</ns3:atemp>
            <ns3:cad>86</ns3:cad>
          </ns3:TrackPointExtension>
        </extensions>
      </trkpt>
      <trkpt lat="36.71118616126477718353271484375" lon="137.83196571283042430877685546875">
        <ele>848.20001220703125</ele>
        <time>2023-10-07T06:25:07.000Z</time>
        <extensions>
          <ns3:TrackPointExtension>
            <ns3:atemp>13.0</ns3:atemp>
            <ns3:cad>78</ns3:cad>
          </ns3:TrackPointExtension>
        </extensions>
      </trkpt>
      <trkpt lat="36.7112132348120212554931640625" lon="137.83196671865880489349365234375">
        <ele>848.5999755859375</ele>
        <time>2023-10-07T06:25:08.000Z</time>
        <extensions>
          <ns3:TrackPointExtension>
            <ns3:atemp>13.0</ns3:atemp>
            <ns3:cad>80</ns3:cad>
          </ns3:TrackPointExtension>
        </extensions>
      </trkpt>
      <trkpt lat="36.71124483458697795867919921875" lon="137.8319649584591388702392578125">
        <ele>848.79998779296875</ele>
        <time>2023-10-07T06:25:09.000Z</time>
        <extensions>
          <ns3:TrackPointExtension>
            <ns3:atemp>13.0</ns3:atemp>
            <ns3:cad>87</ns3:cad>
          </ns3:TrackPointExtension>
        </extensions>
      </trkpt>
      <trkpt lat="36.71127115376293659210205078125" lon="137.83194257877767086029052734375">
        <ele>849.20001220703125</ele>
        <time>2023-10-07T06:25:10.000Z</time>
        <extensions>
          <ns3:TrackPointExtension>
            <ns3:atemp>13.0</ns3:atemp>
            <ns3:cad>87</ns3:cad>
          </ns3:TrackPointExtension>
        </extensions>
      </trkpt>
      <trkpt lat="36.71129009686410427093505859375" lon="137.83192229457199573516845703125">
        <ele>849.4000244140625</ele>
        <time>2023-10-07T06:25:11.000Z</time>
        <extensions>
          <ns3:TrackPointExtension>
            <ns3:atemp>13.0</ns3:atemp>
            <ns3:cad>78</ns3:cad>
          </ns3:TrackPointExtension>
        </extensions>
      </trkpt>
      <trkpt lat="36.71130199916660785675048828125" lon="137.831886000931262969970703125">
        <ele>849.5999755859375</ele>
        <time>2023-10-07T06:25:12.000Z</time>
        <extensions>
          <ns3:TrackPointExtension>
            <ns3:atemp>13.0</ns3:atemp>
            <ns3:cad>79</ns3:cad>
          </ns3:TrackPointExtension>
        </extensions>
      </trkpt>
      <trkpt lat="36.71129914931952953338623046875" lon="137.83184149302542209625244140625">
        <ele>849.79998779296875</ele>
        <time>2023-10-07T06:25:13.000Z</time>
        <extensions>
          <ns3:TrackPointExtension>
            <ns3:atemp>13.0</ns3:atemp>
            <ns3:cad>85</ns3:cad>
          </ns3:TrackPointExtension>
        </extensions>
      </trkpt>
      <trkpt lat="36.711282469332218170166015625" lon="137.83179488964378833770751953125">
        <ele>850</ele>
        <time>2023-10-07T06:25:14.000Z</time>
        <extensions>
          <ns3:TrackPointExtension>
            <ns3:atemp>13.0</ns3:atemp>
            <ns3:cad>82</ns3:cad>
          </ns3:TrackPointExtension>
        </extensions>
      </trkpt>
      <trkpt lat="36.71127182431519031524658203125" lon="137.8317523933947086334228515625">
        <ele>850</ele>
        <time>2023-10-07T06:25:15.000Z</time>
        <extensions>
          <ns3:TrackPointExtension>
            <ns3:atemp>13.0</ns3:atemp>
            <ns3:cad>81</ns3:cad>
          </ns3:TrackPointExtension>
        </extensions>
      </trkpt>
      <trkpt lat="36.711258329451084136962890625" lon="137.83170972950756549835205078125">
        <ele>850.4000244140625</ele>
        <time>2023-10-07T06:25:16.000Z</time>
        <extensions>
          <ns3:TrackPointExtension>
            <ns3:atemp>13.0</ns3:atemp>
            <ns3:cad>89</ns3:cad>
          </ns3:TrackPointExtension>
        </extensions>
      </trkpt>
      <trkpt lat="36.71124651096761226654052734375" lon="137.831664718687534332275390625">
        <ele>850.4000244140625</ele>
        <time>2023-10-07T06:25:17.000Z</time>
        <extensions>
          <ns3:TrackPointExtension>
            <ns3:atemp>13.0</ns3:atemp>
            <ns3:cad>92</ns3:cad>
          </ns3:TrackPointExtension>
        </extensions>
      </trkpt>
      <trkpt lat="36.7112360335886478424072265625" lon="137.83161409199237823486328125">
        <ele>850.79998779296875</ele>
        <time>2023-10-07T06:25:18.000Z</time>
        <extensions>
          <ns3:TrackPointExtension>
            <ns3:atemp>13.0</ns3:atemp>
            <ns3:cad>92</ns3:cad>
          </ns3:TrackPointExtension>
        </extensions>
      </trkpt>
      <trkpt lat="36.7112236283719539642333984375" lon="137.831558100879192352294921875">
        <ele>851</ele>
        <time>2023-10-07T06:25:19.000Z</time>
        <extensions>
          <ns3:TrackPointExtension>
            <ns3:atemp>13.0</ns3:atemp>
            <ns3:cad>95</ns3:cad>
          </ns3:TrackPointExtension>
        </extensions>
      </trkpt>
      <trkpt lat="36.711205355823040008544921875" lon="137.83150202594697475433349609375">
        <ele>851.20001220703125</ele>
        <time>2023-10-07T06:25:20.000Z</time>
        <extensions>
          <ns3:TrackPointExtension>
            <ns3:atemp>13.0</ns3:atemp>
            <ns3:cad>89</ns3:cad>
          </ns3:TrackPointExtension>
        </extensions>
      </trkpt>
      <trkpt lat="36.711181886494159698486328125" lon="137.831446118652820587158203125">
        <ele>851.4000244140625</ele>
        <time>2023-10-07T06:25:21.000Z</time>
        <extensions>
          <ns3:TrackPointExtension>
            <ns3:atemp>13.0</ns3:atemp>
            <ns3:cad>86</ns3:cad>
          </ns3:TrackPointExtension>
        </extensions>
      </trkpt>
      <trkpt lat="36.71116218902170658111572265625" lon="137.8313889540731906890869140625">
        <ele>851.5999755859375</ele>
        <time>2023-10-07T06:25:22.000Z</time>
        <extensions>
          <ns3:TrackPointExtension>
            <ns3:atemp>13.0</ns3:atemp>
            <ns3:cad>93</ns3:cad>
          </ns3:TrackPointExtension>
        </extensions>
      </trkpt>
      <trkpt lat="36.711141653358936309814453125" lon="137.8313353098928928375244140625">
        <ele>851.5999755859375</ele>
        <time>2023-10-07T06:25:23.000Z</time>
        <extensions>
          <ns3:TrackPointExtension>
            <ns3:atemp>13.0</ns3:atemp>
            <ns3:cad>80</ns3:cad>
          </ns3:TrackPointExtension>
        </extensions>
      </trkpt>
      <trkpt lat="36.7111193574965000152587890625" lon="137.831283174455165863037109375">
        <ele>851.79998779296875</ele>
        <time>2023-10-07T06:25:24.000Z</time>
        <extensions>
          <ns3:TrackPointExtension>
            <ns3:atemp>13.0</ns3:atemp>
            <ns3:cad>77</ns3:cad>
          </ns3:TrackPointExtension>
        </extensions>
      </trkpt>
      <trkpt lat="36.7110975645482540130615234375" lon="137.83123430795967578887939453125">
        <ele>851.79998779296875</ele>
        <time>2023-10-07T06:25:25.000Z</time>
        <extensions>
          <ns3:TrackPointExtension>
            <ns3:atemp>13.0</ns3:atemp>
            <ns3:cad>77</ns3:cad>
          </ns3:TrackPointExtension>
        </extensions>
      </trkpt>
      <trkpt lat="36.71106847934424877166748046875" lon="137.83118988387286663055419921875">
        <ele>851.79998779296875</ele>
        <time>2023-10-07T06:25:26.000Z</time>
        <extensions>
          <ns3:TrackPointExtension>
            <ns3:atemp>13.0</ns3:atemp>
            <ns3:cad>76</ns3:cad>
          </ns3:TrackPointExtension>
        </extensions>
      </trkpt>
      <trkpt lat="36.71103000640869140625" lon="137.831151746213436126708984375">
        <ele>852</ele>
        <time>2023-10-07T06:25:27.000Z</time>
        <extensions>
          <ns3:TrackPointExtension>
            <ns3:atemp>13.0</ns3:atemp>
            <ns3:cad>85</ns3:cad>
          </ns3:TrackPointExtension>
        </extensions>
      </trkpt>
      <trkpt lat="36.71098264865577220916748046875" lon="137.83113925717771053314208984375">
        <ele>852</ele>
        <time>2023-10-07T06:25:28.000Z</time>
        <extensions>
          <ns3:TrackPointExtension>
            <ns3:atemp>13.0</ns3:atemp>
            <ns3:cad>89</ns3:cad>
          </ns3:TrackPointExtension>
        </extensions>
      </trkpt>
      <trkpt lat="36.7109329439699649810791015625" lon="137.8311525844037532806396484375">
        <ele>852.20001220703125</ele>
        <time>2023-10-07T06:25:29.000Z</time>
        <extensions>
          <ns3:TrackPointExtension>
            <ns3:atemp>13.0</ns3:atemp>
            <ns3:cad>75</ns3:cad>
          </ns3:TrackPointExtension>
        </extensions>
      </trkpt>
      <trkpt lat="36.7108838260173797607421875" lon="137.8311790712177753448486328125">
        <ele>852.20001220703125</ele>
        <time>2023-10-07T06:25:30.000Z</time>
        <extensions>
          <ns3:TrackPointExtension>
            <ns3:atemp>13.0</ns3:atemp>
            <ns3:cad>80</ns3:cad>
          </ns3:TrackPointExtension>
        </extensions>
      </trkpt>
      <trkpt lat="36.7108330316841602325439453125" lon="137.8312176279723644256591796875">
        <ele>852.4000244140625</ele>
        <time>2023-10-07T06:25:31.000Z</time>
        <extensions>
          <ns3:TrackPointExtension>
            <ns3:atemp>13.0</ns3:atemp>
            <ns3:cad>85</ns3:cad>
          </ns3:TrackPointExtension>
        </extensions>
      </trkpt>
      <trkpt lat="36.71077947132289409637451171875" lon="137.8312514908611774444580078125">
        <ele>852.5999755859375</ele>
        <time>2023-10-07T06:25:32.000Z</time>
        <extensions>
          <ns3:TrackPointExtension>
            <ns3:atemp>13.0</ns3:atemp>
            <ns3:cad>81</ns3:cad>
          </ns3:TrackPointExtension>
        </extensions>
      </trkpt>
      <trkpt lat="36.710721887648105621337890625" lon="137.831276468932628631591796875">
        <ele>852.5999755859375</ele>
        <time>2023-10-07T06:25:33.000Z</time>
        <extensions>
          <ns3:TrackPointExtension>
            <ns3:atemp>13.0</ns3:atemp>
            <ns3:cad>90</ns3:cad>
          </ns3:TrackPointExtension>
        </extensions>
      </trkpt>
      <trkpt lat="36.71065893955528736114501953125" lon="137.83129197545349597930908203125">
        <ele>852.5999755859375</ele>
        <time>2023-10-07T06:25:34.000Z</time>
        <extensions>
          <ns3:TrackPointExtension>
            <ns3:atemp>13.0</ns3:atemp>
            <ns3:cad>79</ns3:cad>
          </ns3:TrackPointExtension>
        </extensions>
      </trkpt>
      <trkpt lat="36.71058869920670986175537109375" lon="137.83130102790892124176025390625">
        <ele>852.79998779296875</ele>
        <time>2023-10-07T06:25:35.000Z</time>
        <extensions>
          <ns3:TrackPointExtension>
            <ns3:atemp>13.0</ns3:atemp>
            <ns3:cad>85</ns3:cad>
          </ns3:TrackPointExtension>
        </extensions>
      </trkpt>
      <trkpt lat="36.7105155251920223236083984375" lon="137.83130086027085781097412109375">
        <ele>852.79998779296875</ele>
        <time>2023-10-07T06:25:36.000Z</time>
        <extensions>
          <ns3:TrackPointExtension>
            <ns3:atemp>13.0</ns3:atemp>
            <ns3:cad>85</ns3:cad>
          </ns3:TrackPointExtension>
        </extensions>
      </trkpt>
      <trkpt lat="36.71043799258768558502197265625" lon="137.83129398711025714874267578125">
        <ele>852.5999755859375</ele>
        <time>2023-10-07T06:25:37.000Z</time>
        <extensions>
          <ns3:TrackPointExtension>
            <ns3:atemp>13.0</ns3:atemp>
            <ns3:cad>0</ns3:cad>
          </ns3:TrackPointExtension>
        </extensions>
      </trkpt>
      <trkpt lat="36.710356436669826507568359375" lon="137.83128258772194385528564453125">
        <ele>852.5999755859375</ele>
        <time>2023-10-07T06:25:38.000Z</time>
        <extensions>
          <ns3:TrackPointExtension>
            <ns3:atemp>13.0</ns3:atemp>
            <ns3:cad>0</ns3:cad>
          </ns3:TrackPointExtension>
        </extensions>
      </trkpt>
      <trkpt lat="36.71027756296098232269287109375" lon="137.83127336762845516204833984375">
        <ele>852.4000244140625</ele>
        <time>2023-10-07T06:25:39.000Z</time>
        <extensions>
          <ns3:TrackPointExtension>
            <ns3:atemp>13.0</ns3:atemp>
            <ns3:cad>0</ns3:cad>
          </ns3:TrackPointExtension>
        </extensions>
      </trkpt>
      <trkpt lat="36.7102084122598171234130859375" lon="137.83128158189356327056884765625">
        <ele>852</ele>
        <time>2023-10-07T06:25:40.000Z</time>
        <extensions>
          <ns3:TrackPointExtension>
            <ns3:atemp>13.0</ns3:atemp>
            <ns3:cad>0</ns3:cad>
          </ns3:TrackPointExtension>
        </extensions>
      </trkpt>
      <trkpt lat="36.71014848165214061737060546875" lon="137.8313118405640125274658203125">
        <ele>851.5999755859375</ele>
        <time>2023-10-07T06:25:41.000Z</time>
        <extensions>
          <ns3:TrackPointExtension>
            <ns3:atemp>13.0</ns3:atemp>
            <ns3:cad>78</ns3:cad>
          </ns3:TrackPointExtension>
        </extensions>
      </trkpt>
      <trkpt lat="36.710095591843128204345703125" lon="137.83136640675365924835205078125">
        <ele>851.20001220703125</ele>
        <time>2023-10-07T06:25:42.000Z</time>
        <extensions>
          <ns3:TrackPointExtension>
            <ns3:atemp>13.0</ns3:atemp>
            <ns3:cad>80</ns3:cad>
          </ns3:TrackPointExtension>
        </extensions>
      </trkpt>
      <trkpt lat="36.71004504896700382232666015625" lon="137.83143438398838043212890625">
        <ele>850.79998779296875</ele>
        <time>2023-10-07T06:25:43.000Z</time>
        <extensions>
          <ns3:TrackPointExtension>
            <ns3:atemp>13.0</ns3:atemp>
            <ns3:cad>87</ns3:cad>
          </ns3:TrackPointExtension>
        </extensions>
      </trkpt>
      <trkpt lat="36.7099894769489765167236328125" lon="137.83149230293929576873779296875">
        <ele>850.4000244140625</ele>
        <time>2023-10-07T06:25:44.000Z</time>
        <extensions>
          <ns3:TrackPointExtension>
            <ns3:atemp>13.0</ns3:atemp>
            <ns3:cad>83</ns3:cad>
          </ns3:TrackPointExtension>
        </extensions>
      </trkpt>
      <trkpt lat="36.70992619358003139495849609375" lon="137.831541001796722412109375">
        <ele>849.5999755859375</ele>
        <time>2023-10-07T06:25:45.000Z</time>
        <extensions>
          <ns3:TrackPointExtension>
            <ns3:atemp>13.0</ns3:atemp>
            <ns3:cad>89</ns3:cad>
          </ns3:TrackPointExtension>
        </extensions>
      </trkpt>
      <trkpt lat="36.709875650703907012939453125" lon="137.83158668316900730133056640625">
        <ele>848.20001220703125</ele>
        <time>2023-10-07T06:25:46.000Z</time>
        <extensions>
          <ns3:TrackPointExtension>
            <ns3:atemp>13.0</ns3:atemp>
            <ns3:cad>76</ns3:cad>
          </ns3:TrackPointExtension>
        </extensions>
      </trkpt>
      <trkpt lat="36.70981991104781627655029296875" lon="137.83165390603244304656982421875">
        <ele>847.79998779296875</ele>
        <time>2023-10-07T06:25:47.000Z</time>
        <extensions>
          <ns3:TrackPointExtension>
            <ns3:atemp>13.0</ns3:atemp>
            <ns3:cad>76</ns3:cad>
          </ns3:TrackPointExtension>
        </extensions>
      </trkpt>
      <trkpt lat="36.70976609922945499420166015625" lon="137.8317336179316043853759765625">
        <ele>847.5999755859375</ele>
        <time>2023-10-07T06:25:48.000Z</time>
        <extensions>
          <ns3:TrackPointExtension>
            <ns3:atemp>13.0</ns3:atemp>
            <ns3:cad>0</ns3:cad>
          </ns3:TrackPointExtension>
        </extensions>
      </trkpt>
      <trkpt lat="36.70973927713930606842041015625" lon="137.83179581165313720703125">
        <ele>847.4000244140625</ele>
        <time>2023-10-07T06:25:49.000Z</time>
        <extensions>
          <ns3:TrackPointExtension>
            <ns3:atemp>13.0</ns3:atemp>
            <ns3:cad>0</ns3:cad>
          </ns3:TrackPointExtension>
        </extensions>
      </trkpt>
      <trkpt lat="36.70972150750458240509033203125" lon="137.83185674808919429779052734375">
        <ele>847.20001220703125</ele>
        <time>2023-10-07T06:25:50.000Z</time>
        <extensions>
          <ns3:TrackPointExtension>
            <ns3:atemp>13.0</ns3:atemp>
            <ns3:cad>0</ns3:cad>
          </ns3:TrackPointExtension>
        </extensions>
      </trkpt>
      <trkpt lat="36.7097054980695247650146484375" lon="137.8319193609058856964111328125">
        <ele>847.20001220703125</ele>
        <time>2023-10-07T06:25:51.000Z</time>
        <extensions>
          <ns3:TrackPointExtension>
            <ns3:atemp>13.0</ns3:atemp>
            <ns3:cad>0</ns3:cad>
          </ns3:TrackPointExtension>
        </extensions>
      </trkpt>
      <trkpt lat="36.70967289246618747711181640625" lon="137.8319760225713253021240234375">
        <ele>847</ele>
        <time>2023-10-07T06:25:52.000Z</time>
        <extensions>
          <ns3:TrackPointExtension>
            <ns3:atemp>13.0</ns3:atemp>
            <ns3:cad>75</ns3:cad>
          </ns3:TrackPointExtension>
        </extensions>
      </trkpt>
      <trkpt lat="36.7096193321049213409423828125" lon="137.83203025348484516143798828125">
        <ele>846.5999755859375</ele>
        <time>2023-10-07T06:25:53.000Z</time>
        <extensions>
          <ns3:TrackPointExtension>
            <ns3:atemp>13.0</ns3:atemp>
            <ns3:cad>89</ns3:cad>
          </ns3:TrackPointExtension>
        </extensions>
      </trkpt>
      <trkpt lat="36.70955370180308818817138671875" lon="137.8320868313312530517578125">
        <ele>845</ele>
        <time>2023-10-07T06:25:54.000Z</time>
        <extensions>
          <ns3:TrackPointExtension>
            <ns3:atemp>13.0</ns3:atemp>
            <ns3:cad>89</ns3:cad>
          </ns3:TrackPointExtension>
        </extensions>
      </trkpt>
      <trkpt lat="36.7094822041690349578857421875" lon="137.832143492996692657470703125">
        <ele>844.4000244140625</ele>
        <time>2023-10-07T06:25:55.000Z</time>
        <extensions>
          <ns3:TrackPointExtension>
            <ns3:atemp>13.0</ns3:atemp>
            <ns3:cad>0</ns3:cad>
          </ns3:TrackPointExtension>
        </extensions>
      </trkpt>
      <trkpt lat="36.7094071023166179656982421875" lon="137.8322066925466060638427734375">
        <ele>843.4000244140625</ele>
        <time>2023-10-07T06:25:56.000Z</time>
        <extensions>
          <ns3:TrackPointExtension>
            <ns3:atemp>13.0</ns3:atemp>
            <ns3:cad>0</ns3:cad>
          </ns3:TrackPointExtension>
        </extensions>
      </trkpt>
      <trkpt lat="36.70933208428323268890380859375" lon="137.83228196203708648681640625">
        <ele>842.79998779296875</ele>
        <time>2023-10-07T06:25:57.000Z</time>
        <extensions>
          <ns3:TrackPointExtension>
            <ns3:atemp>13.0</ns3:atemp>
            <ns3:cad>0</ns3:cad>
          </ns3:TrackPointExtension>
        </extensions>
      </trkpt>
      <trkpt lat="36.70925480313599109649658203125" lon="137.83236016519367694854736328125">
        <ele>842.4000244140625</ele>
        <time>2023-10-07T06:25:58.000Z</time>
        <extensions>
          <ns3:TrackPointExtension>
            <ns3:atemp>13.0</ns3:atemp>
            <ns3:cad>0</ns3:cad>
          </ns3:TrackPointExtension>
        </extensions>
      </trkpt>
      <trkpt lat="36.70918405987322330474853515625" lon="137.832435853779315948486328125">
        <ele>841.5999755859375</ele>
        <time>2023-10-07T06:25:59.000Z</time>
        <extensions>
          <ns3:TrackPointExtension>
            <ns3:atemp>13.0</ns3:atemp>
            <ns3:cad>0</ns3:cad>
          </ns3:TrackPointExtension>
        </extensions>
      </trkpt>
      <trkpt lat="36.70912505127489566802978515625" lon="137.8325124643743038177490234375">
        <ele>840.4000244140625</ele>
        <time>2023-10-07T06:26:00.000Z</time>
        <extensions>
          <ns3:TrackPointExtension>
            <ns3:atemp>13.0</ns3:atemp>
            <ns3:cad>0</ns3:cad>
          </ns3:TrackPointExtension>
        </extensions>
      </trkpt>
      <trkpt lat="36.70907677151262760162353515625" lon="137.8325946070253849029541015625">
        <ele>839</ele>
        <time>2023-10-07T06:26:01.000Z</time>
        <extensions>
          <ns3:TrackPointExtension>
            <ns3:atemp>13.0</ns3:atemp>
            <ns3:cad>0</ns3:cad>
          </ns3:TrackPointExtension>
        </extensions>
      </trkpt>
      <trkpt lat="36.70903913676738739013671875" lon="137.83268119208514690399169921875">
        <ele>838.5999755859375</ele>
        <time>2023-10-07T06:26:02.000Z</time>
        <extensions>
          <ns3:TrackPointExtension>
            <ns3:atemp>13.0</ns3:atemp>
            <ns3:cad>0</ns3:cad>
          </ns3:TrackPointExtension>
        </extensions>
      </trkpt>
      <trkpt lat="36.70901290141046047210693359375" lon="137.83277775160968303680419921875">
        <ele>837.79998779296875</ele>
        <time>2023-10-07T06:26:03.000Z</time>
        <extensions>
          <ns3:TrackPointExtension>
            <ns3:atemp>13.0</ns3:atemp>
            <ns3:cad>0</ns3:cad>
          </ns3:TrackPointExtension>
        </extensions>
      </trkpt>
      <trkpt lat="36.708989851176738739013671875" lon="137.83285285346210002899169921875">
        <ele>836.79998779296875</ele>
        <time>2023-10-07T06:26:04.000Z</time>
        <extensions>
          <ns3:TrackPointExtension>
            <ns3:atemp>13.0</ns3:atemp>
            <ns3:cad>0</ns3:cad>
          </ns3:TrackPointExtension>
        </extensions>
      </trkpt>
      <trkpt lat="36.70894282869994640350341796875" lon="137.83295025117695331573486328125">
        <ele>835</ele>
        <time>2023-10-07T06:26:05.000Z</time>
        <extensions>
          <ns3:TrackPointExtension>
            <ns3:atemp>13.0</ns3:atemp>
            <ns3:cad>0</ns3:cad>
          </ns3:TrackPointExtension>
        </extensions>
      </trkpt>
      <trkpt lat="36.70889027416706085205078125" lon="137.83301395364105701446533203125">
        <ele>833.79998779296875</ele>
        <time>2023-10-07T06:26:06.000Z</time>
        <extensions>
          <ns3:TrackPointExtension>
            <ns3:atemp>12.0</ns3:atemp>
            <ns3:cad>0</ns3:cad>
          </ns3:TrackPointExtension>
        </extensions>
      </trkpt>
      <trkpt lat="36.7088247276842594146728515625" lon="137.83305401913821697235107421875">
        <ele>833.4000244140625</ele>
        <time>2023-10-07T06:26:07.000Z</time>
        <extensions>
          <ns3:TrackPointExtension>
            <ns3:atemp>13.0</ns3:atemp>
            <ns3:cad>0</ns3:cad>
          </ns3:TrackPointExtension>
        </extensions>
      </trkpt>
      <trkpt lat="36.70875884592533111572265625" lon="137.833080925047397613525390625">
        <ele>831.4000244140625</ele>
        <time>2023-10-07T06:26:08.000Z</time>
        <extensions>
          <ns3:TrackPointExtension>
            <ns3:atemp>12.0</ns3:atemp>
            <ns3:cad>0</ns3:cad>
          </ns3:TrackPointExtension>
        </extensions>
      </trkpt>
      <trkpt lat="36.708708219230175018310546875" lon="137.83311084844172000885009765625">
        <ele>830.20001220703125</ele>
        <time>2023-10-07T06:26:09.000Z</time>
        <extensions>
          <ns3:TrackPointExtension>
            <ns3:atemp>13.0</ns3:atemp>
            <ns3:cad>0</ns3:cad>
          </ns3:TrackPointExtension>
        </extensions>
      </trkpt>
      <trkpt lat="36.7086738534271717071533203125" lon="137.833147980272769927978515625">
        <ele>828.20001220703125</ele>
        <time>2023-10-07T06:26:10.000Z</time>
        <extensions>
          <ns3:TrackPointExtension>
            <ns3:atemp>13.0</ns3:atemp>
            <ns3:cad>0</ns3:cad>
          </ns3:TrackPointExtension>
        </extensions>
      </trkpt>
      <trkpt lat="36.70865683816373348236083984375" lon="137.8331893868744373321533203125">
        <ele>827.5999755859375</ele>
        <time>2023-10-07T06:26:11.000Z</time>
        <extensions>
          <ns3:TrackPointExtension>
            <ns3:atemp>12.0</ns3:atemp>
            <ns3:cad>0</ns3:cad>
          </ns3:TrackPointExtension>
        </extensions>
      </trkpt>
      <trkpt lat="36.708649881184101104736328125" lon="137.833242528140544891357421875">
        <ele>826.5999755859375</ele>
        <time>2023-10-07T06:26:12.000Z</time>
        <extensions>
          <ns3:TrackPointExtension>
            <ns3:atemp>12.0</ns3:atemp>
            <ns3:cad>58</ns3:cad>
          </ns3:TrackPointExtension>
        </extensions>
      </trkpt>
      <trkpt lat="36.7086376436054706573486328125" lon="137.8333110921084880828857421875">
        <ele>826</ele>
        <time>2023-10-07T06:26:13.000Z</time>
        <extensions>
          <ns3:TrackPointExtension>
            <ns3:atemp>13.0</ns3:atemp>
            <ns3:cad>82</ns3:cad>
          </ns3:TrackPointExtension>
        </extensions>
      </trkpt>
      <trkpt lat="36.7086131684482097625732421875" lon="137.8333928994834423065185546875">
        <ele>825.4000244140625</ele>
        <time>2023-10-07T06:26:14.000Z</time>
        <extensions>
          <ns3:TrackPointExtension>
            <ns3:atemp>13.0</ns3:atemp>
            <ns3:cad>98</ns3:cad>
          </ns3:TrackPointExtension>
        </extensions>
      </trkpt>
      <trkpt lat="36.70857754535973072052001953125" lon="137.8334773890674114227294921875">
        <ele>825.20001220703125</ele>
        <time>2023-10-07T06:26:15.000Z</time>
        <extensions>
          <ns3:TrackPointExtension>
            <ns3:atemp>12.0</ns3:atemp>
            <ns3:cad>59</ns3:cad>
          </ns3:TrackPointExtension>
        </extensions>
      </trkpt>
      <trkpt lat="36.70852859504520893096923828125" lon="137.83355693332850933074951171875">
        <ele>824.5999755859375</ele>
        <time>2023-10-07T06:26:16.000Z</time>
        <extensions>
          <ns3:TrackPointExtension>
            <ns3:atemp>12.0</ns3:atemp>
            <ns3:cad>59</ns3:cad>
          </ns3:TrackPointExtension>
        </extensions>
      </trkpt>
      <trkpt lat="36.708478219807147979736328125" lon="137.8336386568844318389892578125">
        <ele>823.79998779296875</ele>
        <time>2023-10-07T06:26:17.000Z</time>
        <extensions>
          <ns3:TrackPointExtension>
            <ns3:atemp>12.0</ns3:atemp>
            <ns3:cad>0</ns3:cad>
          </ns3:TrackPointExtension>
        </extensions>
      </trkpt>
      <trkpt lat="36.7084401659667491912841796875" lon="137.83370680175721645355224609375">
        <ele>823.4000244140625</ele>
        <time>2023-10-07T06:26:18.000Z</time>
        <extensions>
          <ns3:TrackPointExtension>
            <ns3:atemp>12.0</ns3:atemp>
            <ns3:cad>0</ns3:cad>
          </ns3:TrackPointExtension>
        </extensions>
      </trkpt>
      <trkpt lat="36.70839817263185977935791015625" lon="137.8337788023054599761962890625">
        <ele>822.5999755859375</ele>
        <time>2023-10-07T06:26:19.000Z</time>
        <extensions>
          <ns3:TrackPointExtension>
            <ns3:atemp>12.0</ns3:atemp>
            <ns3:cad>0</ns3:cad>
          </ns3:TrackPointExtension>
        </extensions>
      </trkpt>
      <trkpt lat="36.70835576020181179046630859375" lon="137.833835966885089874267578125">
        <ele>822.20001220703125</ele>
        <time>2023-10-07T06:26:20.000Z</time>
        <extensions>
          <ns3:TrackPointExtension>
            <ns3:atemp>12.0</ns3:atemp>
            <ns3:cad>0</ns3:cad>
          </ns3:TrackPointExtension>
        </extensions>
      </trkpt>
      <trkpt lat="36.708339415490627288818359375" lon="137.83386052586138248443603515625">
        <ele>821.4000244140625</ele>
        <time>2023-10-07T06:26:21.000Z</time>
        <extensions>
          <ns3:TrackPointExtension>
            <ns3:atemp>12.0</ns3:atemp>
            <ns3:cad>0</ns3:cad>
          </ns3:TrackPointExtension>
        </extensions>
      </trkpt>
      <trkpt lat="36.708318293094635009765625" lon="137.8338837437331676483154296875">
        <ele>821.20001220703125</ele>
        <time>2023-10-07T06:26:22.000Z</time>
        <extensions>
          <ns3:TrackPointExtension>
            <ns3:atemp>12.0</ns3:atemp>
            <ns3:cad>0</ns3:cad>
          </ns3:TrackPointExtension>
        </extensions>
      </trkpt>
      <trkpt lat="36.70829004608094692230224609375" lon="137.83389355055987834930419921875">
        <ele>820.4000244140625</ele>
        <time>2023-10-07T06:26:23.000Z</time>
        <extensions>
          <ns3:TrackPointExtension>
            <ns3:atemp>12.0</ns3:atemp>
            <ns3:cad>46</ns3:cad>
          </ns3:TrackPointExtension>
        </extensions>
      </trkpt>
      <trkpt lat="36.7082659900188446044921875" lon="137.83388466574251651763916015625">
        <ele>819.79998779296875</ele>
        <time>2023-10-07T06:26:24.000Z</time>
        <extensions>
          <ns3:TrackPointExtension>
            <ns3:atemp>12.0</ns3:atemp>
            <ns3:cad>52</ns3:cad>
          </ns3:TrackPointExtension>
        </extensions>
      </trkpt>
      <trkpt lat="36.70824562199413776397705078125" lon="137.8338679857552051544189453125">
        <ele>819.20001220703125</ele>
        <time>2023-10-07T06:26:25.000Z</time>
        <extensions>
          <ns3:TrackPointExtension>
            <ns3:atemp>12.0</ns3:atemp>
            <ns3:cad>58</ns3:cad>
          </ns3:TrackPointExtension>
        </extensions>
      </trkpt>
      <trkpt lat="36.7082297801971435546875" lon="137.83384434878826141357421875">
        <ele>818.5999755859375</ele>
        <time>2023-10-07T06:26:26.000Z</time>
        <extensions>
          <ns3:TrackPointExtension>
            <ns3:atemp>12.0</ns3:atemp>
            <ns3:cad>49</ns3:cad>
          </ns3:TrackPointExtension>
        </extensions>
      </trkpt>
      <trkpt lat="36.708219386637210845947265625" lon="137.83382079564034938812255859375">
        <ele>818.20001220703125</ele>
        <time>2023-10-07T06:26:27.000Z</time>
        <extensions>
          <ns3:TrackPointExtension>
            <ns3:atemp>12.0</ns3:atemp>
            <ns3:cad>53</ns3:cad>
          </ns3:TrackPointExtension>
        </extensions>
      </trkpt>
      <trkpt lat="36.70821972191333770751953125" lon="137.8337979130446910858154296875">
        <ele>817.5999755859375</ele>
        <time>2023-10-07T06:26:28.000Z</time>
        <extensions>
          <ns3:TrackPointExtension>
            <ns3:atemp>12.0</ns3:atemp>
            <ns3:cad>53</ns3:cad>
          </ns3:TrackPointExtension>
        </extensions>
      </trkpt>
      <trkpt lat="36.7082336358726024627685546875" lon="137.833785675466060638427734375">
        <ele>817.20001220703125</ele>
        <time>2023-10-07T06:26:29.000Z</time>
        <extensions>
          <ns3:TrackPointExtension>
            <ns3:atemp>12.0</ns3:atemp>
            <ns3:cad>50</ns3:cad>
          </ns3:TrackPointExtension>
        </extensions>
      </trkpt>
      <trkpt lat="36.70824788510799407958984375" lon="137.83378559164702892303466796875">
        <ele>816.79998779296875</ele>
        <time>2023-10-07T06:26:30.000Z</time>
        <extensions>
          <ns3:TrackPointExtension>
            <ns3:atemp>12.0</ns3:atemp>
            <ns3:cad>46</ns3:cad>
          </ns3:TrackPointExtension>
        </extensions>
      </trkpt>
      <trkpt lat="36.70825718902051448822021484375" lon="137.83378793857991695404052734375">
        <ele>816.79998779296875</ele>
        <time>2023-10-07T06:26:31.000Z</time>
        <extensions>
          <ns3:TrackPointExtension>
            <ns3:atemp>12.0</ns3:atemp>
            <ns3:cad>62</ns3:cad>
          </ns3:TrackPointExtension>
        </extensions>
      </trkpt>
      <trkpt lat="36.70827629975974559783935546875" lon="137.83379129134118556976318359375">
        <ele>816.5999755859375</ele>
        <time>2023-10-07T06:26:32.000Z</time>
        <extensions>
          <ns3:TrackPointExtension>
            <ns3:atemp>12.0</ns3:atemp>
            <ns3:cad>67</ns3:cad>
          </ns3:TrackPointExtension>
        </extensions>
      </trkpt>
      <trkpt lat="36.7082913033664226531982421875" lon="137.833790369331836700439453125">
        <ele>816.5999755859375</ele>
        <time>2023-10-07T06:26:33.000Z</time>
        <extensions>
          <ns3:TrackPointExtension>
            <ns3:atemp>12.0</ns3:atemp>
            <ns3:cad>63</ns3:cad>
          </ns3:TrackPointExtension>
        </extensions>
      </trkpt>
      <trkpt lat="36.70830613933503627777099609375" lon="137.8337811492383480072021484375">
        <ele>816.5999755859375</ele>
        <time>2023-10-07T06:26:34.000Z</time>
        <extensions>
          <ns3:TrackPointExtension>
            <ns3:atemp>12.0</ns3:atemp>
            <ns3:cad>63</ns3:cad>
          </ns3:TrackPointExtension>
        </extensions>
      </trkpt>
      <trkpt lat="36.70831494033336639404296875" lon="137.83377586863934993743896484375">
        <ele>816.5999755859375</ele>
        <time>2023-10-07T06:26:35.000Z</time>
        <extensions>
          <ns3:TrackPointExtension>
            <ns3:atemp>12.0</ns3:atemp>
            <ns3:cad>56</ns3:cad>
          </ns3:TrackPointExtension>
        </extensions>
      </trkpt>
      <trkpt lat="36.70832223258912563323974609375" lon="137.83376798965036869049072265625">
        <ele>816.5999755859375</ele>
        <time>2023-10-07T06:26:36.000Z</time>
        <extensions>
          <ns3:TrackPointExtension>
            <ns3:atemp>12.0</ns3:atemp>
            <ns3:cad>49</ns3:cad>
          </ns3:TrackPointExtension>
        </extensions>
      </trkpt>
      <trkpt lat="36.70833078213036060333251953125" lon="137.83376145176589488983154296875">
        <ele>816.79998779296875</ele>
        <time>2023-10-07T06:26:37.000Z</time>
        <extensions>
          <ns3:TrackPointExtension>
            <ns3:atemp>12.0</ns3:atemp>
            <ns3:cad>46</ns3:cad>
          </ns3:TrackPointExtension>
        </extensions>
      </trkpt>
      <trkpt lat="36.7083405889570713043212890625" lon="137.8337566740810871124267578125">
        <ele>816.79998779296875</ele>
        <time>2023-10-07T06:26:38.000Z</time>
        <extensions>
          <ns3:TrackPointExtension>
            <ns3:atemp>12.0</ns3:atemp>
            <ns3:cad>46</ns3:cad>
          </ns3:TrackPointExtension>
        </extensions>
      </trkpt>
      <trkpt lat="36.708345115184783935546875" lon="137.8337549977004528045654296875">
        <ele>816.79998779296875</ele>
        <time>2023-10-07T06:26:39.000Z</time>
        <extensions>
          <ns3:TrackPointExtension>
            <ns3:atemp>12.0</ns3:atemp>
            <ns3:cad>46</ns3:cad>
          </ns3:TrackPointExtension>
        </extensions>
      </trkpt>
      <trkpt lat="36.708345115184783935546875" lon="137.8337549977004528045654296875">
        <ele>817</ele>
        <time>2023-10-07T06:26:40.000Z</time>
        <extensions>
          <ns3:TrackPointExtension>
            <ns3:atemp>12.0</ns3:atemp>
            <ns3:cad>0</ns3:cad>
          </ns3:TrackPointExtension>
        </extensions>
      </trkpt>
      <trkpt lat="36.708345115184783935546875" lon="137.8337549977004528045654296875">
        <ele>817</ele>
        <time>2023-10-07T06:26:41.000Z</time>
        <extensions>
          <ns3:TrackPointExtension>
            <ns3:atemp>12.0</ns3:atemp>
            <ns3:cad>0</ns3:cad>
          </ns3:TrackPointExtension>
        </extensions>
      </trkpt>
      <trkpt lat="36.708345115184783935546875" lon="137.8337549977004528045654296875">
        <ele>817</ele>
        <time>2023-10-07T06:26:42.000Z</time>
        <extensions>
          <ns3:TrackPointExtension>
            <ns3:atemp>12.0</ns3:atemp>
            <ns3:cad>0</ns3:cad>
          </ns3:TrackPointExtension>
        </extensions>
      </trkpt>
      <trkpt lat="36.708345115184783935546875" lon="137.8337549977004528045654296875">
        <ele>817.20001220703125</ele>
        <time>2023-10-07T06:26:43.000Z</time>
        <extensions>
          <ns3:TrackPointExtension>
            <ns3:atemp>12.0</ns3:atemp>
            <ns3:cad>0</ns3:cad>
          </ns3:TrackPointExtension>
        </extensions>
      </trkpt>
      <trkpt lat="36.708345115184783935546875" lon="137.8337549977004528045654296875">
        <ele>817.20001220703125</ele>
        <time>2023-10-07T06:26:44.000Z</time>
        <extensions>
          <ns3:TrackPointExtension>
            <ns3:atemp>12.0</ns3:atemp>
            <ns3:cad>0</ns3:cad>
          </ns3:TrackPointExtension>
        </extensions>
      </trkpt>
      <trkpt lat="36.708345115184783935546875" lon="137.8337549977004528045654296875">
        <ele>817.4000244140625</ele>
        <time>2023-10-07T06:26:45.000Z</time>
        <extensions>
          <ns3:TrackPointExtension>
            <ns3:atemp>12.0</ns3:atemp>
            <ns3:cad>0</ns3:cad>
          </ns3:TrackPointExtension>
        </extensions>
      </trkpt>
      <trkpt lat="36.708345115184783935546875" lon="137.8337549977004528045654296875">
        <ele>817.4000244140625</ele>
        <time>2023-10-07T06:26:46.000Z</time>
        <extensions>
          <ns3:TrackPointExtension>
            <ns3:atemp>12.0</ns3:atemp>
            <ns3:cad>0</ns3:cad>
          </ns3:TrackPointExtension>
        </extensions>
      </trkpt>
      <trkpt lat="36.708345115184783935546875" lon="137.8337549977004528045654296875">
        <ele>817.4000244140625</ele>
        <time>2023-10-07T06:26:47.000Z</time>
        <extensions>
          <ns3:TrackPointExtension>
            <ns3:atemp>12.0</ns3:atemp>
            <ns3:cad>0</ns3:cad>
          </ns3:TrackPointExtension>
        </extensions>
      </trkpt>
      <trkpt lat="36.708345115184783935546875" lon="137.8337549977004528045654296875">
        <ele>817.4000244140625</ele>
        <time>2023-10-07T06:26:48.000Z</time>
        <extensions>
          <ns3:TrackPointExtension>
            <ns3:atemp>12.0</ns3:atemp>
            <ns3:cad>0</ns3:cad>
          </ns3:TrackPointExtension>
        </extensions>
      </trkpt>
      <trkpt lat="36.708345115184783935546875" lon="137.8337549977004528045654296875">
        <ele>817.4000244140625</ele>
        <time>2023-10-07T06:26:49.000Z</time>
        <extensions>
          <ns3:TrackPointExtension>
            <ns3:atemp>12.0</ns3:atemp>
            <ns3:cad>0</ns3:cad>
          </ns3:TrackPointExtension>
        </extensions>
      </trkpt>
      <trkpt lat="36.708345115184783935546875" lon="137.8337549977004528045654296875">
        <ele>817.4000244140625</ele>
        <time>2023-10-07T06:26:50.000Z</time>
        <extensions>
          <ns3:TrackPointExtension>
            <ns3:atemp>12.0</ns3:atemp>
            <ns3:cad>0</ns3:cad>
          </ns3:TrackPointExtension>
        </extensions>
      </trkpt>
      <trkpt lat="36.708345115184783935546875" lon="137.8337549977004528045654296875">
        <ele>817.4000244140625</ele>
        <time>2023-10-07T06:26:51.000Z</time>
        <extensions>
          <ns3:TrackPointExtension>
            <ns3:atemp>12.0</ns3:atemp>
            <ns3:cad>0</ns3:cad>
          </ns3:TrackPointExtension>
        </extensions>
      </trkpt>
      <trkpt lat="36.708345115184783935546875" lon="137.8337549977004528045654296875">
        <ele>817.4000244140625</ele>
        <time>2023-10-07T06:26:52.000Z</time>
        <extensions>
          <ns3:TrackPointExtension>
            <ns3:atemp>12.0</ns3:atemp>
            <ns3:cad>0</ns3:cad>
          </ns3:TrackPointExtension>
        </extensions>
      </trkpt>
      <trkpt lat="36.708345115184783935546875" lon="137.8337549977004528045654296875">
        <ele>817.4000244140625</ele>
        <time>2023-10-07T06:26:53.000Z</time>
        <extensions>
          <ns3:TrackPointExtension>
            <ns3:atemp>12.0</ns3:atemp>
            <ns3:cad>0</ns3:cad>
          </ns3:TrackPointExtension>
        </extensions>
      </trkpt>
      <trkpt lat="36.708345115184783935546875" lon="137.8337549977004528045654296875">
        <ele>817.4000244140625</ele>
        <time>2023-10-07T06:26:54.000Z</time>
        <extensions>
          <ns3:TrackPointExtension>
            <ns3:atemp>12.0</ns3:atemp>
            <ns3:cad>0</ns3:cad>
          </ns3:TrackPointExtension>
        </extensions>
      </trkpt>
      <trkpt lat="36.708345115184783935546875" lon="137.8337549977004528045654296875">
        <ele>817.4000244140625</ele>
        <time>2023-10-07T06:26:55.000Z</time>
        <extensions>
          <ns3:TrackPointExtension>
            <ns3:atemp>12.0</ns3:atemp>
            <ns3:cad>0</ns3:cad>
          </ns3:TrackPointExtension>
        </extensions>
      </trkpt>
      <trkpt lat="36.708345115184783935546875" lon="137.8337549977004528045654296875">
        <ele>817.4000244140625</ele>
        <time>2023-10-07T06:26:56.000Z</time>
        <extensions>
          <ns3:TrackPointExtension>
            <ns3:atemp>12.0</ns3:atemp>
            <ns3:cad>0</ns3:cad>
          </ns3:TrackPointExtension>
        </extensions>
      </trkpt>
      <trkpt lat="36.708345115184783935546875" lon="137.8337549977004528045654296875">
        <ele>817.4000244140625</ele>
        <time>2023-10-07T06:26:57.000Z</time>
        <extensions>
          <ns3:TrackPointExtension>
            <ns3:atemp>12.0</ns3:atemp>
            <ns3:cad>0</ns3:cad>
          </ns3:TrackPointExtension>
        </extensions>
      </trkpt>
      <trkpt lat="36.708345115184783935546875" lon="137.8337549977004528045654296875">
        <ele>817.4000244140625</ele>
        <time>2023-10-07T06:26:58.000Z</time>
        <extensions>
          <ns3:TrackPointExtension>
            <ns3:atemp>12.0</ns3:atemp>
            <ns3:cad>0</ns3:cad>
          </ns3:TrackPointExtension>
        </extensions>
      </trkpt>
      <trkpt lat="36.708345115184783935546875" lon="137.8337549977004528045654296875">
        <ele>817.20001220703125</ele>
        <time>2023-10-07T06:26:59.000Z</time>
        <extensions>
          <ns3:TrackPointExtension>
            <ns3:atemp>12.0</ns3:atemp>
            <ns3:cad>0</ns3:cad>
          </ns3:TrackPointExtension>
        </extensions>
      </trkpt>
      <trkpt lat="36.708345115184783935546875" lon="137.8337549977004528045654296875">
        <ele>817.20001220703125</ele>
        <time>2023-10-07T06:27:00.000Z</time>
        <extensions>
          <ns3:TrackPointExtension>
            <ns3:atemp>12.0</ns3:atemp>
            <ns3:cad>0</ns3:cad>
          </ns3:TrackPointExtension>
        </extensions>
      </trkpt>
      <trkpt lat="36.708345115184783935546875" lon="137.8337549977004528045654296875">
        <ele>817.20001220703125</ele>
        <time>2023-10-07T06:27:01.000Z</time>
        <extensions>
          <ns3:TrackPointExtension>
            <ns3:atemp>12.0</ns3:atemp>
            <ns3:cad>0</ns3:cad>
          </ns3:TrackPointExtension>
        </extensions>
      </trkpt>
      <trkpt lat="36.708345115184783935546875" lon="137.8337549977004528045654296875">
        <ele>817.20001220703125</ele>
        <time>2023-10-07T06:27:02.000Z</time>
        <extensions>
          <ns3:TrackPointExtension>
            <ns3:atemp>12.0</ns3:atemp>
            <ns3:cad>0</ns3:cad>
          </ns3:TrackPointExtension>
        </extensions>
      </trkpt>
      <trkpt lat="36.708345115184783935546875" lon="137.8337549977004528045654296875">
        <ele>817</ele>
        <time>2023-10-07T06:27:03.000Z</time>
        <extensions>
          <ns3:TrackPointExtension>
            <ns3:atemp>12.0</ns3:atemp>
            <ns3:cad>0</ns3:cad>
          </ns3:TrackPointExtension>
        </extensions>
      </trkpt>
      <trkpt lat="36.708345115184783935546875" lon="137.8337549977004528045654296875">
        <ele>817</ele>
        <time>2023-10-07T06:27:04.000Z</time>
        <extensions>
          <ns3:TrackPointExtension>
            <ns3:atemp>12.0</ns3:atemp>
            <ns3:cad>0</ns3:cad>
          </ns3:TrackPointExtension>
        </extensions>
      </trkpt>
      <trkpt lat="36.708345115184783935546875" lon="137.8337549977004528045654296875">
        <ele>817</ele>
        <time>2023-10-07T06:27:05.000Z</time>
        <extensions>
          <ns3:TrackPointExtension>
            <ns3:atemp>12.0</ns3:atemp>
            <ns3:cad>0</ns3:cad>
          </ns3:TrackPointExtension>
        </extensions>
      </trkpt>
      <trkpt lat="36.708345115184783935546875" lon="137.8337549977004528045654296875">
        <ele>817</ele>
        <time>2023-10-07T06:27:06.000Z</time>
        <extensions>
          <ns3:TrackPointExtension>
            <ns3:atemp>12.0</ns3:atemp>
            <ns3:cad>0</ns3:cad>
          </ns3:TrackPointExtension>
        </extensions>
      </trkpt>
      <trkpt lat="36.708345115184783935546875" lon="137.8337549977004528045654296875">
        <ele>817</ele>
        <time>2023-10-07T06:27:07.000Z</time>
        <extensions>
          <ns3:TrackPointExtension>
            <ns3:atemp>12.0</ns3:atemp>
            <ns3:cad>0</ns3:cad>
          </ns3:TrackPointExtension>
        </extensions>
      </trkpt>
      <trkpt lat="36.708345115184783935546875" lon="137.8337549977004528045654296875">
        <ele>817</ele>
        <time>2023-10-07T06:27:08.000Z</time>
        <extensions>
          <ns3:TrackPointExtension>
            <ns3:atemp>12.0</ns3:atemp>
            <ns3:cad>0</ns3:cad>
          </ns3:TrackPointExtension>
        </extensions>
      </trkpt>
      <trkpt lat="36.708345115184783935546875" lon="137.8337549977004528045654296875">
        <ele>817</ele>
        <time>2023-10-07T06:27:09.000Z</time>
        <extensions>
          <ns3:TrackPointExtension>
            <ns3:atemp>12.0</ns3:atemp>
            <ns3:cad>0</ns3:cad>
          </ns3:TrackPointExtension>
        </extensions>
      </trkpt>
      <trkpt lat="36.708345115184783935546875" lon="137.8337549977004528045654296875">
        <ele>817</ele>
        <time>2023-10-07T06:27:10.000Z</time>
        <extensions>
          <ns3:TrackPointExtension>
            <ns3:atemp>12.0</ns3:atemp>
            <ns3:cad>0</ns3:cad>
          </ns3:TrackPointExtension>
        </extensions>
      </trkpt>
      <trkpt lat="36.708345115184783935546875" lon="137.8337549977004528045654296875">
        <ele>817</ele>
        <time>2023-10-07T06:27:11.000Z</time>
        <extensions>
          <ns3:TrackPointExtension>
            <ns3:atemp>12.0</ns3:atemp>
            <ns3:cad>0</ns3:cad>
          </ns3:TrackPointExtension>
        </extensions>
      </trkpt>
      <trkpt lat="36.708345115184783935546875" lon="137.8337549977004528045654296875">
        <ele>817</ele>
        <time>2023-10-07T06:27:12.000Z</time>
        <extensions>
          <ns3:TrackPointExtension>
            <ns3:atemp>12.0</ns3:atemp>
            <ns3:cad>0</ns3:cad>
          </ns3:TrackPointExtension>
        </extensions>
      </trkpt>
      <trkpt lat="36.708345115184783935546875" lon="137.8337549977004528045654296875">
        <ele>817</ele>
        <time>2023-10-07T06:27:13.000Z</time>
        <extensions>
          <ns3:TrackPointExtension>
            <ns3:atemp>12.0</ns3:atemp>
            <ns3:cad>0</ns3:cad>
          </ns3:TrackPointExtension>
        </extensions>
      </trkpt>
      <trkpt lat="36.708345115184783935546875" lon="137.8337549977004528045654296875">
        <ele>817</ele>
        <time>2023-10-07T06:27:14.000Z</time>
        <extensions>
          <ns3:TrackPointExtension>
            <ns3:atemp>12.0</ns3:atemp>
            <ns3:cad>0</ns3:cad>
          </ns3:TrackPointExtension>
        </extensions>
      </trkpt>
      <trkpt lat="36.708345115184783935546875" lon="137.8337549977004528045654296875">
        <ele>817</ele>
        <time>2023-10-07T06:27:15.000Z</time>
        <extensions>
          <ns3:TrackPointExtension>
            <ns3:atemp>12.0</ns3:atemp>
            <ns3:cad>0</ns3:cad>
          </ns3:TrackPointExtension>
        </extensions>
      </trkpt>
      <trkpt lat="36.708345115184783935546875" lon="137.8337549977004528045654296875">
        <ele>817</ele>
        <time>2023-10-07T06:27:16.000Z</time>
        <extensions>
          <ns3:TrackPointExtension>
            <ns3:atemp>12.0</ns3:atemp>
            <ns3:cad>0</ns3:cad>
          </ns3:TrackPointExtension>
        </extensions>
      </trkpt>
      <trkpt lat="36.708345115184783935546875" lon="137.8337549977004528045654296875">
        <ele>817</ele>
        <time>2023-10-07T06:27:17.000Z</time>
        <extensions>
          <ns3:TrackPointExtension>
            <ns3:atemp>12.0</ns3:atemp>
            <ns3:cad>0</ns3:cad>
          </ns3:TrackPointExtension>
        </extensions>
      </trkpt>
      <trkpt lat="36.708345115184783935546875" lon="137.8337549977004528045654296875">
        <ele>817</ele>
        <time>2023-10-07T06:27:18.000Z</time>
        <extensions>
          <ns3:TrackPointExtension>
            <ns3:atemp>12.0</ns3:atemp>
            <ns3:cad>0</ns3:cad>
          </ns3:TrackPointExtension>
        </extensions>
      </trkpt>
      <trkpt lat="36.708345115184783935546875" lon="137.8337549977004528045654296875">
        <ele>817</ele>
        <time>2023-10-07T06:27:19.000Z</time>
        <extensions>
          <ns3:TrackPointExtension>
            <ns3:atemp>12.0</ns3:atemp>
            <ns3:cad>0</ns3:cad>
          </ns3:TrackPointExtension>
        </extensions>
      </trkpt>
      <trkpt lat="36.7083459533751010894775390625" lon="137.83375407569110393524169921875">
        <ele>817</ele>
        <time>2023-10-07T06:27:20.000Z</time>
        <extensions>
          <ns3:TrackPointExtension>
            <ns3:atemp>12.0</ns3:atemp>
            <ns3:cad>0</ns3:cad>
          </ns3:TrackPointExtension>
        </extensions>
      </trkpt>
      <trkpt lat="36.70835073105990886688232421875" lon="137.83374452032148838043212890625">
        <ele>817</ele>
        <time>2023-10-07T06:27:21.000Z</time>
        <extensions>
          <ns3:TrackPointExtension>
            <ns3:atemp>12.0</ns3:atemp>
            <ns3:cad>0</ns3:cad>
          </ns3:TrackPointExtension>
        </extensions>
      </trkpt>
      <trkpt lat="36.708345450460910797119140625" lon="137.83373697660863399505615234375">
        <ele>817</ele>
        <time>2023-10-07T06:27:22.000Z</time>
        <extensions>
          <ns3:TrackPointExtension>
            <ns3:atemp>12.0</ns3:atemp>
            <ns3:cad>0</ns3:cad>
          </ns3:TrackPointExtension>
        </extensions>
      </trkpt>
      <trkpt lat="36.7083379067480564117431640625" lon="137.83373412676155567169189453125">
        <ele>817</ele>
        <time>2023-10-07T06:27:23.000Z</time>
        <extensions>
          <ns3:TrackPointExtension>
            <ns3:atemp>12.0</ns3:atemp>
            <ns3:cad>0</ns3:cad>
          </ns3:TrackPointExtension>
        </extensions>
      </trkpt>
      <trkpt lat="36.70833505690097808837890625" lon="137.83373915590345859527587890625">
        <ele>816.79998779296875</ele>
        <time>2023-10-07T06:27:24.000Z</time>
        <extensions>
          <ns3:TrackPointExtension>
            <ns3:atemp>13.0</ns3:atemp>
            <ns3:cad>0</ns3:cad>
          </ns3:TrackPointExtension>
        </extensions>
      </trkpt>
      <trkpt lat="36.708335392177104949951171875" lon="137.83374133519828319549560546875">
        <ele>816.79998779296875</ele>
        <time>2023-10-07T06:27:25.000Z</time>
        <extensions>
          <ns3:TrackPointExtension>
            <ns3:atemp>13.0</ns3:atemp>
            <ns3:cad>0</ns3:cad>
          </ns3:TrackPointExtension>
        </extensions>
      </trkpt>
      <trkpt lat="36.708335392177104949951171875" lon="137.83374133519828319549560546875">
        <ele>816.79998779296875</ele>
        <time>2023-10-07T06:27:26.000Z</time>
        <extensions>
          <ns3:TrackPointExtension>
            <ns3:atemp>13.0</ns3:atemp>
            <ns3:cad>0</ns3:cad>
          </ns3:TrackPointExtension>
        </extensions>
      </trkpt>
      <trkpt lat="36.708335392177104949951171875" lon="137.83374133519828319549560546875">
        <ele>816.79998779296875</ele>
        <time>2023-10-07T06:27:27.000Z</time>
        <extensions>
          <ns3:TrackPointExtension>
            <ns3:atemp>13.0</ns3:atemp>
            <ns3:cad>0</ns3:cad>
          </ns3:TrackPointExtension>
        </extensions>
      </trkpt>
      <trkpt lat="36.708335392177104949951171875" lon="137.83374133519828319549560546875">
        <ele>816.79998779296875</ele>
        <time>2023-10-07T06:27:28.000Z</time>
        <extensions>
          <ns3:TrackPointExtension>
            <ns3:atemp>13.0</ns3:atemp>
            <ns3:cad>0</ns3:cad>
          </ns3:TrackPointExtension>
        </extensions>
      </trkpt>
      <trkpt lat="36.708335392177104949951171875" lon="137.83374133519828319549560546875">
        <ele>816.79998779296875</ele>
        <time>2023-10-07T06:27:29.000Z</time>
        <extensions>
          <ns3:TrackPointExtension>
            <ns3:atemp>13.0</ns3:atemp>
            <ns3:cad>0</ns3:cad>
          </ns3:TrackPointExtension>
        </extensions>
      </trkpt>
      <trkpt lat="36.708335392177104949951171875" lon="137.83374133519828319549560546875">
        <ele>816.5999755859375</ele>
        <time>2023-10-07T06:27:30.000Z</time>
        <extensions>
          <ns3:TrackPointExtension>
            <ns3:atemp>13.0</ns3:atemp>
            <ns3:cad>0</ns3:cad>
          </ns3:TrackPointExtension>
        </extensions>
      </trkpt>
      <trkpt lat="36.708335392177104949951171875" lon="137.83374133519828319549560546875">
        <ele>816.5999755859375</ele>
        <time>2023-10-07T06:27:31.000Z</time>
        <extensions>
          <ns3:TrackPointExtension>
            <ns3:atemp>13.0</ns3:atemp>
            <ns3:cad>0</ns3:cad>
          </ns3:TrackPointExtension>
        </extensions>
      </trkpt>
      <trkpt lat="36.708338744938373565673828125" lon="137.83374133519828319549560546875">
        <ele>816.5999755859375</ele>
        <time>2023-10-07T06:27:32.000Z</time>
        <extensions>
          <ns3:TrackPointExtension>
            <ns3:atemp>13.0</ns3:atemp>
            <ns3:cad>0</ns3:cad>
          </ns3:TrackPointExtension>
        </extensions>
      </trkpt>
      <trkpt lat="36.7083389125764369964599609375" lon="137.83374133519828319549560546875">
        <ele>816.5999755859375</ele>
        <time>2023-10-07T06:27:33.000Z</time>
        <extensions>
          <ns3:TrackPointExtension>
            <ns3:atemp>13.0</ns3:atemp>
            <ns3:cad>0</ns3:cad>
          </ns3:TrackPointExtension>
        </extensions>
      </trkpt>
      <trkpt lat="36.7083389125764369964599609375" lon="137.83374133519828319549560546875">
        <ele>816.5999755859375</ele>
        <time>2023-10-07T06:27:34.000Z</time>
        <extensions>
          <ns3:TrackPointExtension>
            <ns3:atemp>13.0</ns3:atemp>
            <ns3:cad>0</ns3:cad>
          </ns3:TrackPointExtension>
        </extensions>
      </trkpt>
      <trkpt lat="36.7083389125764369964599609375" lon="137.83374133519828319549560546875">
        <ele>816.5999755859375</ele>
        <time>2023-10-07T06:27:35.000Z</time>
        <extensions>
          <ns3:TrackPointExtension>
            <ns3:atemp>13.0</ns3:atemp>
            <ns3:cad>0</ns3:cad>
          </ns3:TrackPointExtension>
        </extensions>
      </trkpt>
      <trkpt lat="36.7083389125764369964599609375" lon="137.83373974263668060302734375">
        <ele>816.79998779296875</ele>
        <time>2023-10-07T06:27:36.000Z</time>
        <extensions>
          <ns3:TrackPointExtension>
            <ns3:atemp>13.0</ns3:atemp>
            <ns3:cad>0</ns3:cad>
          </ns3:TrackPointExtension>
        </extensions>
      </trkpt>
      <trkpt lat="36.7083389125764369964599609375" lon="137.83373965881764888763427734375">
        <ele>816.79998779296875</ele>
        <time>2023-10-07T06:27:37.000Z</time>
        <extensions>
          <ns3:TrackPointExtension>
            <ns3:atemp>13.0</ns3:atemp>
            <ns3:cad>0</ns3:cad>
          </ns3:TrackPointExtension>
        </extensions>
      </trkpt>
      <trkpt lat="36.7083389125764369964599609375" lon="137.83373965881764888763427734375">
        <ele>816.79998779296875</ele>
        <time>2023-10-07T06:27:38.000Z</time>
        <extensions>
          <ns3:TrackPointExtension>
            <ns3:atemp>13.0</ns3:atemp>
            <ns3:cad>0</ns3:cad>
          </ns3:TrackPointExtension>
        </extensions>
      </trkpt>
      <trkpt lat="36.7083389125764369964599609375" lon="137.83373965881764888763427734375">
        <ele>816.79998779296875</ele>
        <time>2023-10-07T06:27:39.000Z</time>
        <extensions>
          <ns3:TrackPointExtension>
            <ns3:atemp>13.0</ns3:atemp>
            <ns3:cad>0</ns3:cad>
          </ns3:TrackPointExtension>
        </extensions>
      </trkpt>
      <trkpt lat="36.7083389125764369964599609375" lon="137.83373965881764888763427734375">
        <ele>816.79998779296875</ele>
        <time>2023-10-07T06:27:40.000Z</time>
        <extensions>
          <ns3:TrackPointExtension>
            <ns3:atemp>13.0</ns3:atemp>
            <ns3:cad>0</ns3:cad>
          </ns3:TrackPointExtension>
        </extensions>
      </trkpt>
      <trkpt lat="36.7083389125764369964599609375" lon="137.83373965881764888763427734375">
        <ele>816.79998779296875</ele>
        <time>2023-10-07T06:27:41.000Z</time>
        <extensions>
          <ns3:TrackPointExtension>
            <ns3:atemp>13.0</ns3:atemp>
            <ns3:cad>0</ns3:cad>
          </ns3:TrackPointExtension>
        </extensions>
      </trkpt>
      <trkpt lat="36.7083389125764369964599609375" lon="137.83373965881764888763427734375">
        <ele>816.79998779296875</ele>
        <time>2023-10-07T06:27:42.000Z</time>
        <extensions>
          <ns3:TrackPointExtension>
            <ns3:atemp>13.0</ns3:atemp>
            <ns3:cad>0</ns3:cad>
          </ns3:TrackPointExtension>
        </extensions>
      </trkpt>
      <trkpt lat="36.7083389125764369964599609375" lon="137.83373965881764888763427734375">
        <ele>817</ele>
        <time>2023-10-07T06:27:43.000Z</time>
        <extensions>
          <ns3:TrackPointExtension>
            <ns3:atemp>13.0</ns3:atemp>
            <ns3:cad>0</ns3:cad>
          </ns3:TrackPointExtension>
        </extensions>
      </trkpt>
      <trkpt lat="36.7083389125764369964599609375" lon="137.83373965881764888763427734375">
        <ele>817</ele>
        <time>2023-10-07T06:27:44.000Z</time>
        <extensions>
          <ns3:TrackPointExtension>
            <ns3:atemp>13.0</ns3:atemp>
            <ns3:cad>0</ns3:cad>
          </ns3:TrackPointExtension>
        </extensions>
      </trkpt>
      <trkpt lat="36.7083389125764369964599609375" lon="137.83373965881764888763427734375">
        <ele>817.20001220703125</ele>
        <time>2023-10-07T06:27:45.000Z</time>
        <extensions>
          <ns3:TrackPointExtension>
            <ns3:atemp>13.0</ns3:atemp>
            <ns3:cad>0</ns3:cad>
          </ns3:TrackPointExtension>
        </extensions>
      </trkpt>
      <trkpt lat="36.7083389125764369964599609375" lon="137.83373965881764888763427734375">
        <ele>817.4000244140625</ele>
        <time>2023-10-07T06:27:46.000Z</time>
        <extensions>
          <ns3:TrackPointExtension>
            <ns3:atemp>13.0</ns3:atemp>
            <ns3:cad>0</ns3:cad>
          </ns3:TrackPointExtension>
        </extensions>
      </trkpt>
      <trkpt lat="36.7083389125764369964599609375" lon="137.83373965881764888763427734375">
        <ele>817.4000244140625</ele>
        <time>2023-10-07T06:27:47.000Z</time>
        <extensions>
          <ns3:TrackPointExtension>
            <ns3:atemp>13.0</ns3:atemp>
            <ns3:cad>0</ns3:cad>
          </ns3:TrackPointExtension>
        </extensions>
      </trkpt>
      <trkpt lat="36.7083389125764369964599609375" lon="137.83373965881764888763427734375">
        <ele>817.5999755859375</ele>
        <time>2023-10-07T06:27:48.000Z</time>
        <extensions>
          <ns3:TrackPointExtension>
            <ns3:atemp>13.0</ns3:atemp>
            <ns3:cad>0</ns3:cad>
          </ns3:TrackPointExtension>
        </extensions>
      </trkpt>
      <trkpt lat="36.7083389125764369964599609375" lon="137.83373965881764888763427734375">
        <ele>817.5999755859375</ele>
        <time>2023-10-07T06:27:49.000Z</time>
        <extensions>
          <ns3:TrackPointExtension>
            <ns3:atemp>13.0</ns3:atemp>
            <ns3:cad>0</ns3:cad>
          </ns3:TrackPointExtension>
        </extensions>
      </trkpt>
      <trkpt lat="36.70833899639546871185302734375" lon="137.83374066464602947235107421875">
        <ele>817.79998779296875</ele>
        <time>2023-10-07T06:27:50.000Z</time>
        <extensions>
          <ns3:TrackPointExtension>
            <ns3:atemp>13.0</ns3:atemp>
            <ns3:cad>0</ns3:cad>
          </ns3:TrackPointExtension>
        </extensions>
      </trkpt>
      <trkpt lat="36.70833899639546871185302734375" lon="137.83374066464602947235107421875">
        <ele>817.79998779296875</ele>
        <time>2023-10-07T06:27:51.000Z</time>
        <extensions>
          <ns3:TrackPointExtension>
            <ns3:atemp>13.0</ns3:atemp>
            <ns3:cad>0</ns3:cad>
          </ns3:TrackPointExtension>
        </extensions>
      </trkpt>
      <trkpt lat="36.70833899639546871185302734375" lon="137.83374066464602947235107421875">
        <ele>817.79998779296875</ele>
        <time>2023-10-07T06:27:52.000Z</time>
        <extensions>
          <ns3:TrackPointExtension>
            <ns3:atemp>13.0</ns3:atemp>
            <ns3:cad>0</ns3:cad>
          </ns3:TrackPointExtension>
        </extensions>
      </trkpt>
      <trkpt lat="36.70833899639546871185302734375" lon="137.83374066464602947235107421875">
        <ele>817.79998779296875</ele>
        <time>2023-10-07T06:27:53.000Z</time>
        <extensions>
          <ns3:TrackPointExtension>
            <ns3:atemp>13.0</ns3:atemp>
            <ns3:cad>0</ns3:cad>
          </ns3:TrackPointExtension>
        </extensions>
      </trkpt>
      <trkpt lat="36.70833899639546871185302734375" lon="137.83374066464602947235107421875">
        <ele>817.79998779296875</ele>
        <time>2023-10-07T06:27:54.000Z</time>
        <extensions>
          <ns3:TrackPointExtension>
            <ns3:atemp>13.0</ns3:atemp>
            <ns3:cad>0</ns3:cad>
          </ns3:TrackPointExtension>
        </extensions>
      </trkpt>
      <trkpt lat="36.70833899639546871185302734375" lon="137.83374066464602947235107421875">
        <ele>817.79998779296875</ele>
        <time>2023-10-07T06:27:55.000Z</time>
        <extensions>
          <ns3:TrackPointExtension>
            <ns3:atemp>13.0</ns3:atemp>
            <ns3:cad>0</ns3:cad>
          </ns3:TrackPointExtension>
        </extensions>
      </trkpt>
      <trkpt lat="36.70833899639546871185302734375" lon="137.83374066464602947235107421875">
        <ele>817.4000244140625</ele>
        <time>2023-10-07T06:27:56.000Z</time>
        <extensions>
          <ns3:TrackPointExtension>
            <ns3:atemp>13.0</ns3:atemp>
            <ns3:cad>0</ns3:cad>
          </ns3:TrackPointExtension>
        </extensions>
      </trkpt>
      <trkpt lat="36.70833899639546871185302734375" lon="137.83374250866472721099853515625">
        <ele>817.4000244140625</ele>
        <time>2023-10-07T06:27:57.000Z</time>
        <extensions>
          <ns3:TrackPointExtension>
            <ns3:atemp>13.0</ns3:atemp>
            <ns3:cad>0</ns3:cad>
          </ns3:TrackPointExtension>
        </extensions>
      </trkpt>
      <trkpt lat="36.70833899639546871185302734375" lon="137.8337425924837589263916015625">
        <ele>817.20001220703125</ele>
        <time>2023-10-07T06:27:58.000Z</time>
        <extensions>
          <ns3:TrackPointExtension>
            <ns3:atemp>13.0</ns3:atemp>
            <ns3:cad>0</ns3:cad>
          </ns3:TrackPointExtension>
        </extensions>
      </trkpt>
      <trkpt lat="36.70833899639546871185302734375" lon="137.8337425924837589263916015625">
        <ele>817</ele>
        <time>2023-10-07T06:27:59.000Z</time>
        <extensions>
          <ns3:TrackPointExtension>
            <ns3:atemp>13.0</ns3:atemp>
            <ns3:cad>0</ns3:cad>
          </ns3:TrackPointExtension>
        </extensions>
      </trkpt>
      <trkpt lat="36.70833899639546871185302734375" lon="137.8337425924837589263916015625">
        <ele>817</ele>
        <time>2023-10-07T06:28:00.000Z</time>
        <extensions>
          <ns3:TrackPointExtension>
            <ns3:atemp>13.0</ns3:atemp>
            <ns3:cad>0</ns3:cad>
          </ns3:TrackPointExtension>
        </extensions>
      </trkpt>
      <trkpt lat="36.70833899639546871185302734375" lon="137.8337425924837589263916015625">
        <ele>816.5999755859375</ele>
        <time>2023-10-07T06:28:01.000Z</time>
        <extensions>
          <ns3:TrackPointExtension>
            <ns3:atemp>13.0</ns3:atemp>
            <ns3:cad>0</ns3:cad>
          </ns3:TrackPointExtension>
        </extensions>
      </trkpt>
      <trkpt lat="36.70833899639546871185302734375" lon="137.8337425924837589263916015625">
        <ele>816.5999755859375</ele>
        <time>2023-10-07T06:28:02.000Z</time>
        <extensions>
          <ns3:TrackPointExtension>
            <ns3:atemp>13.0</ns3:atemp>
            <ns3:cad>0</ns3:cad>
          </ns3:TrackPointExtension>
        </extensions>
      </trkpt>
      <trkpt lat="36.70833899639546871185302734375" lon="137.8337425924837589263916015625">
        <ele>816.4000244140625</ele>
        <time>2023-10-07T06:28:03.000Z</time>
        <extensions>
          <ns3:TrackPointExtension>
            <ns3:atemp>13.0</ns3:atemp>
            <ns3:cad>0</ns3:cad>
          </ns3:TrackPointExtension>
        </extensions>
      </trkpt>
      <trkpt lat="36.70833899639546871185302734375" lon="137.83374644815921783447265625">
        <ele>816.4000244140625</ele>
        <time>2023-10-07T06:28:04.000Z</time>
        <extensions>
          <ns3:TrackPointExtension>
            <ns3:atemp>13.0</ns3:atemp>
            <ns3:cad>0</ns3:cad>
          </ns3:TrackPointExtension>
        </extensions>
      </trkpt>
      <trkpt lat="36.70833966694772243499755859375" lon="137.8337506391108036041259765625">
        <ele>816.20001220703125</ele>
        <time>2023-10-07T06:28:05.000Z</time>
        <extensions>
          <ns3:TrackPointExtension>
            <ns3:atemp>13.0</ns3:atemp>
            <ns3:cad>0</ns3:cad>
          </ns3:TrackPointExtension>
        </extensions>
      </trkpt>
      <trkpt lat="36.708339750766754150390625" lon="137.8337509743869304656982421875">
        <ele>816.20001220703125</ele>
        <time>2023-10-07T06:28:06.000Z</time>
        <extensions>
          <ns3:TrackPointExtension>
            <ns3:atemp>13.0</ns3:atemp>
            <ns3:cad>0</ns3:cad>
          </ns3:TrackPointExtension>
        </extensions>
      </trkpt>
      <trkpt lat="36.708339750766754150390625" lon="137.8337509743869304656982421875">
        <ele>816.20001220703125</ele>
        <time>2023-10-07T06:28:07.000Z</time>
        <extensions>
          <ns3:TrackPointExtension>
            <ns3:atemp>13.0</ns3:atemp>
            <ns3:cad>0</ns3:cad>
          </ns3:TrackPointExtension>
        </extensions>
      </trkpt>
      <trkpt lat="36.708339750766754150390625" lon="137.8337509743869304656982421875">
        <ele>816</ele>
        <time>2023-10-07T06:28:08.000Z</time>
        <extensions>
          <ns3:TrackPointExtension>
            <ns3:atemp>13.0</ns3:atemp>
            <ns3:cad>0</ns3:cad>
          </ns3:TrackPointExtension>
        </extensions>
      </trkpt>
      <trkpt lat="36.708339750766754150390625" lon="137.8337509743869304656982421875">
        <ele>816</ele>
        <time>2023-10-07T06:28:09.000Z</time>
        <extensions>
          <ns3:TrackPointExtension>
            <ns3:atemp>13.0</ns3:atemp>
            <ns3:cad>0</ns3:cad>
          </ns3:TrackPointExtension>
        </extensions>
      </trkpt>
      <trkpt lat="36.708339750766754150390625" lon="137.8337509743869304656982421875">
        <ele>816</ele>
        <time>2023-10-07T06:28:10.000Z</time>
        <extensions>
          <ns3:TrackPointExtension>
            <ns3:atemp>13.0</ns3:atemp>
            <ns3:cad>0</ns3:cad>
          </ns3:TrackPointExtension>
        </extensions>
      </trkpt>
      <trkpt lat="36.708339750766754150390625" lon="137.8337509743869304656982421875">
        <ele>816</ele>
        <time>2023-10-07T06:28:11.000Z</time>
        <extensions>
          <ns3:TrackPointExtension>
            <ns3:atemp>13.0</ns3:atemp>
            <ns3:cad>0</ns3:cad>
          </ns3:TrackPointExtension>
        </extensions>
      </trkpt>
      <trkpt lat="36.708339750766754150390625" lon="137.8337509743869304656982421875">
        <ele>816</ele>
        <time>2023-10-07T06:28:12.000Z</time>
        <extensions>
          <ns3:TrackPointExtension>
            <ns3:atemp>13.0</ns3:atemp>
            <ns3:cad>0</ns3:cad>
          </ns3:TrackPointExtension>
        </extensions>
      </trkpt>
      <trkpt lat="36.708339750766754150390625" lon="137.8337509743869304656982421875">
        <ele>816</ele>
        <time>2023-10-07T06:28:13.000Z</time>
        <extensions>
          <ns3:TrackPointExtension>
            <ns3:atemp>13.0</ns3:atemp>
            <ns3:cad>0</ns3:cad>
          </ns3:TrackPointExtension>
        </extensions>
      </trkpt>
      <trkpt lat="36.708339750766754150390625" lon="137.8337509743869304656982421875">
        <ele>816</ele>
        <time>2023-10-07T06:28:14.000Z</time>
        <extensions>
          <ns3:TrackPointExtension>
            <ns3:atemp>13.0</ns3:atemp>
            <ns3:cad>0</ns3:cad>
          </ns3:TrackPointExtension>
        </extensions>
      </trkpt>
      <trkpt lat="36.708339750766754150390625" lon="137.8337509743869304656982421875">
        <ele>816</ele>
        <time>2023-10-07T06:28:15.000Z</time>
        <extensions>
          <ns3:TrackPointExtension>
            <ns3:atemp>13.0</ns3:atemp>
            <ns3:cad>0</ns3:cad>
          </ns3:TrackPointExtension>
        </extensions>
      </trkpt>
      <trkpt lat="36.708339750766754150390625" lon="137.8337509743869304656982421875">
        <ele>816</ele>
        <time>2023-10-07T06:28:16.000Z</time>
        <extensions>
          <ns3:TrackPointExtension>
            <ns3:atemp>13.0</ns3:atemp>
            <ns3:cad>0</ns3:cad>
          </ns3:TrackPointExtension>
        </extensions>
      </trkpt>
      <trkpt lat="36.708339750766754150390625" lon="137.8337509743869304656982421875">
        <ele>815.79998779296875</ele>
        <time>2023-10-07T06:28:17.000Z</time>
        <extensions>
          <ns3:TrackPointExtension>
            <ns3:atemp>13.0</ns3:atemp>
            <ns3:cad>0</ns3:cad>
          </ns3:TrackPointExtension>
        </extensions>
      </trkpt>
      <trkpt lat="36.708339750766754150390625" lon="137.8337509743869304656982421875">
        <ele>815.79998779296875</ele>
        <time>2023-10-07T06:28:18.000Z</time>
        <extensions>
          <ns3:TrackPointExtension>
            <ns3:atemp>13.0</ns3:atemp>
            <ns3:cad>0</ns3:cad>
          </ns3:TrackPointExtension>
        </extensions>
      </trkpt>
      <trkpt lat="36.708339750766754150390625" lon="137.8337509743869304656982421875">
        <ele>815.79998779296875</ele>
        <time>2023-10-07T06:28:19.000Z</time>
        <extensions>
          <ns3:TrackPointExtension>
            <ns3:atemp>13.0</ns3:atemp>
            <ns3:cad>0</ns3:cad>
          </ns3:TrackPointExtension>
        </extensions>
      </trkpt>
      <trkpt lat="36.708339750766754150390625" lon="137.8337509743869304656982421875">
        <ele>815.79998779296875</ele>
        <time>2023-10-07T06:28:20.000Z</time>
        <extensions>
          <ns3:TrackPointExtension>
            <ns3:atemp>13.0</ns3:atemp>
            <ns3:cad>0</ns3:cad>
          </ns3:TrackPointExtension>
        </extensions>
      </trkpt>
      <trkpt lat="36.708339750766754150390625" lon="137.8337509743869304656982421875">
        <ele>815.79998779296875</ele>
        <time>2023-10-07T06:28:21.000Z</time>
        <extensions>
          <ns3:TrackPointExtension>
            <ns3:atemp>13.0</ns3:atemp>
            <ns3:cad>0</ns3:cad>
          </ns3:TrackPointExtension>
        </extensions>
      </trkpt>
      <trkpt lat="36.708339750766754150390625" lon="137.8337509743869304656982421875">
        <ele>815.79998779296875</ele>
        <time>2023-10-07T06:28:22.000Z</time>
        <extensions>
          <ns3:TrackPointExtension>
            <ns3:atemp>13.0</ns3:atemp>
            <ns3:cad>0</ns3:cad>
          </ns3:TrackPointExtension>
        </extensions>
      </trkpt>
      <trkpt lat="36.708339750766754150390625" lon="137.8337509743869304656982421875">
        <ele>815.79998779296875</ele>
        <time>2023-10-07T06:28:23.000Z</time>
        <extensions>
          <ns3:TrackPointExtension>
            <ns3:atemp>13.0</ns3:atemp>
            <ns3:cad>0</ns3:cad>
          </ns3:TrackPointExtension>
        </extensions>
      </trkpt>
      <trkpt lat="36.708339750766754150390625" lon="137.8337509743869304656982421875">
        <ele>815.79998779296875</ele>
        <time>2023-10-07T06:28:24.000Z</time>
        <extensions>
          <ns3:TrackPointExtension>
            <ns3:atemp>13.0</ns3:atemp>
            <ns3:cad>0</ns3:cad>
          </ns3:TrackPointExtension>
        </extensions>
      </trkpt>
      <trkpt lat="36.708339750766754150390625" lon="137.8337509743869304656982421875">
        <ele>815.79998779296875</ele>
        <time>2023-10-07T06:28:25.000Z</time>
        <extensions>
          <ns3:TrackPointExtension>
            <ns3:atemp>13.0</ns3:atemp>
            <ns3:cad>0</ns3:cad>
          </ns3:TrackPointExtension>
        </extensions>
      </trkpt>
      <trkpt lat="36.708339750766754150390625" lon="137.8337509743869304656982421875">
        <ele>815.79998779296875</ele>
        <time>2023-10-07T06:28:26.000Z</time>
        <extensions>
          <ns3:TrackPointExtension>
            <ns3:atemp>13.0</ns3:atemp>
            <ns3:cad>0</ns3:cad>
          </ns3:TrackPointExtension>
        </extensions>
      </trkpt>
      <trkpt lat="36.708339750766754150390625" lon="137.8337509743869304656982421875">
        <ele>815.79998779296875</ele>
        <time>2023-10-07T06:28:27.000Z</time>
        <extensions>
          <ns3:TrackPointExtension>
            <ns3:atemp>13.0</ns3:atemp>
            <ns3:cad>0</ns3:cad>
          </ns3:TrackPointExtension>
        </extensions>
      </trkpt>
      <trkpt lat="36.708339750766754150390625" lon="137.8337509743869304656982421875">
        <ele>815.79998779296875</ele>
        <time>2023-10-07T06:28:28.000Z</time>
        <extensions>
          <ns3:TrackPointExtension>
            <ns3:atemp>13.0</ns3:atemp>
            <ns3:cad>0</ns3:cad>
          </ns3:TrackPointExtension>
        </extensions>
      </trkpt>
      <trkpt lat="36.708339750766754150390625" lon="137.8337509743869304656982421875">
        <ele>815.79998779296875</ele>
        <time>2023-10-07T06:28:29.000Z</time>
        <extensions>
          <ns3:TrackPointExtension>
            <ns3:atemp>13.0</ns3:atemp>
            <ns3:cad>0</ns3:cad>
          </ns3:TrackPointExtension>
        </extensions>
      </trkpt>
      <trkpt lat="36.708339750766754150390625" lon="137.8337509743869304656982421875">
        <ele>815.79998779296875</ele>
        <time>2023-10-07T06:28:30.000Z</time>
        <extensions>
          <ns3:TrackPointExtension>
            <ns3:atemp>13.0</ns3:atemp>
            <ns3:cad>0</ns3:cad>
          </ns3:TrackPointExtension>
        </extensions>
      </trkpt>
      <trkpt lat="36.708339750766754150390625" lon="137.8337509743869304656982421875">
        <ele>815.79998779296875</ele>
        <time>2023-10-07T06:28:31.000Z</time>
        <extensions>
          <ns3:TrackPointExtension>
            <ns3:atemp>13.0</ns3:atemp>
            <ns3:cad>0</ns3:cad>
          </ns3:TrackPointExtension>
        </extensions>
      </trkpt>
      <trkpt lat="36.708339750766754150390625" lon="137.8337509743869304656982421875">
        <ele>815.79998779296875</ele>
        <time>2023-10-07T06:28:32.000Z</time>
        <extensions>
          <ns3:TrackPointExtension>
            <ns3:atemp>13.0</ns3:atemp>
            <ns3:cad>0</ns3:cad>
          </ns3:TrackPointExtension>
        </extensions>
      </trkpt>
      <trkpt lat="36.708339750766754150390625" lon="137.8337509743869304656982421875">
        <ele>815.79998779296875</ele>
        <time>2023-10-07T06:28:33.000Z</time>
        <extensions>
          <ns3:TrackPointExtension>
            <ns3:atemp>13.0</ns3:atemp>
            <ns3:cad>0</ns3:cad>
          </ns3:TrackPointExtension>
        </extensions>
      </trkpt>
      <trkpt lat="36.708339750766754150390625" lon="137.8337509743869304656982421875">
        <ele>815.79998779296875</ele>
        <time>2023-10-07T06:28:34.000Z</time>
        <extensions>
          <ns3:TrackPointExtension>
            <ns3:atemp>13.0</ns3:atemp>
            <ns3:cad>0</ns3:cad>
          </ns3:TrackPointExtension>
        </extensions>
      </trkpt>
      <trkpt lat="36.708339750766754150390625" lon="137.8337509743869304656982421875">
        <ele>815.79998779296875</ele>
        <time>2023-10-07T06:28:35.000Z</time>
        <extensions>
          <ns3:TrackPointExtension>
            <ns3:atemp>13.0</ns3:atemp>
            <ns3:cad>0</ns3:cad>
          </ns3:TrackPointExtension>
        </extensions>
      </trkpt>
      <trkpt lat="36.708339750766754150390625" lon="137.8337509743869304656982421875">
        <ele>815.79998779296875</ele>
        <time>2023-10-07T06:28:36.000Z</time>
        <extensions>
          <ns3:TrackPointExtension>
            <ns3:atemp>13.0</ns3:atemp>
            <ns3:cad>0</ns3:cad>
          </ns3:TrackPointExtension>
        </extensions>
      </trkpt>
      <trkpt lat="36.708339750766754150390625" lon="137.8337509743869304656982421875">
        <ele>815.79998779296875</ele>
        <time>2023-10-07T06:28:37.000Z</time>
        <extensions>
          <ns3:TrackPointExtension>
            <ns3:atemp>13.0</ns3:atemp>
            <ns3:cad>0</ns3:cad>
          </ns3:TrackPointExtension>
        </extensions>
      </trkpt>
      <trkpt lat="36.708339750766754150390625" lon="137.8337509743869304656982421875">
        <ele>815.79998779296875</ele>
        <time>2023-10-07T06:28:38.000Z</time>
        <extensions>
          <ns3:TrackPointExtension>
            <ns3:atemp>13.0</ns3:atemp>
            <ns3:cad>0</ns3:cad>
          </ns3:TrackPointExtension>
        </extensions>
      </trkpt>
      <trkpt lat="36.708339750766754150390625" lon="137.8337509743869304656982421875">
        <ele>815.79998779296875</ele>
        <time>2023-10-07T06:28:39.000Z</time>
        <extensions>
          <ns3:TrackPointExtension>
            <ns3:atemp>13.0</ns3:atemp>
            <ns3:cad>0</ns3:cad>
          </ns3:TrackPointExtension>
        </extensions>
      </trkpt>
      <trkpt lat="36.708339750766754150390625" lon="137.8337509743869304656982421875">
        <ele>815.79998779296875</ele>
        <time>2023-10-07T06:28:40.000Z</time>
        <extensions>
          <ns3:TrackPointExtension>
            <ns3:atemp>13.0</ns3:atemp>
            <ns3:cad>0</ns3:cad>
          </ns3:TrackPointExtension>
        </extensions>
      </trkpt>
      <trkpt lat="36.708339750766754150390625" lon="137.8337509743869304656982421875">
        <ele>815.79998779296875</ele>
        <time>2023-10-07T06:28:41.000Z</time>
        <extensions>
          <ns3:TrackPointExtension>
            <ns3:atemp>13.0</ns3:atemp>
            <ns3:cad>0</ns3:cad>
          </ns3:TrackPointExtension>
        </extensions>
      </trkpt>
      <trkpt lat="36.708339750766754150390625" lon="137.8337509743869304656982421875">
        <ele>815.79998779296875</ele>
        <time>2023-10-07T06:28:42.000Z</time>
        <extensions>
          <ns3:TrackPointExtension>
            <ns3:atemp>13.0</ns3:atemp>
            <ns3:cad>0</ns3:cad>
          </ns3:TrackPointExtension>
        </extensions>
      </trkpt>
      <trkpt lat="36.708339750766754150390625" lon="137.8337509743869304656982421875">
        <ele>815.79998779296875</ele>
        <time>2023-10-07T06:28:43.000Z</time>
        <extensions>
          <ns3:TrackPointExtension>
            <ns3:atemp>13.0</ns3:atemp>
            <ns3:cad>0</ns3:cad>
          </ns3:TrackPointExtension>
        </extensions>
      </trkpt>
      <trkpt lat="36.708339750766754150390625" lon="137.8337509743869304656982421875">
        <ele>815.79998779296875</ele>
        <time>2023-10-07T06:28:44.000Z</time>
        <extensions>
          <ns3:TrackPointExtension>
            <ns3:atemp>13.0</ns3:atemp>
            <ns3:cad>0</ns3:cad>
          </ns3:TrackPointExtension>
        </extensions>
      </trkpt>
      <trkpt lat="36.708339750766754150390625" lon="137.8337509743869304656982421875">
        <ele>815.79998779296875</ele>
        <time>2023-10-07T06:28:45.000Z</time>
        <extensions>
          <ns3:TrackPointExtension>
            <ns3:atemp>13.0</ns3:atemp>
            <ns3:cad>0</ns3:cad>
          </ns3:TrackPointExtension>
        </extensions>
      </trkpt>
      <trkpt lat="36.708339750766754150390625" lon="137.8337509743869304656982421875">
        <ele>815.79998779296875</ele>
        <time>2023-10-07T06:28:46.000Z</time>
        <extensions>
          <ns3:TrackPointExtension>
            <ns3:atemp>13.0</ns3:atemp>
            <ns3:cad>0</ns3:cad>
          </ns3:TrackPointExtension>
        </extensions>
      </trkpt>
      <trkpt lat="36.708339750766754150390625" lon="137.8337509743869304656982421875">
        <ele>815.79998779296875</ele>
        <time>2023-10-07T06:28:47.000Z</time>
        <extensions>
          <ns3:TrackPointExtension>
            <ns3:atemp>13.0</ns3:atemp>
            <ns3:cad>0</ns3:cad>
          </ns3:TrackPointExtension>
        </extensions>
      </trkpt>
      <trkpt lat="36.708339750766754150390625" lon="137.8337509743869304656982421875">
        <ele>815.79998779296875</ele>
        <time>2023-10-07T06:28:48.000Z</time>
        <extensions>
          <ns3:TrackPointExtension>
            <ns3:atemp>13.0</ns3:atemp>
            <ns3:cad>0</ns3:cad>
          </ns3:TrackPointExtension>
        </extensions>
      </trkpt>
      <trkpt lat="36.708339750766754150390625" lon="137.8337509743869304656982421875">
        <ele>815.79998779296875</ele>
        <time>2023-10-07T06:28:49.000Z</time>
        <extensions>
          <ns3:TrackPointExtension>
            <ns3:atemp>13.0</ns3:atemp>
            <ns3:cad>0</ns3:cad>
          </ns3:TrackPointExtension>
        </extensions>
      </trkpt>
      <trkpt lat="36.708339750766754150390625" lon="137.8337509743869304656982421875">
        <ele>815.79998779296875</ele>
        <time>2023-10-07T06:28:50.000Z</time>
        <extensions>
          <ns3:TrackPointExtension>
            <ns3:atemp>13.0</ns3:atemp>
            <ns3:cad>0</ns3:cad>
          </ns3:TrackPointExtension>
        </extensions>
      </trkpt>
      <trkpt lat="36.708339750766754150390625" lon="137.8337509743869304656982421875">
        <ele>815.79998779296875</ele>
        <time>2023-10-07T06:28:51.000Z</time>
        <extensions>
          <ns3:TrackPointExtension>
            <ns3:atemp>13.0</ns3:atemp>
            <ns3:cad>0</ns3:cad>
          </ns3:TrackPointExtension>
        </extensions>
      </trkpt>
      <trkpt lat="36.708339750766754150390625" lon="137.8337509743869304656982421875">
        <ele>815.79998779296875</ele>
        <time>2023-10-07T06:28:52.000Z</time>
        <extensions>
          <ns3:TrackPointExtension>
            <ns3:atemp>13.0</ns3:atemp>
            <ns3:cad>0</ns3:cad>
          </ns3:TrackPointExtension>
        </extensions>
      </trkpt>
      <trkpt lat="36.708339750766754150390625" lon="137.8337509743869304656982421875">
        <ele>815.79998779296875</ele>
        <time>2023-10-07T06:28:53.000Z</time>
        <extensions>
          <ns3:TrackPointExtension>
            <ns3:atemp>13.0</ns3:atemp>
            <ns3:cad>0</ns3:cad>
          </ns3:TrackPointExtension>
        </extensions>
      </trkpt>
      <trkpt lat="36.708339750766754150390625" lon="137.8337509743869304656982421875">
        <ele>815.79998779296875</ele>
        <time>2023-10-07T06:28:54.000Z</time>
        <extensions>
          <ns3:TrackPointExtension>
            <ns3:atemp>13.0</ns3:atemp>
            <ns3:cad>0</ns3:cad>
          </ns3:TrackPointExtension>
        </extensions>
      </trkpt>
      <trkpt lat="36.708339750766754150390625" lon="137.8337509743869304656982421875">
        <ele>815.79998779296875</ele>
        <time>2023-10-07T06:28:55.000Z</time>
        <extensions>
          <ns3:TrackPointExtension>
            <ns3:atemp>13.0</ns3:atemp>
            <ns3:cad>0</ns3:cad>
          </ns3:TrackPointExtension>
        </extensions>
      </trkpt>
      <trkpt lat="36.708339750766754150390625" lon="137.8337509743869304656982421875">
        <ele>815.79998779296875</ele>
        <time>2023-10-07T06:28:56.000Z</time>
        <extensions>
          <ns3:TrackPointExtension>
            <ns3:atemp>13.0</ns3:atemp>
            <ns3:cad>0</ns3:cad>
          </ns3:TrackPointExtension>
        </extensions>
      </trkpt>
      <trkpt lat="36.708339750766754150390625" lon="137.8337509743869304656982421875">
        <ele>815.79998779296875</ele>
        <time>2023-10-07T06:28:57.000Z</time>
        <extensions>
          <ns3:TrackPointExtension>
            <ns3:atemp>13.0</ns3:atemp>
            <ns3:cad>0</ns3:cad>
          </ns3:TrackPointExtension>
        </extensions>
      </trkpt>
      <trkpt lat="36.708339750766754150390625" lon="137.8337509743869304656982421875">
        <ele>815.79998779296875</ele>
        <time>2023-10-07T06:28:58.000Z</time>
        <extensions>
          <ns3:TrackPointExtension>
            <ns3:atemp>13.0</ns3:atemp>
            <ns3:cad>0</ns3:cad>
          </ns3:TrackPointExtension>
        </extensions>
      </trkpt>
      <trkpt lat="36.708339750766754150390625" lon="137.8337509743869304656982421875">
        <ele>815.79998779296875</ele>
        <time>2023-10-07T06:28:59.000Z</time>
        <extensions>
          <ns3:TrackPointExtension>
            <ns3:atemp>13.0</ns3:atemp>
            <ns3:cad>0</ns3:cad>
          </ns3:TrackPointExtension>
        </extensions>
      </trkpt>
      <trkpt lat="36.708339750766754150390625" lon="137.8337509743869304656982421875">
        <ele>815.79998779296875</ele>
        <time>2023-10-07T06:29:00.000Z</time>
        <extensions>
          <ns3:TrackPointExtension>
            <ns3:atemp>13.0</ns3:atemp>
            <ns3:cad>0</ns3:cad>
          </ns3:TrackPointExtension>
        </extensions>
      </trkpt>
      <trkpt lat="36.708339750766754150390625" lon="137.8337509743869304656982421875">
        <ele>815.79998779296875</ele>
        <time>2023-10-07T06:29:01.000Z</time>
        <extensions>
          <ns3:TrackPointExtension>
            <ns3:atemp>13.0</ns3:atemp>
            <ns3:cad>0</ns3:cad>
          </ns3:TrackPointExtension>
        </extensions>
      </trkpt>
      <trkpt lat="36.708339750766754150390625" lon="137.8337509743869304656982421875">
        <ele>815.79998779296875</ele>
        <time>2023-10-07T06:29:02.000Z</time>
        <extensions>
          <ns3:TrackPointExtension>
            <ns3:atemp>13.0</ns3:atemp>
            <ns3:cad>0</ns3:cad>
          </ns3:TrackPointExtension>
        </extensions>
      </trkpt>
      <trkpt lat="36.708339750766754150390625" lon="137.8337509743869304656982421875">
        <ele>815.5999755859375</ele>
        <time>2023-10-07T06:29:03.000Z</time>
        <extensions>
          <ns3:TrackPointExtension>
            <ns3:atemp>13.0</ns3:atemp>
            <ns3:cad>0</ns3:cad>
          </ns3:TrackPointExtension>
        </extensions>
      </trkpt>
      <trkpt lat="36.708339750766754150390625" lon="137.8337509743869304656982421875">
        <ele>815.5999755859375</ele>
        <time>2023-10-07T06:29:04.000Z</time>
        <extensions>
          <ns3:TrackPointExtension>
            <ns3:atemp>13.0</ns3:atemp>
            <ns3:cad>0</ns3:cad>
          </ns3:TrackPointExtension>
        </extensions>
      </trkpt>
      <trkpt lat="36.708339750766754150390625" lon="137.8337509743869304656982421875">
        <ele>815.5999755859375</ele>
        <time>2023-10-07T06:29:05.000Z</time>
        <extensions>
          <ns3:TrackPointExtension>
            <ns3:atemp>13.0</ns3:atemp>
            <ns3:cad>0</ns3:cad>
          </ns3:TrackPointExtension>
        </extensions>
      </trkpt>
      <trkpt lat="36.708339750766754150390625" lon="137.8337509743869304656982421875">
        <ele>815.5999755859375</ele>
        <time>2023-10-07T06:29:06.000Z</time>
        <extensions>
          <ns3:TrackPointExtension>
            <ns3:atemp>13.0</ns3:atemp>
            <ns3:cad>0</ns3:cad>
          </ns3:TrackPointExtension>
        </extensions>
      </trkpt>
      <trkpt lat="36.708339750766754150390625" lon="137.8337509743869304656982421875">
        <ele>815.5999755859375</ele>
        <time>2023-10-07T06:29:07.000Z</time>
        <extensions>
          <ns3:TrackPointExtension>
            <ns3:atemp>13.0</ns3:atemp>
            <ns3:cad>0</ns3:cad>
          </ns3:TrackPointExtension>
        </extensions>
      </trkpt>
      <trkpt lat="36.708339750766754150390625" lon="137.8337509743869304656982421875">
        <ele>815.5999755859375</ele>
        <time>2023-10-07T06:29:08.000Z</time>
        <extensions>
          <ns3:TrackPointExtension>
            <ns3:atemp>13.0</ns3:atemp>
            <ns3:cad>0</ns3:cad>
          </ns3:TrackPointExtension>
        </extensions>
      </trkpt>
      <trkpt lat="36.708339750766754150390625" lon="137.8337509743869304656982421875">
        <ele>815.5999755859375</ele>
        <time>2023-10-07T06:29:09.000Z</time>
        <extensions>
          <ns3:TrackPointExtension>
            <ns3:atemp>13.0</ns3:atemp>
            <ns3:cad>0</ns3:cad>
          </ns3:TrackPointExtension>
        </extensions>
      </trkpt>
      <trkpt lat="36.708339750766754150390625" lon="137.8337509743869304656982421875">
        <ele>815.5999755859375</ele>
        <time>2023-10-07T06:29:10.000Z</time>
        <extensions>
          <ns3:TrackPointExtension>
            <ns3:atemp>13.0</ns3:atemp>
            <ns3:cad>0</ns3:cad>
          </ns3:TrackPointExtension>
        </extensions>
      </trkpt>
      <trkpt lat="36.708339750766754150390625" lon="137.8337509743869304656982421875">
        <ele>815.5999755859375</ele>
        <time>2023-10-07T06:29:11.000Z</time>
        <extensions>
          <ns3:TrackPointExtension>
            <ns3:atemp>13.0</ns3:atemp>
            <ns3:cad>0</ns3:cad>
          </ns3:TrackPointExtension>
        </extensions>
      </trkpt>
      <trkpt lat="36.708339750766754150390625" lon="137.8337509743869304656982421875">
        <ele>815.5999755859375</ele>
        <time>2023-10-07T06:29:12.000Z</time>
        <extensions>
          <ns3:TrackPointExtension>
            <ns3:atemp>13.0</ns3:atemp>
            <ns3:cad>0</ns3:cad>
          </ns3:TrackPointExtension>
        </extensions>
      </trkpt>
      <trkpt lat="36.708339750766754150390625" lon="137.8337509743869304656982421875">
        <ele>815.5999755859375</ele>
        <time>2023-10-07T06:29:13.000Z</time>
        <extensions>
          <ns3:TrackPointExtension>
            <ns3:atemp>13.0</ns3:atemp>
            <ns3:cad>0</ns3:cad>
          </ns3:TrackPointExtension>
        </extensions>
      </trkpt>
      <trkpt lat="36.708339750766754150390625" lon="137.8337509743869304656982421875">
        <ele>815.5999755859375</ele>
        <time>2023-10-07T06:29:14.000Z</time>
        <extensions>
          <ns3:TrackPointExtension>
            <ns3:atemp>13.0</ns3:atemp>
            <ns3:cad>0</ns3:cad>
          </ns3:TrackPointExtension>
        </extensions>
      </trkpt>
      <trkpt lat="36.708339750766754150390625" lon="137.8337509743869304656982421875">
        <ele>815.5999755859375</ele>
        <time>2023-10-07T06:29:15.000Z</time>
        <extensions>
          <ns3:TrackPointExtension>
            <ns3:atemp>13.0</ns3:atemp>
            <ns3:cad>0</ns3:cad>
          </ns3:TrackPointExtension>
        </extensions>
      </trkpt>
      <trkpt lat="36.708339750766754150390625" lon="137.8337509743869304656982421875">
        <ele>815.5999755859375</ele>
        <time>2023-10-07T06:29:16.000Z</time>
        <extensions>
          <ns3:TrackPointExtension>
            <ns3:atemp>13.0</ns3:atemp>
            <ns3:cad>0</ns3:cad>
          </ns3:TrackPointExtension>
        </extensions>
      </trkpt>
      <trkpt lat="36.708339750766754150390625" lon="137.8337509743869304656982421875">
        <ele>815.5999755859375</ele>
        <time>2023-10-07T06:29:17.000Z</time>
        <extensions>
          <ns3:TrackPointExtension>
            <ns3:atemp>13.0</ns3:atemp>
            <ns3:cad>0</ns3:cad>
          </ns3:TrackPointExtension>
        </extensions>
      </trkpt>
      <trkpt lat="36.708339750766754150390625" lon="137.8337509743869304656982421875">
        <ele>815.5999755859375</ele>
        <time>2023-10-07T06:29:18.000Z</time>
        <extensions>
          <ns3:TrackPointExtension>
            <ns3:atemp>13.0</ns3:atemp>
            <ns3:cad>0</ns3:cad>
          </ns3:TrackPointExtension>
        </extensions>
      </trkpt>
      <trkpt lat="36.708339750766754150390625" lon="137.8337509743869304656982421875">
        <ele>815.5999755859375</ele>
        <time>2023-10-07T06:29:19.000Z</time>
        <extensions>
          <ns3:TrackPointExtension>
            <ns3:atemp>13.0</ns3:atemp>
            <ns3:cad>0</ns3:cad>
          </ns3:TrackPointExtension>
        </extensions>
      </trkpt>
      <trkpt lat="36.708339750766754150390625" lon="137.8337509743869304656982421875">
        <ele>815.5999755859375</ele>
        <time>2023-10-07T06:29:20.000Z</time>
        <extensions>
          <ns3:TrackPointExtension>
            <ns3:atemp>13.0</ns3:atemp>
            <ns3:cad>0</ns3:cad>
          </ns3:TrackPointExtension>
        </extensions>
      </trkpt>
      <trkpt lat="36.708339750766754150390625" lon="137.8337509743869304656982421875">
        <ele>815.5999755859375</ele>
        <time>2023-10-07T06:29:21.000Z</time>
        <extensions>
          <ns3:TrackPointExtension>
            <ns3:atemp>13.0</ns3:atemp>
            <ns3:cad>0</ns3:cad>
          </ns3:TrackPointExtension>
        </extensions>
      </trkpt>
      <trkpt lat="36.708339750766754150390625" lon="137.8337509743869304656982421875">
        <ele>815.5999755859375</ele>
        <time>2023-10-07T06:29:22.000Z</time>
        <extensions>
          <ns3:TrackPointExtension>
            <ns3:atemp>13.0</ns3:atemp>
            <ns3:cad>0</ns3:cad>
          </ns3:TrackPointExtension>
        </extensions>
      </trkpt>
      <trkpt lat="36.708339750766754150390625" lon="137.8337509743869304656982421875">
        <ele>815.5999755859375</ele>
        <time>2023-10-07T06:29:23.000Z</time>
        <extensions>
          <ns3:TrackPointExtension>
            <ns3:atemp>13.0</ns3:atemp>
            <ns3:cad>0</ns3:cad>
          </ns3:TrackPointExtension>
        </extensions>
      </trkpt>
      <trkpt lat="36.708339750766754150390625" lon="137.8337509743869304656982421875">
        <ele>815.5999755859375</ele>
        <time>2023-10-07T06:29:24.000Z</time>
        <extensions>
          <ns3:TrackPointExtension>
            <ns3:atemp>13.0</ns3:atemp>
            <ns3:cad>0</ns3:cad>
          </ns3:TrackPointExtension>
        </extensions>
      </trkpt>
      <trkpt lat="36.708339750766754150390625" lon="137.8337509743869304656982421875">
        <ele>815.5999755859375</ele>
        <time>2023-10-07T06:29:25.000Z</time>
        <extensions>
          <ns3:TrackPointExtension>
            <ns3:atemp>13.0</ns3:atemp>
            <ns3:cad>0</ns3:cad>
          </ns3:TrackPointExtension>
        </extensions>
      </trkpt>
      <trkpt lat="36.708339750766754150390625" lon="137.8337509743869304656982421875">
        <ele>815.5999755859375</ele>
        <time>2023-10-07T06:29:26.000Z</time>
        <extensions>
          <ns3:TrackPointExtension>
            <ns3:atemp>13.0</ns3:atemp>
            <ns3:cad>0</ns3:cad>
          </ns3:TrackPointExtension>
        </extensions>
      </trkpt>
      <trkpt lat="36.708339750766754150390625" lon="137.8337509743869304656982421875">
        <ele>815.5999755859375</ele>
        <time>2023-10-07T06:29:27.000Z</time>
        <extensions>
          <ns3:TrackPointExtension>
            <ns3:atemp>13.0</ns3:atemp>
            <ns3:cad>0</ns3:cad>
          </ns3:TrackPointExtension>
        </extensions>
      </trkpt>
      <trkpt lat="36.708339750766754150390625" lon="137.8337509743869304656982421875">
        <ele>815.5999755859375</ele>
        <time>2023-10-07T06:29:28.000Z</time>
        <extensions>
          <ns3:TrackPointExtension>
            <ns3:atemp>13.0</ns3:atemp>
            <ns3:cad>0</ns3:cad>
          </ns3:TrackPointExtension>
        </extensions>
      </trkpt>
      <trkpt lat="36.708339750766754150390625" lon="137.8337509743869304656982421875">
        <ele>815.5999755859375</ele>
        <time>2023-10-07T06:29:29.000Z</time>
        <extensions>
          <ns3:TrackPointExtension>
            <ns3:atemp>13.0</ns3:atemp>
            <ns3:cad>0</ns3:cad>
          </ns3:TrackPointExtension>
        </extensions>
      </trkpt>
      <trkpt lat="36.708339750766754150390625" lon="137.8337509743869304656982421875">
        <ele>815.79998779296875</ele>
        <time>2023-10-07T06:29:30.000Z</time>
        <extensions>
          <ns3:TrackPointExtension>
            <ns3:atemp>13.0</ns3:atemp>
            <ns3:cad>0</ns3:cad>
          </ns3:TrackPointExtension>
        </extensions>
      </trkpt>
      <trkpt lat="36.708339750766754150390625" lon="137.8337509743869304656982421875">
        <ele>815.79998779296875</ele>
        <time>2023-10-07T06:29:31.000Z</time>
        <extensions>
          <ns3:TrackPointExtension>
            <ns3:atemp>13.0</ns3:atemp>
            <ns3:cad>0</ns3:cad>
          </ns3:TrackPointExtension>
        </extensions>
      </trkpt>
      <trkpt lat="36.708339750766754150390625" lon="137.8337509743869304656982421875">
        <ele>815.79998779296875</ele>
        <time>2023-10-07T06:29:32.000Z</time>
        <extensions>
          <ns3:TrackPointExtension>
            <ns3:atemp>13.0</ns3:atemp>
            <ns3:cad>0</ns3:cad>
          </ns3:TrackPointExtension>
        </extensions>
      </trkpt>
      <trkpt lat="36.708339750766754150390625" lon="137.8337509743869304656982421875">
        <ele>815.79998779296875</ele>
        <time>2023-10-07T06:29:33.000Z</time>
        <extensions>
          <ns3:TrackPointExtension>
            <ns3:atemp>13.0</ns3:atemp>
            <ns3:cad>0</ns3:cad>
          </ns3:TrackPointExtension>
        </extensions>
      </trkpt>
      <trkpt lat="36.708339750766754150390625" lon="137.8337509743869304656982421875">
        <ele>815.79998779296875</ele>
        <time>2023-10-07T06:29:34.000Z</time>
        <extensions>
          <ns3:TrackPointExtension>
            <ns3:atemp>13.0</ns3:atemp>
            <ns3:cad>0</ns3:cad>
          </ns3:TrackPointExtension>
        </extensions>
      </trkpt>
      <trkpt lat="36.708339750766754150390625" lon="137.8337509743869304656982421875">
        <ele>815.79998779296875</ele>
        <time>2023-10-07T06:29:35.000Z</time>
        <extensions>
          <ns3:TrackPointExtension>
            <ns3:atemp>13.0</ns3:atemp>
            <ns3:cad>0</ns3:cad>
          </ns3:TrackPointExtension>
        </extensions>
      </trkpt>
      <trkpt lat="36.708339750766754150390625" lon="137.8337509743869304656982421875">
        <ele>815.79998779296875</ele>
        <time>2023-10-07T06:29:36.000Z</time>
        <extensions>
          <ns3:TrackPointExtension>
            <ns3:atemp>13.0</ns3:atemp>
            <ns3:cad>0</ns3:cad>
          </ns3:TrackPointExtension>
        </extensions>
      </trkpt>
      <trkpt lat="36.708339750766754150390625" lon="137.8337509743869304656982421875">
        <ele>815.79998779296875</ele>
        <time>2023-10-07T06:29:37.000Z</time>
        <extensions>
          <ns3:TrackPointExtension>
            <ns3:atemp>13.0</ns3:atemp>
            <ns3:cad>0</ns3:cad>
          </ns3:TrackPointExtension>
        </extensions>
      </trkpt>
      <trkpt lat="36.708339750766754150390625" lon="137.8337509743869304656982421875">
        <ele>815.79998779296875</ele>
        <time>2023-10-07T06:29:38.000Z</time>
        <extensions>
          <ns3:TrackPointExtension>
            <ns3:atemp>13.0</ns3:atemp>
            <ns3:cad>0</ns3:cad>
          </ns3:TrackPointExtension>
        </extensions>
      </trkpt>
      <trkpt lat="36.708339750766754150390625" lon="137.8337509743869304656982421875">
        <ele>815.79998779296875</ele>
        <time>2023-10-07T06:29:39.000Z</time>
        <extensions>
          <ns3:TrackPointExtension>
            <ns3:atemp>13.0</ns3:atemp>
            <ns3:cad>0</ns3:cad>
          </ns3:TrackPointExtension>
        </extensions>
      </trkpt>
      <trkpt lat="36.708339750766754150390625" lon="137.8337509743869304656982421875">
        <ele>815.79998779296875</ele>
        <time>2023-10-07T06:29:40.000Z</time>
        <extensions>
          <ns3:TrackPointExtension>
            <ns3:atemp>13.0</ns3:atemp>
            <ns3:cad>0</ns3:cad>
          </ns3:TrackPointExtension>
        </extensions>
      </trkpt>
      <trkpt lat="36.708339750766754150390625" lon="137.8337509743869304656982421875">
        <ele>815.79998779296875</ele>
        <time>2023-10-07T06:29:41.000Z</time>
        <extensions>
          <ns3:TrackPointExtension>
            <ns3:atemp>13.0</ns3:atemp>
            <ns3:cad>0</ns3:cad>
          </ns3:TrackPointExtension>
        </extensions>
      </trkpt>
      <trkpt lat="36.708339750766754150390625" lon="137.8337509743869304656982421875">
        <ele>815.79998779296875</ele>
        <time>2023-10-07T06:29:42.000Z</time>
        <extensions>
          <ns3:TrackPointExtension>
            <ns3:atemp>13.0</ns3:atemp>
            <ns3:cad>0</ns3:cad>
          </ns3:TrackPointExtension>
        </extensions>
      </trkpt>
      <trkpt lat="36.708339750766754150390625" lon="137.8337509743869304656982421875">
        <ele>815.79998779296875</ele>
        <time>2023-10-07T06:29:43.000Z</time>
        <extensions>
          <ns3:TrackPointExtension>
            <ns3:atemp>13.0</ns3:atemp>
            <ns3:cad>0</ns3:cad>
          </ns3:TrackPointExtension>
        </extensions>
      </trkpt>
      <trkpt lat="36.708339750766754150390625" lon="137.8337509743869304656982421875">
        <ele>815.79998779296875</ele>
        <time>2023-10-07T06:29:44.000Z</time>
        <extensions>
          <ns3:TrackPointExtension>
            <ns3:atemp>13.0</ns3:atemp>
            <ns3:cad>0</ns3:cad>
          </ns3:TrackPointExtension>
        </extensions>
      </trkpt>
      <trkpt lat="36.708339750766754150390625" lon="137.8337509743869304656982421875">
        <ele>815.79998779296875</ele>
        <time>2023-10-07T06:29:45.000Z</time>
        <extensions>
          <ns3:TrackPointExtension>
            <ns3:atemp>13.0</ns3:atemp>
            <ns3:cad>0</ns3:cad>
          </ns3:TrackPointExtension>
        </extensions>
      </trkpt>
      <trkpt lat="36.708339750766754150390625" lon="137.8337509743869304656982421875">
        <ele>815.79998779296875</ele>
        <time>2023-10-07T06:29:46.000Z</time>
        <extensions>
          <ns3:TrackPointExtension>
            <ns3:atemp>13.0</ns3:atemp>
            <ns3:cad>0</ns3:cad>
          </ns3:TrackPointExtension>
        </extensions>
      </trkpt>
      <trkpt lat="36.708339750766754150390625" lon="137.8337509743869304656982421875">
        <ele>815.79998779296875</ele>
        <time>2023-10-07T06:29:47.000Z</time>
        <extensions>
          <ns3:TrackPointExtension>
            <ns3:atemp>13.0</ns3:atemp>
            <ns3:cad>0</ns3:cad>
          </ns3:TrackPointExtension>
        </extensions>
      </trkpt>
      <trkpt lat="36.708339750766754150390625" lon="137.8337509743869304656982421875">
        <ele>815.79998779296875</ele>
        <time>2023-10-07T06:29:48.000Z</time>
        <extensions>
          <ns3:TrackPointExtension>
            <ns3:atemp>13.0</ns3:atemp>
            <ns3:cad>0</ns3:cad>
          </ns3:TrackPointExtension>
        </extensions>
      </trkpt>
      <trkpt lat="36.708339750766754150390625" lon="137.8337509743869304656982421875">
        <ele>815.79998779296875</ele>
        <time>2023-10-07T06:29:49.000Z</time>
        <extensions>
          <ns3:TrackPointExtension>
            <ns3:atemp>13.0</ns3:atemp>
            <ns3:cad>0</ns3:cad>
          </ns3:TrackPointExtension>
        </extensions>
      </trkpt>
      <trkpt lat="36.708339750766754150390625" lon="137.8337509743869304656982421875">
        <ele>815.79998779296875</ele>
        <time>2023-10-07T06:29:50.000Z</time>
        <extensions>
          <ns3:TrackPointExtension>
            <ns3:atemp>13.0</ns3:atemp>
            <ns3:cad>0</ns3:cad>
          </ns3:TrackPointExtension>
        </extensions>
      </trkpt>
      <trkpt lat="36.708339750766754150390625" lon="137.8337509743869304656982421875">
        <ele>815.79998779296875</ele>
        <time>2023-10-07T06:29:51.000Z</time>
        <extensions>
          <ns3:TrackPointExtension>
            <ns3:atemp>13.0</ns3:atemp>
            <ns3:cad>0</ns3:cad>
          </ns3:TrackPointExtension>
        </extensions>
      </trkpt>
      <trkpt lat="36.708339750766754150390625" lon="137.8337509743869304656982421875">
        <ele>815.79998779296875</ele>
        <time>2023-10-07T06:29:52.000Z</time>
        <extensions>
          <ns3:TrackPointExtension>
            <ns3:atemp>13.0</ns3:atemp>
            <ns3:cad>0</ns3:cad>
          </ns3:TrackPointExtension>
        </extensions>
      </trkpt>
      <trkpt lat="36.708339750766754150390625" lon="137.8337509743869304656982421875">
        <ele>815.79998779296875</ele>
        <time>2023-10-07T06:29:53.000Z</time>
        <extensions>
          <ns3:TrackPointExtension>
            <ns3:atemp>13.0</ns3:atemp>
            <ns3:cad>0</ns3:cad>
          </ns3:TrackPointExtension>
        </extensions>
      </trkpt>
      <trkpt lat="36.708339750766754150390625" lon="137.8337509743869304656982421875">
        <ele>815.79998779296875</ele>
        <time>2023-10-07T06:29:54.000Z</time>
        <extensions>
          <ns3:TrackPointExtension>
            <ns3:atemp>13.0</ns3:atemp>
            <ns3:cad>0</ns3:cad>
          </ns3:TrackPointExtension>
        </extensions>
      </trkpt>
      <trkpt lat="36.708339750766754150390625" lon="137.8337509743869304656982421875">
        <ele>815.79998779296875</ele>
        <time>2023-10-07T06:29:55.000Z</time>
        <extensions>
          <ns3:TrackPointExtension>
            <ns3:atemp>13.0</ns3:atemp>
            <ns3:cad>0</ns3:cad>
          </ns3:TrackPointExtension>
        </extensions>
      </trkpt>
      <trkpt lat="36.708339750766754150390625" lon="137.8337509743869304656982421875">
        <ele>815.79998779296875</ele>
        <time>2023-10-07T06:29:56.000Z</time>
        <extensions>
          <ns3:TrackPointExtension>
            <ns3:atemp>13.0</ns3:atemp>
            <ns3:cad>0</ns3:cad>
          </ns3:TrackPointExtension>
        </extensions>
      </trkpt>
      <trkpt lat="36.708339750766754150390625" lon="137.8337509743869304656982421875">
        <ele>815.79998779296875</ele>
        <time>2023-10-07T06:29:57.000Z</time>
        <extensions>
          <ns3:TrackPointExtension>
            <ns3:atemp>13.0</ns3:atemp>
            <ns3:cad>0</ns3:cad>
          </ns3:TrackPointExtension>
        </extensions>
      </trkpt>
      <trkpt lat="36.708339750766754150390625" lon="137.8337509743869304656982421875">
        <ele>815.79998779296875</ele>
        <time>2023-10-07T06:29:58.000Z</time>
        <extensions>
          <ns3:TrackPointExtension>
            <ns3:atemp>13.0</ns3:atemp>
            <ns3:cad>0</ns3:cad>
          </ns3:TrackPointExtension>
        </extensions>
      </trkpt>
      <trkpt lat="36.708339750766754150390625" lon="137.8337509743869304656982421875">
        <ele>815.79998779296875</ele>
        <time>2023-10-07T06:29:59.000Z</time>
        <extensions>
          <ns3:TrackPointExtension>
            <ns3:atemp>13.0</ns3:atemp>
            <ns3:cad>0</ns3:cad>
          </ns3:TrackPointExtension>
        </extensions>
      </trkpt>
      <trkpt lat="36.708339750766754150390625" lon="137.8337509743869304656982421875">
        <ele>815.79998779296875</ele>
        <time>2023-10-07T06:30:00.000Z</time>
        <extensions>
          <ns3:TrackPointExtension>
            <ns3:atemp>13.0</ns3:atemp>
            <ns3:cad>0</ns3:cad>
          </ns3:TrackPointExtension>
        </extensions>
      </trkpt>
      <trkpt lat="36.708339750766754150390625" lon="137.8337509743869304656982421875">
        <ele>815.79998779296875</ele>
        <time>2023-10-07T06:30:01.000Z</time>
        <extensions>
          <ns3:TrackPointExtension>
            <ns3:atemp>13.0</ns3:atemp>
            <ns3:cad>0</ns3:cad>
          </ns3:TrackPointExtension>
        </extensions>
      </trkpt>
      <trkpt lat="36.708339750766754150390625" lon="137.8337509743869304656982421875">
        <ele>815.79998779296875</ele>
        <time>2023-10-07T06:30:02.000Z</time>
        <extensions>
          <ns3:TrackPointExtension>
            <ns3:atemp>13.0</ns3:atemp>
            <ns3:cad>0</ns3:cad>
          </ns3:TrackPointExtension>
        </extensions>
      </trkpt>
      <trkpt lat="36.708339750766754150390625" lon="137.8337509743869304656982421875">
        <ele>815.79998779296875</ele>
        <time>2023-10-07T06:30:03.000Z</time>
        <extensions>
          <ns3:TrackPointExtension>
            <ns3:atemp>13.0</ns3:atemp>
            <ns3:cad>0</ns3:cad>
          </ns3:TrackPointExtension>
        </extensions>
      </trkpt>
      <trkpt lat="36.708339750766754150390625" lon="137.8337509743869304656982421875">
        <ele>815.79998779296875</ele>
        <time>2023-10-07T06:30:04.000Z</time>
        <extensions>
          <ns3:TrackPointExtension>
            <ns3:atemp>13.0</ns3:atemp>
            <ns3:cad>0</ns3:cad>
          </ns3:TrackPointExtension>
        </extensions>
      </trkpt>
      <trkpt lat="36.708339750766754150390625" lon="137.8337509743869304656982421875">
        <ele>815.79998779296875</ele>
        <time>2023-10-07T06:30:05.000Z</time>
        <extensions>
          <ns3:TrackPointExtension>
            <ns3:atemp>13.0</ns3:atemp>
            <ns3:cad>0</ns3:cad>
          </ns3:TrackPointExtension>
        </extensions>
      </trkpt>
      <trkpt lat="36.708339750766754150390625" lon="137.8337509743869304656982421875">
        <ele>815.79998779296875</ele>
        <time>2023-10-07T06:30:06.000Z</time>
        <extensions>
          <ns3:TrackPointExtension>
            <ns3:atemp>13.0</ns3:atemp>
            <ns3:cad>0</ns3:cad>
          </ns3:TrackPointExtension>
        </extensions>
      </trkpt>
      <trkpt lat="36.708339750766754150390625" lon="137.8337509743869304656982421875">
        <ele>815.79998779296875</ele>
        <time>2023-10-07T06:30:07.000Z</time>
        <extensions>
          <ns3:TrackPointExtension>
            <ns3:atemp>13.0</ns3:atemp>
            <ns3:cad>0</ns3:cad>
          </ns3:TrackPointExtension>
        </extensions>
      </trkpt>
      <trkpt lat="36.708339750766754150390625" lon="137.8337509743869304656982421875">
        <ele>815.5999755859375</ele>
        <time>2023-10-07T06:30:08.000Z</time>
        <extensions>
          <ns3:TrackPointExtension>
            <ns3:atemp>13.0</ns3:atemp>
            <ns3:cad>0</ns3:cad>
          </ns3:TrackPointExtension>
        </extensions>
      </trkpt>
      <trkpt lat="36.708339750766754150390625" lon="137.8337509743869304656982421875">
        <ele>815.5999755859375</ele>
        <time>2023-10-07T06:30:09.000Z</time>
        <extensions>
          <ns3:TrackPointExtension>
            <ns3:atemp>13.0</ns3:atemp>
            <ns3:cad>0</ns3:cad>
          </ns3:TrackPointExtension>
        </extensions>
      </trkpt>
      <trkpt lat="36.708339750766754150390625" lon="137.8337509743869304656982421875">
        <ele>815.5999755859375</ele>
        <time>2023-10-07T06:30:10.000Z</time>
        <extensions>
          <ns3:TrackPointExtension>
            <ns3:atemp>13.0</ns3:atemp>
            <ns3:cad>0</ns3:cad>
          </ns3:TrackPointExtension>
        </extensions>
      </trkpt>
      <trkpt lat="36.708339750766754150390625" lon="137.8337509743869304656982421875">
        <ele>815.5999755859375</ele>
        <time>2023-10-07T06:30:11.000Z</time>
        <extensions>
          <ns3:TrackPointExtension>
            <ns3:atemp>13.0</ns3:atemp>
            <ns3:cad>0</ns3:cad>
          </ns3:TrackPointExtension>
        </extensions>
      </trkpt>
      <trkpt lat="36.708339750766754150390625" lon="137.8337509743869304656982421875">
        <ele>815.5999755859375</ele>
        <time>2023-10-07T06:30:12.000Z</time>
        <extensions>
          <ns3:TrackPointExtension>
            <ns3:atemp>13.0</ns3:atemp>
            <ns3:cad>0</ns3:cad>
          </ns3:TrackPointExtension>
        </extensions>
      </trkpt>
      <trkpt lat="36.708339750766754150390625" lon="137.8337509743869304656982421875">
        <ele>815.5999755859375</ele>
        <time>2023-10-07T06:30:13.000Z</time>
        <extensions>
          <ns3:TrackPointExtension>
            <ns3:atemp>13.0</ns3:atemp>
            <ns3:cad>0</ns3:cad>
          </ns3:TrackPointExtension>
        </extensions>
      </trkpt>
      <trkpt lat="36.708339750766754150390625" lon="137.8337509743869304656982421875">
        <ele>815.5999755859375</ele>
        <time>2023-10-07T06:30:14.000Z</time>
        <extensions>
          <ns3:TrackPointExtension>
            <ns3:atemp>13.0</ns3:atemp>
            <ns3:cad>0</ns3:cad>
          </ns3:TrackPointExtension>
        </extensions>
      </trkpt>
      <trkpt lat="36.708339750766754150390625" lon="137.8337509743869304656982421875">
        <ele>815.5999755859375</ele>
        <time>2023-10-07T06:30:15.000Z</time>
        <extensions>
          <ns3:TrackPointExtension>
            <ns3:atemp>13.0</ns3:atemp>
            <ns3:cad>0</ns3:cad>
          </ns3:TrackPointExtension>
        </extensions>
      </trkpt>
      <trkpt lat="36.708339750766754150390625" lon="137.8337509743869304656982421875">
        <ele>815.5999755859375</ele>
        <time>2023-10-07T06:30:16.000Z</time>
        <extensions>
          <ns3:TrackPointExtension>
            <ns3:atemp>13.0</ns3:atemp>
            <ns3:cad>0</ns3:cad>
          </ns3:TrackPointExtension>
        </extensions>
      </trkpt>
      <trkpt lat="36.708339750766754150390625" lon="137.8337509743869304656982421875">
        <ele>815.5999755859375</ele>
        <time>2023-10-07T06:30:17.000Z</time>
        <extensions>
          <ns3:TrackPointExtension>
            <ns3:atemp>13.0</ns3:atemp>
            <ns3:cad>0</ns3:cad>
          </ns3:TrackPointExtension>
        </extensions>
      </trkpt>
      <trkpt lat="36.708339750766754150390625" lon="137.8337509743869304656982421875">
        <ele>815.5999755859375</ele>
        <time>2023-10-07T06:30:18.000Z</time>
        <extensions>
          <ns3:TrackPointExtension>
            <ns3:atemp>13.0</ns3:atemp>
            <ns3:cad>0</ns3:cad>
          </ns3:TrackPointExtension>
        </extensions>
      </trkpt>
      <trkpt lat="36.708339750766754150390625" lon="137.8337509743869304656982421875">
        <ele>815.5999755859375</ele>
        <time>2023-10-07T06:30:19.000Z</time>
        <extensions>
          <ns3:TrackPointExtension>
            <ns3:atemp>13.0</ns3:atemp>
            <ns3:cad>0</ns3:cad>
          </ns3:TrackPointExtension>
        </extensions>
      </trkpt>
      <trkpt lat="36.708339750766754150390625" lon="137.8337509743869304656982421875">
        <ele>815.5999755859375</ele>
        <time>2023-10-07T06:30:20.000Z</time>
        <extensions>
          <ns3:TrackPointExtension>
            <ns3:atemp>13.0</ns3:atemp>
            <ns3:cad>0</ns3:cad>
          </ns3:TrackPointExtension>
        </extensions>
      </trkpt>
      <trkpt lat="36.708339750766754150390625" lon="137.8337509743869304656982421875">
        <ele>815.5999755859375</ele>
        <time>2023-10-07T06:30:21.000Z</time>
        <extensions>
          <ns3:TrackPointExtension>
            <ns3:atemp>13.0</ns3:atemp>
            <ns3:cad>0</ns3:cad>
          </ns3:TrackPointExtension>
        </extensions>
      </trkpt>
      <trkpt lat="36.708339750766754150390625" lon="137.8337509743869304656982421875">
        <ele>815.5999755859375</ele>
        <time>2023-10-07T06:30:22.000Z</time>
        <extensions>
          <ns3:TrackPointExtension>
            <ns3:atemp>13.0</ns3:atemp>
            <ns3:cad>0</ns3:cad>
          </ns3:TrackPointExtension>
        </extensions>
      </trkpt>
      <trkpt lat="36.708339750766754150390625" lon="137.8337509743869304656982421875">
        <ele>815.5999755859375</ele>
        <time>2023-10-07T06:30:23.000Z</time>
        <extensions>
          <ns3:TrackPointExtension>
            <ns3:atemp>13.0</ns3:atemp>
            <ns3:cad>0</ns3:cad>
          </ns3:TrackPointExtension>
        </extensions>
      </trkpt>
      <trkpt lat="36.708339750766754150390625" lon="137.8337509743869304656982421875">
        <ele>815.5999755859375</ele>
        <time>2023-10-07T06:30:24.000Z</time>
        <extensions>
          <ns3:TrackPointExtension>
            <ns3:atemp>13.0</ns3:atemp>
            <ns3:cad>0</ns3:cad>
          </ns3:TrackPointExtension>
        </extensions>
      </trkpt>
      <trkpt lat="36.708339750766754150390625" lon="137.8337509743869304656982421875">
        <ele>815.5999755859375</ele>
        <time>2023-10-07T06:30:25.000Z</time>
        <extensions>
          <ns3:TrackPointExtension>
            <ns3:atemp>13.0</ns3:atemp>
            <ns3:cad>0</ns3:cad>
          </ns3:TrackPointExtension>
        </extensions>
      </trkpt>
      <trkpt lat="36.708339750766754150390625" lon="137.8337509743869304656982421875">
        <ele>815.5999755859375</ele>
        <time>2023-10-07T06:30:26.000Z</time>
        <extensions>
          <ns3:TrackPointExtension>
            <ns3:atemp>13.0</ns3:atemp>
            <ns3:cad>0</ns3:cad>
          </ns3:TrackPointExtension>
        </extensions>
      </trkpt>
      <trkpt lat="36.708339750766754150390625" lon="137.8337509743869304656982421875">
        <ele>815.5999755859375</ele>
        <time>2023-10-07T06:30:27.000Z</time>
        <extensions>
          <ns3:TrackPointExtension>
            <ns3:atemp>13.0</ns3:atemp>
            <ns3:cad>0</ns3:cad>
          </ns3:TrackPointExtension>
        </extensions>
      </trkpt>
      <trkpt lat="36.708339750766754150390625" lon="137.8337509743869304656982421875">
        <ele>815.5999755859375</ele>
        <time>2023-10-07T06:30:28.000Z</time>
        <extensions>
          <ns3:TrackPointExtension>
            <ns3:atemp>13.0</ns3:atemp>
            <ns3:cad>0</ns3:cad>
          </ns3:TrackPointExtension>
        </extensions>
      </trkpt>
      <trkpt lat="36.708339750766754150390625" lon="137.8337509743869304656982421875">
        <ele>815.5999755859375</ele>
        <time>2023-10-07T06:30:29.000Z</time>
        <extensions>
          <ns3:TrackPointExtension>
            <ns3:atemp>13.0</ns3:atemp>
            <ns3:cad>0</ns3:cad>
          </ns3:TrackPointExtension>
        </extensions>
      </trkpt>
      <trkpt lat="36.708339750766754150390625" lon="137.8337509743869304656982421875">
        <ele>815.5999755859375</ele>
        <time>2023-10-07T06:30:30.000Z</time>
        <extensions>
          <ns3:TrackPointExtension>
            <ns3:atemp>13.0</ns3:atemp>
            <ns3:cad>0</ns3:cad>
          </ns3:TrackPointExtension>
        </extensions>
      </trkpt>
      <trkpt lat="36.708339750766754150390625" lon="137.8337509743869304656982421875">
        <ele>815.5999755859375</ele>
        <time>2023-10-07T06:30:31.000Z</time>
        <extensions>
          <ns3:TrackPointExtension>
            <ns3:atemp>13.0</ns3:atemp>
            <ns3:cad>0</ns3:cad>
          </ns3:TrackPointExtension>
        </extensions>
      </trkpt>
      <trkpt lat="36.708339750766754150390625" lon="137.8337509743869304656982421875">
        <ele>815.4000244140625</ele>
        <time>2023-10-07T06:30:32.000Z</time>
        <extensions>
          <ns3:TrackPointExtension>
            <ns3:atemp>13.0</ns3:atemp>
            <ns3:cad>0</ns3:cad>
          </ns3:TrackPointExtension>
        </extensions>
      </trkpt>
      <trkpt lat="36.708339750766754150390625" lon="137.8337509743869304656982421875">
        <ele>815.4000244140625</ele>
        <time>2023-10-07T06:30:33.000Z</time>
        <extensions>
          <ns3:TrackPointExtension>
            <ns3:atemp>13.0</ns3:atemp>
            <ns3:cad>0</ns3:cad>
          </ns3:TrackPointExtension>
        </extensions>
      </trkpt>
      <trkpt lat="36.708339750766754150390625" lon="137.8337509743869304656982421875">
        <ele>815.4000244140625</ele>
        <time>2023-10-07T06:30:34.000Z</time>
        <extensions>
          <ns3:TrackPointExtension>
            <ns3:atemp>13.0</ns3:atemp>
            <ns3:cad>0</ns3:cad>
          </ns3:TrackPointExtension>
        </extensions>
      </trkpt>
      <trkpt lat="36.708339750766754150390625" lon="137.8337509743869304656982421875">
        <ele>815.4000244140625</ele>
        <time>2023-10-07T06:30:35.000Z</time>
        <extensions>
          <ns3:TrackPointExtension>
            <ns3:atemp>13.0</ns3:atemp>
            <ns3:cad>0</ns3:cad>
          </ns3:TrackPointExtension>
        </extensions>
      </trkpt>
      <trkpt lat="36.708339750766754150390625" lon="137.8337509743869304656982421875">
        <ele>815.4000244140625</ele>
        <time>2023-10-07T06:30:36.000Z</time>
        <extensions>
          <ns3:TrackPointExtension>
            <ns3:atemp>13.0</ns3:atemp>
            <ns3:cad>0</ns3:cad>
          </ns3:TrackPointExtension>
        </extensions>
      </trkpt>
      <trkpt lat="36.708339750766754150390625" lon="137.8337509743869304656982421875">
        <ele>815.4000244140625</ele>
        <time>2023-10-07T06:30:37.000Z</time>
        <extensions>
          <ns3:TrackPointExtension>
            <ns3:atemp>13.0</ns3:atemp>
            <ns3:cad>0</ns3:cad>
          </ns3:TrackPointExtension>
        </extensions>
      </trkpt>
      <trkpt lat="36.708339750766754150390625" lon="137.8337509743869304656982421875">
        <ele>815.4000244140625</ele>
        <time>2023-10-07T06:30:38.000Z</time>
        <extensions>
          <ns3:TrackPointExtension>
            <ns3:atemp>13.0</ns3:atemp>
            <ns3:cad>0</ns3:cad>
          </ns3:TrackPointExtension>
        </extensions>
      </trkpt>
      <trkpt lat="36.708339750766754150390625" lon="137.8337509743869304656982421875">
        <ele>815.4000244140625</ele>
        <time>2023-10-07T06:30:39.000Z</time>
        <extensions>
          <ns3:TrackPointExtension>
            <ns3:atemp>13.0</ns3:atemp>
            <ns3:cad>0</ns3:cad>
          </ns3:TrackPointExtension>
        </extensions>
      </trkpt>
      <trkpt lat="36.708339750766754150390625" lon="137.8337509743869304656982421875">
        <ele>815.4000244140625</ele>
        <time>2023-10-07T06:30:40.000Z</time>
        <extensions>
          <ns3:TrackPointExtension>
            <ns3:atemp>13.0</ns3:atemp>
            <ns3:cad>0</ns3:cad>
          </ns3:TrackPointExtension>
        </extensions>
      </trkpt>
      <trkpt lat="36.708339750766754150390625" lon="137.8337509743869304656982421875">
        <ele>815.4000244140625</ele>
        <time>2023-10-07T06:30:41.000Z</time>
        <extensions>
          <ns3:TrackPointExtension>
            <ns3:atemp>13.0</ns3:atemp>
            <ns3:cad>0</ns3:cad>
          </ns3:TrackPointExtension>
        </extensions>
      </trkpt>
      <trkpt lat="36.708339750766754150390625" lon="137.8337509743869304656982421875">
        <ele>815.4000244140625</ele>
        <time>2023-10-07T06:30:42.000Z</time>
        <extensions>
          <ns3:TrackPointExtension>
            <ns3:atemp>13.0</ns3:atemp>
            <ns3:cad>0</ns3:cad>
          </ns3:TrackPointExtension>
        </extensions>
      </trkpt>
      <trkpt lat="36.708339750766754150390625" lon="137.8337509743869304656982421875">
        <ele>815.4000244140625</ele>
        <time>2023-10-07T06:30:43.000Z</time>
        <extensions>
          <ns3:TrackPointExtension>
            <ns3:atemp>13.0</ns3:atemp>
            <ns3:cad>0</ns3:cad>
          </ns3:TrackPointExtension>
        </extensions>
      </trkpt>
      <trkpt lat="36.708339750766754150390625" lon="137.8337509743869304656982421875">
        <ele>815.4000244140625</ele>
        <time>2023-10-07T06:30:44.000Z</time>
        <extensions>
          <ns3:TrackPointExtension>
            <ns3:atemp>13.0</ns3:atemp>
            <ns3:cad>0</ns3:cad>
          </ns3:TrackPointExtension>
        </extensions>
      </trkpt>
      <trkpt lat="36.708339750766754150390625" lon="137.8337509743869304656982421875">
        <ele>815.4000244140625</ele>
        <time>2023-10-07T06:30:45.000Z</time>
        <extensions>
          <ns3:TrackPointExtension>
            <ns3:atemp>13.0</ns3:atemp>
            <ns3:cad>0</ns3:cad>
          </ns3:TrackPointExtension>
        </extensions>
      </trkpt>
      <trkpt lat="36.708339750766754150390625" lon="137.8337509743869304656982421875">
        <ele>815.4000244140625</ele>
        <time>2023-10-07T06:30:46.000Z</time>
        <extensions>
          <ns3:TrackPointExtension>
            <ns3:atemp>13.0</ns3:atemp>
            <ns3:cad>0</ns3:cad>
          </ns3:TrackPointExtension>
        </extensions>
      </trkpt>
      <trkpt lat="36.708339750766754150390625" lon="137.8337509743869304656982421875">
        <ele>815.4000244140625</ele>
        <time>2023-10-07T06:30:47.000Z</time>
        <extensions>
          <ns3:TrackPointExtension>
            <ns3:atemp>13.0</ns3:atemp>
            <ns3:cad>0</ns3:cad>
          </ns3:TrackPointExtension>
        </extensions>
      </trkpt>
      <trkpt lat="36.708339750766754150390625" lon="137.8337509743869304656982421875">
        <ele>815.4000244140625</ele>
        <time>2023-10-07T06:30:48.000Z</time>
        <extensions>
          <ns3:TrackPointExtension>
            <ns3:atemp>13.0</ns3:atemp>
            <ns3:cad>0</ns3:cad>
          </ns3:TrackPointExtension>
        </extensions>
      </trkpt>
      <trkpt lat="36.708339750766754150390625" lon="137.8337509743869304656982421875">
        <ele>815.20001220703125</ele>
        <time>2023-10-07T06:30:49.000Z</time>
        <extensions>
          <ns3:TrackPointExtension>
            <ns3:atemp>13.0</ns3:atemp>
            <ns3:cad>0</ns3:cad>
          </ns3:TrackPointExtension>
        </extensions>
      </trkpt>
      <trkpt lat="36.708339750766754150390625" lon="137.8337509743869304656982421875">
        <ele>815.20001220703125</ele>
        <time>2023-10-07T06:30:50.000Z</time>
        <extensions>
          <ns3:TrackPointExtension>
            <ns3:atemp>13.0</ns3:atemp>
            <ns3:cad>0</ns3:cad>
          </ns3:TrackPointExtension>
        </extensions>
      </trkpt>
      <trkpt lat="36.708339750766754150390625" lon="137.8337509743869304656982421875">
        <ele>815.20001220703125</ele>
        <time>2023-10-07T06:30:51.000Z</time>
        <extensions>
          <ns3:TrackPointExtension>
            <ns3:atemp>13.0</ns3:atemp>
            <ns3:cad>0</ns3:cad>
          </ns3:TrackPointExtension>
        </extensions>
      </trkpt>
      <trkpt lat="36.708339750766754150390625" lon="137.8337509743869304656982421875">
        <ele>815.20001220703125</ele>
        <time>2023-10-07T06:30:52.000Z</time>
        <extensions>
          <ns3:TrackPointExtension>
            <ns3:atemp>13.0</ns3:atemp>
            <ns3:cad>0</ns3:cad>
          </ns3:TrackPointExtension>
        </extensions>
      </trkpt>
      <trkpt lat="36.708339750766754150390625" lon="137.8337509743869304656982421875">
        <ele>815</ele>
        <time>2023-10-07T06:30:53.000Z</time>
        <extensions>
          <ns3:TrackPointExtension>
            <ns3:atemp>13.0</ns3:atemp>
            <ns3:cad>0</ns3:cad>
          </ns3:TrackPointExtension>
        </extensions>
      </trkpt>
      <trkpt lat="36.708339750766754150390625" lon="137.8337509743869304656982421875">
        <ele>814.79998779296875</ele>
        <time>2023-10-07T06:30:54.000Z</time>
        <extensions>
          <ns3:TrackPointExtension>
            <ns3:atemp>13.0</ns3:atemp>
            <ns3:cad>0</ns3:cad>
          </ns3:TrackPointExtension>
        </extensions>
      </trkpt>
      <trkpt lat="36.708339750766754150390625" lon="137.8337509743869304656982421875">
        <ele>814.79998779296875</ele>
        <time>2023-10-07T06:30:55.000Z</time>
        <extensions>
          <ns3:TrackPointExtension>
            <ns3:atemp>13.0</ns3:atemp>
            <ns3:cad>0</ns3:cad>
          </ns3:TrackPointExtension>
        </extensions>
      </trkpt>
      <trkpt lat="36.708339750766754150390625" lon="137.8337509743869304656982421875">
        <ele>814.79998779296875</ele>
        <time>2023-10-07T06:30:56.000Z</time>
        <extensions>
          <ns3:TrackPointExtension>
            <ns3:atemp>13.0</ns3:atemp>
            <ns3:cad>0</ns3:cad>
          </ns3:TrackPointExtension>
        </extensions>
      </trkpt>
      <trkpt lat="36.708339750766754150390625" lon="137.8337509743869304656982421875">
        <ele>814.79998779296875</ele>
        <time>2023-10-07T06:30:57.000Z</time>
        <extensions>
          <ns3:TrackPointExtension>
            <ns3:atemp>13.0</ns3:atemp>
            <ns3:cad>0</ns3:cad>
          </ns3:TrackPointExtension>
        </extensions>
      </trkpt>
      <trkpt lat="36.708339750766754150390625" lon="137.8337509743869304656982421875">
        <ele>814.79998779296875</ele>
        <time>2023-10-07T06:30:58.000Z</time>
        <extensions>
          <ns3:TrackPointExtension>
            <ns3:atemp>13.0</ns3:atemp>
            <ns3:cad>0</ns3:cad>
          </ns3:TrackPointExtension>
        </extensions>
      </trkpt>
      <trkpt lat="36.708339750766754150390625" lon="137.8337509743869304656982421875">
        <ele>814.79998779296875</ele>
        <time>2023-10-07T06:30:59.000Z</time>
        <extensions>
          <ns3:TrackPointExtension>
            <ns3:atemp>13.0</ns3:atemp>
            <ns3:cad>0</ns3:cad>
          </ns3:TrackPointExtension>
        </extensions>
      </trkpt>
      <trkpt lat="36.708339750766754150390625" lon="137.8337509743869304656982421875">
        <ele>814.79998779296875</ele>
        <time>2023-10-07T06:31:00.000Z</time>
        <extensions>
          <ns3:TrackPointExtension>
            <ns3:atemp>13.0</ns3:atemp>
            <ns3:cad>0</ns3:cad>
          </ns3:TrackPointExtension>
        </extensions>
      </trkpt>
      <trkpt lat="36.708339750766754150390625" lon="137.8337509743869304656982421875">
        <ele>814.79998779296875</ele>
        <time>2023-10-07T06:31:01.000Z</time>
        <extensions>
          <ns3:TrackPointExtension>
            <ns3:atemp>13.0</ns3:atemp>
            <ns3:cad>0</ns3:cad>
          </ns3:TrackPointExtension>
        </extensions>
      </trkpt>
      <trkpt lat="36.708339750766754150390625" lon="137.8337509743869304656982421875">
        <ele>814.5999755859375</ele>
        <time>2023-10-07T06:31:02.000Z</time>
        <extensions>
          <ns3:TrackPointExtension>
            <ns3:atemp>13.0</ns3:atemp>
            <ns3:cad>0</ns3:cad>
          </ns3:TrackPointExtension>
        </extensions>
      </trkpt>
      <trkpt lat="36.708339750766754150390625" lon="137.8337509743869304656982421875">
        <ele>814.5999755859375</ele>
        <time>2023-10-07T06:31:03.000Z</time>
        <extensions>
          <ns3:TrackPointExtension>
            <ns3:atemp>13.0</ns3:atemp>
            <ns3:cad>0</ns3:cad>
          </ns3:TrackPointExtension>
        </extensions>
      </trkpt>
      <trkpt lat="36.708339750766754150390625" lon="137.8337509743869304656982421875">
        <ele>814.79998779296875</ele>
        <time>2023-10-07T06:31:04.000Z</time>
        <extensions>
          <ns3:TrackPointExtension>
            <ns3:atemp>13.0</ns3:atemp>
            <ns3:cad>0</ns3:cad>
          </ns3:TrackPointExtension>
        </extensions>
      </trkpt>
      <trkpt lat="36.708339750766754150390625" lon="137.8337509743869304656982421875">
        <ele>814.79998779296875</ele>
        <time>2023-10-07T06:31:05.000Z</time>
        <extensions>
          <ns3:TrackPointExtension>
            <ns3:atemp>13.0</ns3:atemp>
            <ns3:cad>0</ns3:cad>
          </ns3:TrackPointExtension>
        </extensions>
      </trkpt>
      <trkpt lat="36.708339750766754150390625" lon="137.8337509743869304656982421875">
        <ele>814.79998779296875</ele>
        <time>2023-10-07T06:31:06.000Z</time>
        <extensions>
          <ns3:TrackPointExtension>
            <ns3:atemp>13.0</ns3:atemp>
            <ns3:cad>0</ns3:cad>
          </ns3:TrackPointExtension>
        </extensions>
      </trkpt>
      <trkpt lat="36.708339750766754150390625" lon="137.8337509743869304656982421875">
        <ele>814.79998779296875</ele>
        <time>2023-10-07T06:31:07.000Z</time>
        <extensions>
          <ns3:TrackPointExtension>
            <ns3:atemp>13.0</ns3:atemp>
            <ns3:cad>0</ns3:cad>
          </ns3:TrackPointExtension>
        </extensions>
      </trkpt>
      <trkpt lat="36.708339750766754150390625" lon="137.8337509743869304656982421875">
        <ele>814.79998779296875</ele>
        <time>2023-10-07T06:31:08.000Z</time>
        <extensions>
          <ns3:TrackPointExtension>
            <ns3:atemp>13.0</ns3:atemp>
            <ns3:cad>0</ns3:cad>
          </ns3:TrackPointExtension>
        </extensions>
      </trkpt>
      <trkpt lat="36.708339750766754150390625" lon="137.8337509743869304656982421875">
        <ele>814.79998779296875</ele>
        <time>2023-10-07T06:31:09.000Z</time>
        <extensions>
          <ns3:TrackPointExtension>
            <ns3:atemp>13.0</ns3:atemp>
            <ns3:cad>0</ns3:cad>
          </ns3:TrackPointExtension>
        </extensions>
      </trkpt>
      <trkpt lat="36.708339750766754150390625" lon="137.8337509743869304656982421875">
        <ele>814.5999755859375</ele>
        <time>2023-10-07T06:31:10.000Z</time>
        <extensions>
          <ns3:TrackPointExtension>
            <ns3:atemp>13.0</ns3:atemp>
            <ns3:cad>0</ns3:cad>
          </ns3:TrackPointExtension>
        </extensions>
      </trkpt>
      <trkpt lat="36.708339750766754150390625" lon="137.8337509743869304656982421875">
        <ele>814.5999755859375</ele>
        <time>2023-10-07T06:31:11.000Z</time>
        <extensions>
          <ns3:TrackPointExtension>
            <ns3:atemp>13.0</ns3:atemp>
            <ns3:cad>0</ns3:cad>
          </ns3:TrackPointExtension>
        </extensions>
      </trkpt>
      <trkpt lat="36.708339750766754150390625" lon="137.8337509743869304656982421875">
        <ele>814.5999755859375</ele>
        <time>2023-10-07T06:31:12.000Z</time>
        <extensions>
          <ns3:TrackPointExtension>
            <ns3:atemp>13.0</ns3:atemp>
            <ns3:cad>0</ns3:cad>
          </ns3:TrackPointExtension>
        </extensions>
      </trkpt>
      <trkpt lat="36.708339750766754150390625" lon="137.8337509743869304656982421875">
        <ele>814.5999755859375</ele>
        <time>2023-10-07T06:31:13.000Z</time>
        <extensions>
          <ns3:TrackPointExtension>
            <ns3:atemp>13.0</ns3:atemp>
            <ns3:cad>0</ns3:cad>
          </ns3:TrackPointExtension>
        </extensions>
      </trkpt>
      <trkpt lat="36.708339750766754150390625" lon="137.8337509743869304656982421875">
        <ele>814.5999755859375</ele>
        <time>2023-10-07T06:31:14.000Z</time>
        <extensions>
          <ns3:TrackPointExtension>
            <ns3:atemp>13.0</ns3:atemp>
            <ns3:cad>0</ns3:cad>
          </ns3:TrackPointExtension>
        </extensions>
      </trkpt>
      <trkpt lat="36.708339750766754150390625" lon="137.8337509743869304656982421875">
        <ele>814.5999755859375</ele>
        <time>2023-10-07T06:31:15.000Z</time>
        <extensions>
          <ns3:TrackPointExtension>
            <ns3:atemp>13.0</ns3:atemp>
            <ns3:cad>0</ns3:cad>
          </ns3:TrackPointExtension>
        </extensions>
      </trkpt>
      <trkpt lat="36.708339750766754150390625" lon="137.8337509743869304656982421875">
        <ele>814.5999755859375</ele>
        <time>2023-10-07T06:31:16.000Z</time>
        <extensions>
          <ns3:TrackPointExtension>
            <ns3:atemp>13.0</ns3:atemp>
            <ns3:cad>0</ns3:cad>
          </ns3:TrackPointExtension>
        </extensions>
      </trkpt>
      <trkpt lat="36.708339750766754150390625" lon="137.8337509743869304656982421875">
        <ele>814.5999755859375</ele>
        <time>2023-10-07T06:31:17.000Z</time>
        <extensions>
          <ns3:TrackPointExtension>
            <ns3:atemp>13.0</ns3:atemp>
            <ns3:cad>0</ns3:cad>
          </ns3:TrackPointExtension>
        </extensions>
      </trkpt>
      <trkpt lat="36.708339750766754150390625" lon="137.8337509743869304656982421875">
        <ele>814.5999755859375</ele>
        <time>2023-10-07T06:31:18.000Z</time>
        <extensions>
          <ns3:TrackPointExtension>
            <ns3:atemp>13.0</ns3:atemp>
            <ns3:cad>0</ns3:cad>
          </ns3:TrackPointExtension>
        </extensions>
      </trkpt>
      <trkpt lat="36.708339750766754150390625" lon="137.8337509743869304656982421875">
        <ele>814.5999755859375</ele>
        <time>2023-10-07T06:31:19.000Z</time>
        <extensions>
          <ns3:TrackPointExtension>
            <ns3:atemp>13.0</ns3:atemp>
            <ns3:cad>0</ns3:cad>
          </ns3:TrackPointExtension>
        </extensions>
      </trkpt>
      <trkpt lat="36.708339750766754150390625" lon="137.8337509743869304656982421875">
        <ele>814.5999755859375</ele>
        <time>2023-10-07T06:31:20.000Z</time>
        <extensions>
          <ns3:TrackPointExtension>
            <ns3:atemp>13.0</ns3:atemp>
            <ns3:cad>0</ns3:cad>
          </ns3:TrackPointExtension>
        </extensions>
      </trkpt>
      <trkpt lat="36.708339750766754150390625" lon="137.8337509743869304656982421875">
        <ele>814.5999755859375</ele>
        <time>2023-10-07T06:31:21.000Z</time>
        <extensions>
          <ns3:TrackPointExtension>
            <ns3:atemp>13.0</ns3:atemp>
            <ns3:cad>0</ns3:cad>
          </ns3:TrackPointExtension>
        </extensions>
      </trkpt>
      <trkpt lat="36.708339750766754150390625" lon="137.8337509743869304656982421875">
        <ele>814.5999755859375</ele>
        <time>2023-10-07T06:31:22.000Z</time>
        <extensions>
          <ns3:TrackPointExtension>
            <ns3:atemp>13.0</ns3:atemp>
            <ns3:cad>0</ns3:cad>
          </ns3:TrackPointExtension>
        </extensions>
      </trkpt>
      <trkpt lat="36.708339750766754150390625" lon="137.8337509743869304656982421875">
        <ele>814.5999755859375</ele>
        <time>2023-10-07T06:31:23.000Z</time>
        <extensions>
          <ns3:TrackPointExtension>
            <ns3:atemp>13.0</ns3:atemp>
            <ns3:cad>0</ns3:cad>
          </ns3:TrackPointExtension>
        </extensions>
      </trkpt>
      <trkpt lat="36.708339750766754150390625" lon="137.8337509743869304656982421875">
        <ele>814.5999755859375</ele>
        <time>2023-10-07T06:31:24.000Z</time>
        <extensions>
          <ns3:TrackPointExtension>
            <ns3:atemp>13.0</ns3:atemp>
            <ns3:cad>0</ns3:cad>
          </ns3:TrackPointExtension>
        </extensions>
      </trkpt>
      <trkpt lat="36.708339750766754150390625" lon="137.8337509743869304656982421875">
        <ele>814.5999755859375</ele>
        <time>2023-10-07T06:31:25.000Z</time>
        <extensions>
          <ns3:TrackPointExtension>
            <ns3:atemp>13.0</ns3:atemp>
            <ns3:cad>0</ns3:cad>
          </ns3:TrackPointExtension>
        </extensions>
      </trkpt>
      <trkpt lat="36.708339750766754150390625" lon="137.8337509743869304656982421875">
        <ele>814.5999755859375</ele>
        <time>2023-10-07T06:31:26.000Z</time>
        <extensions>
          <ns3:TrackPointExtension>
            <ns3:atemp>13.0</ns3:atemp>
            <ns3:cad>0</ns3:cad>
          </ns3:TrackPointExtension>
        </extensions>
      </trkpt>
      <trkpt lat="36.708339750766754150390625" lon="137.8337509743869304656982421875">
        <ele>814.5999755859375</ele>
        <time>2023-10-07T06:31:27.000Z</time>
        <extensions>
          <ns3:TrackPointExtension>
            <ns3:atemp>13.0</ns3:atemp>
            <ns3:cad>0</ns3:cad>
          </ns3:TrackPointExtension>
        </extensions>
      </trkpt>
      <trkpt lat="36.708339750766754150390625" lon="137.8337509743869304656982421875">
        <ele>814.5999755859375</ele>
        <time>2023-10-07T06:31:28.000Z</time>
        <extensions>
          <ns3:TrackPointExtension>
            <ns3:atemp>13.0</ns3:atemp>
            <ns3:cad>0</ns3:cad>
          </ns3:TrackPointExtension>
        </extensions>
      </trkpt>
      <trkpt lat="36.708339750766754150390625" lon="137.8337509743869304656982421875">
        <ele>814.5999755859375</ele>
        <time>2023-10-07T06:31:29.000Z</time>
        <extensions>
          <ns3:TrackPointExtension>
            <ns3:atemp>13.0</ns3:atemp>
            <ns3:cad>0</ns3:cad>
          </ns3:TrackPointExtension>
        </extensions>
      </trkpt>
      <trkpt lat="36.708339750766754150390625" lon="137.8337509743869304656982421875">
        <ele>814.5999755859375</ele>
        <time>2023-10-07T06:31:30.000Z</time>
        <extensions>
          <ns3:TrackPointExtension>
            <ns3:atemp>13.0</ns3:atemp>
            <ns3:cad>0</ns3:cad>
          </ns3:TrackPointExtension>
        </extensions>
      </trkpt>
      <trkpt lat="36.708339750766754150390625" lon="137.8337509743869304656982421875">
        <ele>814.5999755859375</ele>
        <time>2023-10-07T06:31:31.000Z</time>
        <extensions>
          <ns3:TrackPointExtension>
            <ns3:atemp>13.0</ns3:atemp>
            <ns3:cad>0</ns3:cad>
          </ns3:TrackPointExtension>
        </extensions>
      </trkpt>
      <trkpt lat="36.708339750766754150390625" lon="137.8337509743869304656982421875">
        <ele>814.5999755859375</ele>
        <time>2023-10-07T06:31:32.000Z</time>
        <extensions>
          <ns3:TrackPointExtension>
            <ns3:atemp>13.0</ns3:atemp>
            <ns3:cad>0</ns3:cad>
          </ns3:TrackPointExtension>
        </extensions>
      </trkpt>
      <trkpt lat="36.708339750766754150390625" lon="137.8337509743869304656982421875">
        <ele>814.5999755859375</ele>
        <time>2023-10-07T06:31:33.000Z</time>
        <extensions>
          <ns3:TrackPointExtension>
            <ns3:atemp>13.0</ns3:atemp>
            <ns3:cad>0</ns3:cad>
          </ns3:TrackPointExtension>
        </extensions>
      </trkpt>
      <trkpt lat="36.708339750766754150390625" lon="137.8337509743869304656982421875">
        <ele>814.5999755859375</ele>
        <time>2023-10-07T06:31:34.000Z</time>
        <extensions>
          <ns3:TrackPointExtension>
            <ns3:atemp>13.0</ns3:atemp>
            <ns3:cad>0</ns3:cad>
          </ns3:TrackPointExtension>
        </extensions>
      </trkpt>
      <trkpt lat="36.708339750766754150390625" lon="137.8337509743869304656982421875">
        <ele>814.4000244140625</ele>
        <time>2023-10-07T06:31:35.000Z</time>
        <extensions>
          <ns3:TrackPointExtension>
            <ns3:atemp>13.0</ns3:atemp>
            <ns3:cad>0</ns3:cad>
          </ns3:TrackPointExtension>
        </extensions>
      </trkpt>
      <trkpt lat="36.708339750766754150390625" lon="137.8337509743869304656982421875">
        <ele>814.4000244140625</ele>
        <time>2023-10-07T06:31:36.000Z</time>
        <extensions>
          <ns3:TrackPointExtension>
            <ns3:atemp>13.0</ns3:atemp>
            <ns3:cad>0</ns3:cad>
          </ns3:TrackPointExtension>
        </extensions>
      </trkpt>
      <trkpt lat="36.708339750766754150390625" lon="137.8337509743869304656982421875">
        <ele>814</ele>
        <time>2023-10-07T06:31:43.000Z</time>
        <extensions>
          <ns3:TrackPointExtension>
            <ns3:atemp>13.0</ns3:atemp>
          </ns3:TrackPointExtension>
        </extensions>
      </trkpt>
      <trkpt lat="36.708339750766754150390625" lon="137.8337509743869304656982421875">
        <ele>814.5999755859375</ele>
        <time>2023-10-07T06:32:13.000Z</time>
        <extensions>
          <ns3:TrackPointExtension>
            <ns3:atemp>13.0</ns3:atemp>
          </ns3:TrackPointExtension>
        </extensions>
      </trkpt>
      <trkpt lat="36.708339750766754150390625" lon="137.8337509743869304656982421875">
        <ele>815</ele>
        <time>2023-10-07T06:33:29.000Z</time>
        <extensions>
          <ns3:TrackPointExtension>
            <ns3:atemp>14.0</ns3:atemp>
          </ns3:TrackPointExtension>
        </extensions>
      </trkpt>
      <trkpt lat="36.708339750766754150390625" lon="137.8337509743869304656982421875">
        <ele>814.5999755859375</ele>
        <time>2023-10-07T06:36:08.000Z</time>
        <extensions>
          <ns3:TrackPointExtension>
            <ns3:atemp>14.0</ns3:atemp>
          </ns3:TrackPointExtension>
        </extensions>
      </trkpt>
      <trkpt lat="36.708339750766754150390625" lon="137.8337509743869304656982421875">
        <ele>814.5999755859375</ele>
        <time>2023-10-07T06:36:09.000Z</time>
        <extensions>
          <ns3:TrackPointExtension>
            <ns3:atemp>14.0</ns3:atemp>
            <ns3:cad>0</ns3:cad>
          </ns3:TrackPointExtension>
        </extensions>
      </trkpt>
      <trkpt lat="36.708339750766754150390625" lon="137.8337509743869304656982421875">
        <ele>814.4000244140625</ele>
        <time>2023-10-07T06:36:10.000Z</time>
        <extensions>
          <ns3:TrackPointExtension>
            <ns3:atemp>14.0</ns3:atemp>
            <ns3:cad>0</ns3:cad>
          </ns3:TrackPointExtension>
        </extensions>
      </trkpt>
      <trkpt lat="36.708339750766754150390625" lon="137.8337509743869304656982421875">
        <ele>814.4000244140625</ele>
        <time>2023-10-07T06:36:11.000Z</time>
        <extensions>
          <ns3:TrackPointExtension>
            <ns3:atemp>14.0</ns3:atemp>
            <ns3:cad>0</ns3:cad>
          </ns3:TrackPointExtension>
        </extensions>
      </trkpt>
      <trkpt lat="36.708339750766754150390625" lon="137.8337509743869304656982421875">
        <ele>814.5999755859375</ele>
        <time>2023-10-07T06:36:12.000Z</time>
        <extensions>
          <ns3:TrackPointExtension>
            <ns3:atemp>14.0</ns3:atemp>
            <ns3:cad>0</ns3:cad>
          </ns3:TrackPointExtension>
        </extensions>
      </trkpt>
      <trkpt lat="36.708339750766754150390625" lon="137.8337509743869304656982421875">
        <ele>814.5999755859375</ele>
        <time>2023-10-07T06:36:13.000Z</time>
        <extensions>
          <ns3:TrackPointExtension>
            <ns3:atemp>14.0</ns3:atemp>
            <ns3:cad>0</ns3:cad>
          </ns3:TrackPointExtension>
        </extensions>
      </trkpt>
      <trkpt lat="36.708339750766754150390625" lon="137.8337509743869304656982421875">
        <ele>814.5999755859375</ele>
        <time>2023-10-07T06:36:14.000Z</time>
        <extensions>
          <ns3:TrackPointExtension>
            <ns3:atemp>14.0</ns3:atemp>
            <ns3:cad>0</ns3:cad>
          </ns3:TrackPointExtension>
        </extensions>
      </trkpt>
      <trkpt lat="36.708339750766754150390625" lon="137.8337509743869304656982421875">
        <ele>814.5999755859375</ele>
        <time>2023-10-07T06:36:15.000Z</time>
        <extensions>
          <ns3:TrackPointExtension>
            <ns3:atemp>14.0</ns3:atemp>
            <ns3:cad>0</ns3:cad>
          </ns3:TrackPointExtension>
        </extensions>
      </trkpt>
      <trkpt lat="36.708339750766754150390625" lon="137.8337509743869304656982421875">
        <ele>815</ele>
        <time>2023-10-07T06:36:16.000Z</time>
        <extensions>
          <ns3:TrackPointExtension>
            <ns3:atemp>14.0</ns3:atemp>
            <ns3:cad>0</ns3:cad>
          </ns3:TrackPointExtension>
        </extensions>
      </trkpt>
      <trkpt lat="36.708339750766754150390625" lon="137.8337509743869304656982421875">
        <ele>815</ele>
        <time>2023-10-07T06:36:17.000Z</time>
        <extensions>
          <ns3:TrackPointExtension>
            <ns3:atemp>14.0</ns3:atemp>
            <ns3:cad>0</ns3:cad>
          </ns3:TrackPointExtension>
        </extensions>
      </trkpt>
      <trkpt lat="36.708339750766754150390625" lon="137.8337509743869304656982421875">
        <ele>815.4000244140625</ele>
        <time>2023-10-07T06:36:18.000Z</time>
        <extensions>
          <ns3:TrackPointExtension>
            <ns3:atemp>14.0</ns3:atemp>
            <ns3:cad>0</ns3:cad>
          </ns3:TrackPointExtension>
        </extensions>
      </trkpt>
      <trkpt lat="36.708339750766754150390625" lon="137.8337509743869304656982421875">
        <ele>815.4000244140625</ele>
        <time>2023-10-07T06:36:19.000Z</time>
        <extensions>
          <ns3:TrackPointExtension>
            <ns3:atemp>14.0</ns3:atemp>
            <ns3:cad>0</ns3:cad>
          </ns3:TrackPointExtension>
        </extensions>
      </trkpt>
      <trkpt lat="36.708339750766754150390625" lon="137.8337509743869304656982421875">
        <ele>815.5999755859375</ele>
        <time>2023-10-07T06:36:20.000Z</time>
        <extensions>
          <ns3:TrackPointExtension>
            <ns3:atemp>13.0</ns3:atemp>
            <ns3:cad>0</ns3:cad>
          </ns3:TrackPointExtension>
        </extensions>
      </trkpt>
      <trkpt lat="36.708339750766754150390625" lon="137.8337509743869304656982421875">
        <ele>815.79998779296875</ele>
        <time>2023-10-07T06:36:21.000Z</time>
        <extensions>
          <ns3:TrackPointExtension>
            <ns3:atemp>13.0</ns3:atemp>
            <ns3:cad>0</ns3:cad>
          </ns3:TrackPointExtension>
        </extensions>
      </trkpt>
      <trkpt lat="36.708339750766754150390625" lon="137.8337509743869304656982421875">
        <ele>815.79998779296875</ele>
        <time>2023-10-07T06:36:22.000Z</time>
        <extensions>
          <ns3:TrackPointExtension>
            <ns3:atemp>14.0</ns3:atemp>
            <ns3:cad>0</ns3:cad>
          </ns3:TrackPointExtension>
        </extensions>
      </trkpt>
      <trkpt lat="36.708339750766754150390625" lon="137.8337509743869304656982421875">
        <ele>816</ele>
        <time>2023-10-07T06:36:23.000Z</time>
        <extensions>
          <ns3:TrackPointExtension>
            <ns3:atemp>13.0</ns3:atemp>
            <ns3:cad>0</ns3:cad>
          </ns3:TrackPointExtension>
        </extensions>
      </trkpt>
      <trkpt lat="36.708339750766754150390625" lon="137.8337509743869304656982421875">
        <ele>816</ele>
        <time>2023-10-07T06:36:24.000Z</time>
        <extensions>
          <ns3:TrackPointExtension>
            <ns3:atemp>13.0</ns3:atemp>
            <ns3:cad>0</ns3:cad>
          </ns3:TrackPointExtension>
        </extensions>
      </trkpt>
      <trkpt lat="36.708339750766754150390625" lon="137.8337509743869304656982421875">
        <ele>816.20001220703125</ele>
        <time>2023-10-07T06:36:25.000Z</time>
        <extensions>
          <ns3:TrackPointExtension>
            <ns3:atemp>13.0</ns3:atemp>
            <ns3:cad>0</ns3:cad>
          </ns3:TrackPointExtension>
        </extensions>
      </trkpt>
      <trkpt lat="36.708339750766754150390625" lon="137.8337509743869304656982421875">
        <ele>816.20001220703125</ele>
        <time>2023-10-07T06:36:26.000Z</time>
        <extensions>
          <ns3:TrackPointExtension>
            <ns3:atemp>13.0</ns3:atemp>
            <ns3:cad>0</ns3:cad>
          </ns3:TrackPointExtension>
        </extensions>
      </trkpt>
      <trkpt lat="36.708339750766754150390625" lon="137.8337509743869304656982421875">
        <ele>816.4000244140625</ele>
        <time>2023-10-07T06:36:27.000Z</time>
        <extensions>
          <ns3:TrackPointExtension>
            <ns3:atemp>13.0</ns3:atemp>
            <ns3:cad>0</ns3:cad>
          </ns3:TrackPointExtension>
        </extensions>
      </trkpt>
      <trkpt lat="36.708339750766754150390625" lon="137.8337509743869304656982421875">
        <ele>816.4000244140625</ele>
        <time>2023-10-07T06:36:28.000Z</time>
        <extensions>
          <ns3:TrackPointExtension>
            <ns3:atemp>13.0</ns3:atemp>
            <ns3:cad>0</ns3:cad>
          </ns3:TrackPointExtension>
        </extensions>
      </trkpt>
      <trkpt lat="36.708339750766754150390625" lon="137.8337509743869304656982421875">
        <ele>816.4000244140625</ele>
        <time>2023-10-07T06:36:29.000Z</time>
        <extensions>
          <ns3:TrackPointExtension>
            <ns3:atemp>13.0</ns3:atemp>
            <ns3:cad>0</ns3:cad>
          </ns3:TrackPointExtension>
        </extensions>
      </trkpt>
      <trkpt lat="36.708339750766754150390625" lon="137.8337509743869304656982421875">
        <ele>816.4000244140625</ele>
        <time>2023-10-07T06:36:30.000Z</time>
        <extensions>
          <ns3:TrackPointExtension>
            <ns3:atemp>13.0</ns3:atemp>
            <ns3:cad>0</ns3:cad>
          </ns3:TrackPointExtension>
        </extensions>
      </trkpt>
      <trkpt lat="36.708339750766754150390625" lon="137.8337509743869304656982421875">
        <ele>816.4000244140625</ele>
        <time>2023-10-07T06:36:31.000Z</time>
        <extensions>
          <ns3:TrackPointExtension>
            <ns3:atemp>13.0</ns3:atemp>
            <ns3:cad>0</ns3:cad>
          </ns3:TrackPointExtension>
        </extensions>
      </trkpt>
      <trkpt lat="36.708339750766754150390625" lon="137.8337509743869304656982421875">
        <ele>816.4000244140625</ele>
        <time>2023-10-07T06:36:32.000Z</time>
        <extensions>
          <ns3:TrackPointExtension>
            <ns3:atemp>13.0</ns3:atemp>
            <ns3:cad>0</ns3:cad>
          </ns3:TrackPointExtension>
        </extensions>
      </trkpt>
      <trkpt lat="36.708339750766754150390625" lon="137.8337509743869304656982421875">
        <ele>816.4000244140625</ele>
        <time>2023-10-07T06:36:33.000Z</time>
        <extensions>
          <ns3:TrackPointExtension>
            <ns3:atemp>13.0</ns3:atemp>
            <ns3:cad>0</ns3:cad>
          </ns3:TrackPointExtension>
        </extensions>
      </trkpt>
      <trkpt lat="36.708339750766754150390625" lon="137.8337509743869304656982421875">
        <ele>816.4000244140625</ele>
        <time>2023-10-07T06:36:34.000Z</time>
        <extensions>
          <ns3:TrackPointExtension>
            <ns3:atemp>13.0</ns3:atemp>
            <ns3:cad>0</ns3:cad>
          </ns3:TrackPointExtension>
        </extensions>
      </trkpt>
      <trkpt lat="36.708339750766754150390625" lon="137.8337509743869304656982421875">
        <ele>816.4000244140625</ele>
        <time>2023-10-07T06:36:35.000Z</time>
        <extensions>
          <ns3:TrackPointExtension>
            <ns3:atemp>13.0</ns3:atemp>
            <ns3:cad>0</ns3:cad>
          </ns3:TrackPointExtension>
        </extensions>
      </trkpt>
      <trkpt lat="36.708339750766754150390625" lon="137.8337509743869304656982421875">
        <ele>816.4000244140625</ele>
        <time>2023-10-07T06:36:36.000Z</time>
        <extensions>
          <ns3:TrackPointExtension>
            <ns3:atemp>13.0</ns3:atemp>
            <ns3:cad>0</ns3:cad>
          </ns3:TrackPointExtension>
        </extensions>
      </trkpt>
      <trkpt lat="36.708339750766754150390625" lon="137.8337509743869304656982421875">
        <ele>816.4000244140625</ele>
        <time>2023-10-07T06:36:37.000Z</time>
        <extensions>
          <ns3:TrackPointExtension>
            <ns3:atemp>13.0</ns3:atemp>
            <ns3:cad>0</ns3:cad>
          </ns3:TrackPointExtension>
        </extensions>
      </trkpt>
      <trkpt lat="36.708339750766754150390625" lon="137.8337509743869304656982421875">
        <ele>816.4000244140625</ele>
        <time>2023-10-07T06:36:38.000Z</time>
        <extensions>
          <ns3:TrackPointExtension>
            <ns3:atemp>13.0</ns3:atemp>
            <ns3:cad>0</ns3:cad>
          </ns3:TrackPointExtension>
        </extensions>
      </trkpt>
      <trkpt lat="36.70833966694772243499755859375" lon="137.8337509743869304656982421875">
        <ele>816.4000244140625</ele>
        <time>2023-10-07T06:36:39.000Z</time>
        <extensions>
          <ns3:TrackPointExtension>
            <ns3:atemp>13.0</ns3:atemp>
            <ns3:cad>0</ns3:cad>
          </ns3:TrackPointExtension>
        </extensions>
      </trkpt>
      <trkpt lat="36.70833966694772243499755859375" lon="137.8337509743869304656982421875">
        <ele>816.4000244140625</ele>
        <time>2023-10-07T06:36:40.000Z</time>
        <extensions>
          <ns3:TrackPointExtension>
            <ns3:atemp>13.0</ns3:atemp>
            <ns3:cad>0</ns3:cad>
          </ns3:TrackPointExtension>
        </extensions>
      </trkpt>
      <trkpt lat="36.70833966694772243499755859375" lon="137.8337509743869304656982421875">
        <ele>816</ele>
        <time>2023-10-07T06:36:41.000Z</time>
        <extensions>
          <ns3:TrackPointExtension>
            <ns3:atemp>13.0</ns3:atemp>
            <ns3:cad>0</ns3:cad>
          </ns3:TrackPointExtension>
        </extensions>
      </trkpt>
      <trkpt lat="36.70833966694772243499755859375" lon="137.8337509743869304656982421875">
        <ele>816</ele>
        <time>2023-10-07T06:36:42.000Z</time>
        <extensions>
          <ns3:TrackPointExtension>
            <ns3:atemp>13.0</ns3:atemp>
            <ns3:cad>0</ns3:cad>
          </ns3:TrackPointExtension>
        </extensions>
      </trkpt>
      <trkpt lat="36.70833966694772243499755859375" lon="137.8337509743869304656982421875">
        <ele>815.79998779296875</ele>
        <time>2023-10-07T06:36:43.000Z</time>
        <extensions>
          <ns3:TrackPointExtension>
            <ns3:atemp>13.0</ns3:atemp>
            <ns3:cad>0</ns3:cad>
          </ns3:TrackPointExtension>
        </extensions>
      </trkpt>
      <trkpt lat="36.70833966694772243499755859375" lon="137.8337509743869304656982421875">
        <ele>815.5999755859375</ele>
        <time>2023-10-07T06:36:44.000Z</time>
        <extensions>
          <ns3:TrackPointExtension>
            <ns3:atemp>13.0</ns3:atemp>
            <ns3:cad>0</ns3:cad>
          </ns3:TrackPointExtension>
        </extensions>
      </trkpt>
      <trkpt lat="36.70833966694772243499755859375" lon="137.8337509743869304656982421875">
        <ele>815.5999755859375</ele>
        <time>2023-10-07T06:36:45.000Z</time>
        <extensions>
          <ns3:TrackPointExtension>
            <ns3:atemp>13.0</ns3:atemp>
            <ns3:cad>0</ns3:cad>
          </ns3:TrackPointExtension>
        </extensions>
      </trkpt>
      <trkpt lat="36.70833966694772243499755859375" lon="137.8337509743869304656982421875">
        <ele>815.5999755859375</ele>
        <time>2023-10-07T06:36:46.000Z</time>
        <extensions>
          <ns3:TrackPointExtension>
            <ns3:atemp>13.0</ns3:atemp>
            <ns3:cad>0</ns3:cad>
          </ns3:TrackPointExtension>
        </extensions>
      </trkpt>
      <trkpt lat="36.70833966694772243499755859375" lon="137.8337509743869304656982421875">
        <ele>815.4000244140625</ele>
        <time>2023-10-07T06:36:47.000Z</time>
        <extensions>
          <ns3:TrackPointExtension>
            <ns3:atemp>13.0</ns3:atemp>
            <ns3:cad>0</ns3:cad>
          </ns3:TrackPointExtension>
        </extensions>
      </trkpt>
      <trkpt lat="36.70833966694772243499755859375" lon="137.8337509743869304656982421875">
        <ele>815.20001220703125</ele>
        <time>2023-10-07T06:36:48.000Z</time>
        <extensions>
          <ns3:TrackPointExtension>
            <ns3:atemp>13.0</ns3:atemp>
            <ns3:cad>0</ns3:cad>
          </ns3:TrackPointExtension>
        </extensions>
      </trkpt>
      <trkpt lat="36.70833966694772243499755859375" lon="137.8337509743869304656982421875">
        <ele>815.20001220703125</ele>
        <time>2023-10-07T06:36:49.000Z</time>
        <extensions>
          <ns3:TrackPointExtension>
            <ns3:atemp>13.0</ns3:atemp>
            <ns3:cad>0</ns3:cad>
          </ns3:TrackPointExtension>
        </extensions>
      </trkpt>
      <trkpt lat="36.7083395831286907196044921875" lon="137.8337509743869304656982421875">
        <ele>815.20001220703125</ele>
        <time>2023-10-07T06:36:50.000Z</time>
        <extensions>
          <ns3:TrackPointExtension>
            <ns3:atemp>13.0</ns3:atemp>
            <ns3:cad>0</ns3:cad>
          </ns3:TrackPointExtension>
        </extensions>
      </trkpt>
      <trkpt lat="36.7083395831286907196044921875" lon="137.8337509743869304656982421875">
        <ele>815.20001220703125</ele>
        <time>2023-10-07T06:36:51.000Z</time>
        <extensions>
          <ns3:TrackPointExtension>
            <ns3:atemp>13.0</ns3:atemp>
            <ns3:cad>0</ns3:cad>
          </ns3:TrackPointExtension>
        </extensions>
      </trkpt>
      <trkpt lat="36.7083395831286907196044921875" lon="137.8337509743869304656982421875">
        <ele>815</ele>
        <time>2023-10-07T06:36:52.000Z</time>
        <extensions>
          <ns3:TrackPointExtension>
            <ns3:atemp>13.0</ns3:atemp>
            <ns3:cad>0</ns3:cad>
          </ns3:TrackPointExtension>
        </extensions>
      </trkpt>
      <trkpt lat="36.7083395831286907196044921875" lon="137.8337509743869304656982421875">
        <ele>815</ele>
        <time>2023-10-07T06:36:53.000Z</time>
        <extensions>
          <ns3:TrackPointExtension>
            <ns3:atemp>13.0</ns3:atemp>
            <ns3:cad>0</ns3:cad>
          </ns3:TrackPointExtension>
        </extensions>
      </trkpt>
      <trkpt lat="36.7083395831286907196044921875" lon="137.8337509743869304656982421875">
        <ele>815</ele>
        <time>2023-10-07T06:36:54.000Z</time>
        <extensions>
          <ns3:TrackPointExtension>
            <ns3:atemp>13.0</ns3:atemp>
            <ns3:cad>0</ns3:cad>
          </ns3:TrackPointExtension>
        </extensions>
      </trkpt>
      <trkpt lat="36.7083395831286907196044921875" lon="137.8337509743869304656982421875">
        <ele>815</ele>
        <time>2023-10-07T06:36:55.000Z</time>
        <extensions>
          <ns3:TrackPointExtension>
            <ns3:atemp>13.0</ns3:atemp>
            <ns3:cad>0</ns3:cad>
          </ns3:TrackPointExtension>
        </extensions>
      </trkpt>
      <trkpt lat="36.7083395831286907196044921875" lon="137.8337509743869304656982421875">
        <ele>815</ele>
        <time>2023-10-07T06:36:56.000Z</time>
        <extensions>
          <ns3:TrackPointExtension>
            <ns3:atemp>13.0</ns3:atemp>
            <ns3:cad>0</ns3:cad>
          </ns3:TrackPointExtension>
        </extensions>
      </trkpt>
      <trkpt lat="36.7083395831286907196044921875" lon="137.8337509743869304656982421875">
        <ele>815</ele>
        <time>2023-10-07T06:36:57.000Z</time>
        <extensions>
          <ns3:TrackPointExtension>
            <ns3:atemp>13.0</ns3:atemp>
            <ns3:cad>0</ns3:cad>
          </ns3:TrackPointExtension>
        </extensions>
      </trkpt>
      <trkpt lat="36.7083395831286907196044921875" lon="137.8337509743869304656982421875">
        <ele>815</ele>
        <time>2023-10-07T06:36:58.000Z</time>
        <extensions>
          <ns3:TrackPointExtension>
            <ns3:atemp>13.0</ns3:atemp>
            <ns3:cad>0</ns3:cad>
          </ns3:TrackPointExtension>
        </extensions>
      </trkpt>
      <trkpt lat="36.7083395831286907196044921875" lon="137.8337509743869304656982421875">
        <ele>815</ele>
        <time>2023-10-07T06:36:59.000Z</time>
        <extensions>
          <ns3:TrackPointExtension>
            <ns3:atemp>13.0</ns3:atemp>
            <ns3:cad>0</ns3:cad>
          </ns3:TrackPointExtension>
        </extensions>
      </trkpt>
      <trkpt lat="36.70833949930965900421142578125" lon="137.8337509743869304656982421875">
        <ele>815</ele>
        <time>2023-10-07T06:37:00.000Z</time>
        <extensions>
          <ns3:TrackPointExtension>
            <ns3:atemp>13.0</ns3:atemp>
            <ns3:cad>0</ns3:cad>
          </ns3:TrackPointExtension>
        </extensions>
      </trkpt>
      <trkpt lat="36.70833949930965900421142578125" lon="137.8337509743869304656982421875">
        <ele>814.79998779296875</ele>
        <time>2023-10-07T06:37:01.000Z</time>
        <extensions>
          <ns3:TrackPointExtension>
            <ns3:atemp>13.0</ns3:atemp>
            <ns3:cad>0</ns3:cad>
          </ns3:TrackPointExtension>
        </extensions>
      </trkpt>
      <trkpt lat="36.70833949930965900421142578125" lon="137.8337509743869304656982421875">
        <ele>814.79998779296875</ele>
        <time>2023-10-07T06:37:02.000Z</time>
        <extensions>
          <ns3:TrackPointExtension>
            <ns3:atemp>13.0</ns3:atemp>
            <ns3:cad>0</ns3:cad>
          </ns3:TrackPointExtension>
        </extensions>
      </trkpt>
      <trkpt lat="36.70833949930965900421142578125" lon="137.8337509743869304656982421875">
        <ele>814.79998779296875</ele>
        <time>2023-10-07T06:37:03.000Z</time>
        <extensions>
          <ns3:TrackPointExtension>
            <ns3:atemp>13.0</ns3:atemp>
            <ns3:cad>0</ns3:cad>
          </ns3:TrackPointExtension>
        </extensions>
      </trkpt>
      <trkpt lat="36.70833949930965900421142578125" lon="137.8337509743869304656982421875">
        <ele>814.79998779296875</ele>
        <time>2023-10-07T06:37:04.000Z</time>
        <extensions>
          <ns3:TrackPointExtension>
            <ns3:atemp>13.0</ns3:atemp>
            <ns3:cad>0</ns3:cad>
          </ns3:TrackPointExtension>
        </extensions>
      </trkpt>
      <trkpt lat="36.70833949930965900421142578125" lon="137.8337509743869304656982421875">
        <ele>814.79998779296875</ele>
        <time>2023-10-07T06:37:05.000Z</time>
        <extensions>
          <ns3:TrackPointExtension>
            <ns3:atemp>13.0</ns3:atemp>
            <ns3:cad>0</ns3:cad>
          </ns3:TrackPointExtension>
        </extensions>
      </trkpt>
      <trkpt lat="36.70833949930965900421142578125" lon="137.8337509743869304656982421875">
        <ele>814.79998779296875</ele>
        <time>2023-10-07T06:37:06.000Z</time>
        <extensions>
          <ns3:TrackPointExtension>
            <ns3:atemp>13.0</ns3:atemp>
            <ns3:cad>0</ns3:cad>
          </ns3:TrackPointExtension>
        </extensions>
      </trkpt>
      <trkpt lat="36.70833949930965900421142578125" lon="137.8337509743869304656982421875">
        <ele>814.5999755859375</ele>
        <time>2023-10-07T06:37:07.000Z</time>
        <extensions>
          <ns3:TrackPointExtension>
            <ns3:atemp>13.0</ns3:atemp>
            <ns3:cad>0</ns3:cad>
          </ns3:TrackPointExtension>
        </extensions>
      </trkpt>
      <trkpt lat="36.70833949930965900421142578125" lon="137.8337509743869304656982421875">
        <ele>814.5999755859375</ele>
        <time>2023-10-07T06:37:08.000Z</time>
        <extensions>
          <ns3:TrackPointExtension>
            <ns3:atemp>13.0</ns3:atemp>
            <ns3:cad>0</ns3:cad>
          </ns3:TrackPointExtension>
        </extensions>
      </trkpt>
      <trkpt lat="36.70833949930965900421142578125" lon="137.8337509743869304656982421875">
        <ele>814.5999755859375</ele>
        <time>2023-10-07T06:37:09.000Z</time>
        <extensions>
          <ns3:TrackPointExtension>
            <ns3:atemp>13.0</ns3:atemp>
            <ns3:cad>0</ns3:cad>
          </ns3:TrackPointExtension>
        </extensions>
      </trkpt>
      <trkpt lat="36.70833949930965900421142578125" lon="137.8337509743869304656982421875">
        <ele>814.5999755859375</ele>
        <time>2023-10-07T06:37:10.000Z</time>
        <extensions>
          <ns3:TrackPointExtension>
            <ns3:atemp>13.0</ns3:atemp>
            <ns3:cad>0</ns3:cad>
          </ns3:TrackPointExtension>
        </extensions>
      </trkpt>
      <trkpt lat="36.708339415490627288818359375" lon="137.8337509743869304656982421875">
        <ele>814.5999755859375</ele>
        <time>2023-10-07T06:37:11.000Z</time>
        <extensions>
          <ns3:TrackPointExtension>
            <ns3:atemp>13.0</ns3:atemp>
            <ns3:cad>0</ns3:cad>
          </ns3:TrackPointExtension>
        </extensions>
      </trkpt>
      <trkpt lat="36.708339415490627288818359375" lon="137.8337509743869304656982421875">
        <ele>814.5999755859375</ele>
        <time>2023-10-07T06:37:12.000Z</time>
        <extensions>
          <ns3:TrackPointExtension>
            <ns3:atemp>13.0</ns3:atemp>
            <ns3:cad>0</ns3:cad>
          </ns3:TrackPointExtension>
        </extensions>
      </trkpt>
      <trkpt lat="36.708339415490627288818359375" lon="137.8337509743869304656982421875">
        <ele>814.5999755859375</ele>
        <time>2023-10-07T06:37:13.000Z</time>
        <extensions>
          <ns3:TrackPointExtension>
            <ns3:atemp>13.0</ns3:atemp>
            <ns3:cad>0</ns3:cad>
          </ns3:TrackPointExtension>
        </extensions>
      </trkpt>
      <trkpt lat="36.708339415490627288818359375" lon="137.8337509743869304656982421875">
        <ele>814.4000244140625</ele>
        <time>2023-10-07T06:37:14.000Z</time>
        <extensions>
          <ns3:TrackPointExtension>
            <ns3:atemp>13.0</ns3:atemp>
            <ns3:cad>0</ns3:cad>
          </ns3:TrackPointExtension>
        </extensions>
      </trkpt>
      <trkpt lat="36.708339415490627288818359375" lon="137.8337509743869304656982421875">
        <ele>814.4000244140625</ele>
        <time>2023-10-07T06:37:15.000Z</time>
        <extensions>
          <ns3:TrackPointExtension>
            <ns3:atemp>13.0</ns3:atemp>
            <ns3:cad>0</ns3:cad>
          </ns3:TrackPointExtension>
        </extensions>
      </trkpt>
      <trkpt lat="36.708339415490627288818359375" lon="137.8337509743869304656982421875">
        <ele>814.4000244140625</ele>
        <time>2023-10-07T06:37:16.000Z</time>
        <extensions>
          <ns3:TrackPointExtension>
            <ns3:atemp>13.0</ns3:atemp>
            <ns3:cad>0</ns3:cad>
          </ns3:TrackPointExtension>
        </extensions>
      </trkpt>
      <trkpt lat="36.708339415490627288818359375" lon="137.8337509743869304656982421875">
        <ele>814.4000244140625</ele>
        <time>2023-10-07T06:37:17.000Z</time>
        <extensions>
          <ns3:TrackPointExtension>
            <ns3:atemp>13.0</ns3:atemp>
            <ns3:cad>0</ns3:cad>
          </ns3:TrackPointExtension>
        </extensions>
      </trkpt>
      <trkpt lat="36.708339415490627288818359375" lon="137.8337509743869304656982421875">
        <ele>814.4000244140625</ele>
        <time>2023-10-07T06:37:18.000Z</time>
        <extensions>
          <ns3:TrackPointExtension>
            <ns3:atemp>13.0</ns3:atemp>
            <ns3:cad>0</ns3:cad>
          </ns3:TrackPointExtension>
        </extensions>
      </trkpt>
      <trkpt lat="36.70833631418645381927490234375" lon="137.83375273458659648895263671875">
        <ele>814.4000244140625</ele>
        <time>2023-10-07T06:37:19.000Z</time>
        <extensions>
          <ns3:TrackPointExtension>
            <ns3:atemp>13.0</ns3:atemp>
            <ns3:cad>0</ns3:cad>
          </ns3:TrackPointExtension>
        </extensions>
      </trkpt>
      <trkpt lat="36.7083191312849521636962890625" lon="137.83376648090779781341552734375">
        <ele>814.20001220703125</ele>
        <time>2023-10-07T06:37:20.000Z</time>
        <extensions>
          <ns3:TrackPointExtension>
            <ns3:atemp>13.0</ns3:atemp>
            <ns3:cad>0</ns3:cad>
          </ns3:TrackPointExtension>
        </extensions>
      </trkpt>
      <trkpt lat="36.70829926617443561553955078125" lon="137.83378140069544315338134765625">
        <ele>814.20001220703125</ele>
        <time>2023-10-07T06:37:21.000Z</time>
        <extensions>
          <ns3:TrackPointExtension>
            <ns3:atemp>13.0</ns3:atemp>
            <ns3:cad>0</ns3:cad>
          </ns3:TrackPointExtension>
        </extensions>
      </trkpt>
      <trkpt lat="36.70828032307326793670654296875" lon="137.8337979130446910858154296875">
        <ele>814.20001220703125</ele>
        <time>2023-10-07T06:37:22.000Z</time>
        <extensions>
          <ns3:TrackPointExtension>
            <ns3:atemp>13.0</ns3:atemp>
            <ns3:cad>0</ns3:cad>
          </ns3:TrackPointExtension>
        </extensions>
      </trkpt>
      <trkpt lat="36.70824746601283550262451171875" lon="137.8338300995528697967529296875">
        <ele>814.20001220703125</ele>
        <time>2023-10-07T06:37:23.000Z</time>
        <extensions>
          <ns3:TrackPointExtension>
            <ns3:atemp>13.0</ns3:atemp>
            <ns3:cad>0</ns3:cad>
          </ns3:TrackPointExtension>
        </extensions>
      </trkpt>
      <trkpt lat="36.70821544714272022247314453125" lon="137.83385952003300189971923828125">
        <ele>814.20001220703125</ele>
        <time>2023-10-07T06:37:24.000Z</time>
        <extensions>
          <ns3:TrackPointExtension>
            <ns3:atemp>13.0</ns3:atemp>
            <ns3:cad>0</ns3:cad>
          </ns3:TrackPointExtension>
        </extensions>
      </trkpt>
      <trkpt lat="36.708174459636211395263671875" lon="137.83389070071280002593994140625">
        <ele>814</ele>
        <time>2023-10-07T06:37:25.000Z</time>
        <extensions>
          <ns3:TrackPointExtension>
            <ns3:atemp>13.0</ns3:atemp>
            <ns3:cad>0</ns3:cad>
          </ns3:TrackPointExtension>
        </extensions>
      </trkpt>
      <trkpt lat="36.708136908710002899169921875" lon="137.83391919918358325958251953125">
        <ele>814</ele>
        <time>2023-10-07T06:37:26.000Z</time>
        <extensions>
          <ns3:TrackPointExtension>
            <ns3:atemp>13.0</ns3:atemp>
            <ns3:cad>0</ns3:cad>
          </ns3:TrackPointExtension>
        </extensions>
      </trkpt>
      <trkpt lat="36.7080877907574176788330078125" lon="137.8339528106153011322021484375">
        <ele>814</ele>
        <time>2023-10-07T06:37:27.000Z</time>
        <extensions>
          <ns3:TrackPointExtension>
            <ns3:atemp>13.0</ns3:atemp>
            <ns3:cad>0</ns3:cad>
          </ns3:TrackPointExtension>
        </extensions>
      </trkpt>
      <trkpt lat="36.70803406275808811187744140625" lon="137.8339860029518604278564453125">
        <ele>813.5999755859375</ele>
        <time>2023-10-07T06:37:28.000Z</time>
        <extensions>
          <ns3:TrackPointExtension>
            <ns3:atemp>13.0</ns3:atemp>
            <ns3:cad>0</ns3:cad>
          </ns3:TrackPointExtension>
        </extensions>
      </trkpt>
      <trkpt lat="36.70798192732036113739013671875" lon="137.83401668071746826171875">
        <ele>813.20001220703125</ele>
        <time>2023-10-07T06:37:29.000Z</time>
        <extensions>
          <ns3:TrackPointExtension>
            <ns3:atemp>14.0</ns3:atemp>
            <ns3:cad>0</ns3:cad>
          </ns3:TrackPointExtension>
        </extensions>
      </trkpt>
      <trkpt lat="36.70791990123689174652099609375" lon="137.83405615948140621185302734375">
        <ele>812.79998779296875</ele>
        <time>2023-10-07T06:37:30.000Z</time>
        <extensions>
          <ns3:TrackPointExtension>
            <ns3:atemp>13.0</ns3:atemp>
            <ns3:cad>0</ns3:cad>
          </ns3:TrackPointExtension>
        </extensions>
      </trkpt>
      <trkpt lat="36.70787631534039974212646484375" lon="137.8340862505137920379638671875">
        <ele>812.5999755859375</ele>
        <time>2023-10-07T06:37:31.000Z</time>
        <extensions>
          <ns3:TrackPointExtension>
            <ns3:atemp>14.0</ns3:atemp>
            <ns3:cad>0</ns3:cad>
          </ns3:TrackPointExtension>
        </extensions>
      </trkpt>
      <trkpt lat="36.70780523680150508880615234375" lon="137.8341194428503513336181640625">
        <ele>812.20001220703125</ele>
        <time>2023-10-07T06:37:32.000Z</time>
        <extensions>
          <ns3:TrackPointExtension>
            <ns3:atemp>14.0</ns3:atemp>
            <ns3:cad>0</ns3:cad>
          </ns3:TrackPointExtension>
        </extensions>
      </trkpt>
      <trkpt lat="36.70774161815643310546875" lon="137.83414207398891448974609375">
        <ele>812</ele>
        <time>2023-10-07T06:37:33.000Z</time>
        <extensions>
          <ns3:TrackPointExtension>
            <ns3:atemp>14.0</ns3:atemp>
            <ns3:cad>0</ns3:cad>
          </ns3:TrackPointExtension>
        </extensions>
      </trkpt>
      <trkpt lat="36.7076914943754673004150390625" lon="137.83416043035686016082763671875">
        <ele>811.5999755859375</ele>
        <time>2023-10-07T06:37:34.000Z</time>
        <extensions>
          <ns3:TrackPointExtension>
            <ns3:atemp>14.0</ns3:atemp>
            <ns3:cad>0</ns3:cad>
          </ns3:TrackPointExtension>
        </extensions>
      </trkpt>
      <trkpt lat="36.70762955211102962493896484375" lon="137.83418498933315277099609375">
        <ele>811.4000244140625</ele>
        <time>2023-10-07T06:37:35.000Z</time>
        <extensions>
          <ns3:TrackPointExtension>
            <ns3:atemp>14.0</ns3:atemp>
            <ns3:cad>0</ns3:cad>
          </ns3:TrackPointExtension>
        </extensions>
      </trkpt>
      <trkpt lat="36.70756618492305278778076171875" lon="137.834212146699428558349609375">
        <ele>811.20001220703125</ele>
        <time>2023-10-07T06:37:36.000Z</time>
        <extensions>
          <ns3:TrackPointExtension>
            <ns3:atemp>14.0</ns3:atemp>
            <ns3:cad>0</ns3:cad>
          </ns3:TrackPointExtension>
        </extensions>
      </trkpt>
      <trkpt lat="36.70748806558549404144287109375" lon="137.83424156717956066131591796875">
        <ele>811</ele>
        <time>2023-10-07T06:37:37.000Z</time>
        <extensions>
          <ns3:TrackPointExtension>
            <ns3:atemp>14.0</ns3:atemp>
            <ns3:cad>0</ns3:cad>
          </ns3:TrackPointExtension>
        </extensions>
      </trkpt>
      <trkpt lat="36.7074199207127094268798828125" lon="137.83426520414650440216064453125">
        <ele>810.79998779296875</ele>
        <time>2023-10-07T06:37:38.000Z</time>
        <extensions>
          <ns3:TrackPointExtension>
            <ns3:atemp>14.0</ns3:atemp>
            <ns3:cad>0</ns3:cad>
          </ns3:TrackPointExtension>
        </extensions>
      </trkpt>
      <trkpt lat="36.70735261403024196624755859375" lon="137.834291942417621612548828125">
        <ele>810.4000244140625</ele>
        <time>2023-10-07T06:37:39.000Z</time>
        <extensions>
          <ns3:TrackPointExtension>
            <ns3:atemp>14.0</ns3:atemp>
            <ns3:cad>0</ns3:cad>
          </ns3:TrackPointExtension>
        </extensions>
      </trkpt>
      <trkpt lat="36.7073002271354198455810546875" lon="137.83431909978389739990234375">
        <ele>810.20001220703125</ele>
        <time>2023-10-07T06:37:40.000Z</time>
        <extensions>
          <ns3:TrackPointExtension>
            <ns3:atemp>14.0</ns3:atemp>
            <ns3:cad>0</ns3:cad>
          </ns3:TrackPointExtension>
        </extensions>
      </trkpt>
      <trkpt lat="36.70722353272140026092529296875" lon="137.83436159603297710418701171875">
        <ele>809.79998779296875</ele>
        <time>2023-10-07T06:37:41.000Z</time>
        <extensions>
          <ns3:TrackPointExtension>
            <ns3:atemp>14.0</ns3:atemp>
            <ns3:cad>0</ns3:cad>
          </ns3:TrackPointExtension>
        </extensions>
      </trkpt>
      <trkpt lat="36.70716050080955028533935546875" lon="137.83439981751143932342529296875">
        <ele>809.5999755859375</ele>
        <time>2023-10-07T06:37:42.000Z</time>
        <extensions>
          <ns3:TrackPointExtension>
            <ns3:atemp>14.0</ns3:atemp>
            <ns3:cad>0</ns3:cad>
          </ns3:TrackPointExtension>
        </extensions>
      </trkpt>
      <trkpt lat="36.70709445141255855560302734375" lon="137.83443720079958438873291015625">
        <ele>809.20001220703125</ele>
        <time>2023-10-07T06:37:43.000Z</time>
        <extensions>
          <ns3:TrackPointExtension>
            <ns3:atemp>14.0</ns3:atemp>
            <ns3:cad>0</ns3:cad>
          </ns3:TrackPointExtension>
        </extensions>
      </trkpt>
      <trkpt lat="36.70703661628067493438720703125" lon="137.83446754328906536102294921875">
        <ele>808.79998779296875</ele>
        <time>2023-10-07T06:37:44.000Z</time>
        <extensions>
          <ns3:TrackPointExtension>
            <ns3:atemp>14.0</ns3:atemp>
            <ns3:cad>0</ns3:cad>
          </ns3:TrackPointExtension>
        </extensions>
      </trkpt>
      <trkpt lat="36.70696578919887542724609375" lon="137.834508530795574188232421875">
        <ele>808.20001220703125</ele>
        <time>2023-10-07T06:37:45.000Z</time>
        <extensions>
          <ns3:TrackPointExtension>
            <ns3:atemp>14.0</ns3:atemp>
            <ns3:cad>0</ns3:cad>
          </ns3:TrackPointExtension>
        </extensions>
      </trkpt>
      <trkpt lat="36.70689965598285198211669921875" lon="137.8345522843301296234130859375">
        <ele>807.5999755859375</ele>
        <time>2023-10-07T06:37:46.000Z</time>
        <extensions>
          <ns3:TrackPointExtension>
            <ns3:atemp>14.0</ns3:atemp>
            <ns3:cad>0</ns3:cad>
          </ns3:TrackPointExtension>
        </extensions>
      </trkpt>
      <trkpt lat="36.70682287774980068206787109375" lon="137.83460140228271484375">
        <ele>807.20001220703125</ele>
        <time>2023-10-07T06:37:47.000Z</time>
        <extensions>
          <ns3:TrackPointExtension>
            <ns3:atemp>14.0</ns3:atemp>
            <ns3:cad>0</ns3:cad>
          </ns3:TrackPointExtension>
        </extensions>
      </trkpt>
      <trkpt lat="36.70675615780055522918701171875" lon="137.834639288485050201416015625">
        <ele>806.5999755859375</ele>
        <time>2023-10-07T06:37:48.000Z</time>
        <extensions>
          <ns3:TrackPointExtension>
            <ns3:atemp>14.0</ns3:atemp>
            <ns3:cad>0</ns3:cad>
          </ns3:TrackPointExtension>
        </extensions>
      </trkpt>
      <trkpt lat="36.70670653693377971649169921875" lon="137.83467449247837066650390625">
        <ele>806.20001220703125</ele>
        <time>2023-10-07T06:37:49.000Z</time>
        <extensions>
          <ns3:TrackPointExtension>
            <ns3:atemp>14.0</ns3:atemp>
            <ns3:cad>0</ns3:cad>
          </ns3:TrackPointExtension>
        </extensions>
      </trkpt>
      <trkpt lat="36.70665121637284755706787109375" lon="137.8347175754606723785400390625">
        <ele>805.79998779296875</ele>
        <time>2023-10-07T06:37:50.000Z</time>
        <extensions>
          <ns3:TrackPointExtension>
            <ns3:atemp>14.0</ns3:atemp>
            <ns3:cad>0</ns3:cad>
          </ns3:TrackPointExtension>
        </extensions>
      </trkpt>
      <trkpt lat="36.706585250794887542724609375" lon="137.83477717079222202301025390625">
        <ele>805.4000244140625</ele>
        <time>2023-10-07T06:37:51.000Z</time>
        <extensions>
          <ns3:TrackPointExtension>
            <ns3:atemp>14.0</ns3:atemp>
            <ns3:cad>0</ns3:cad>
          </ns3:TrackPointExtension>
        </extensions>
      </trkpt>
      <trkpt lat="36.7065334506332874298095703125" lon="137.8348360955715179443359375">
        <ele>804.79998779296875</ele>
        <time>2023-10-07T06:37:52.000Z</time>
        <extensions>
          <ns3:TrackPointExtension>
            <ns3:atemp>14.0</ns3:atemp>
            <ns3:cad>0</ns3:cad>
          </ns3:TrackPointExtension>
        </extensions>
      </trkpt>
      <trkpt lat="36.70649933628737926483154296875" lon="137.8348910808563232421875">
        <ele>804.4000244140625</ele>
        <time>2023-10-07T06:37:53.000Z</time>
        <extensions>
          <ns3:TrackPointExtension>
            <ns3:atemp>14.0</ns3:atemp>
            <ns3:cad>0</ns3:cad>
          </ns3:TrackPointExtension>
        </extensions>
      </trkpt>
      <trkpt lat="36.706467233598232269287109375" lon="137.834963165223598480224609375">
        <ele>803.79998779296875</ele>
        <time>2023-10-07T06:37:54.000Z</time>
        <extensions>
          <ns3:TrackPointExtension>
            <ns3:atemp>13.0</ns3:atemp>
            <ns3:cad>0</ns3:cad>
          </ns3:TrackPointExtension>
        </extensions>
      </trkpt>
      <trkpt lat="36.70644409954547882080078125" lon="137.835047654807567596435546875">
        <ele>803</ele>
        <time>2023-10-07T06:37:55.000Z</time>
        <extensions>
          <ns3:TrackPointExtension>
            <ns3:atemp>13.0</ns3:atemp>
            <ns3:cad>0</ns3:cad>
          </ns3:TrackPointExtension>
        </extensions>
      </trkpt>
      <trkpt lat="36.70643663965165615081787109375" lon="137.83511278219521045684814453125">
        <ele>802.5999755859375</ele>
        <time>2023-10-07T06:37:56.000Z</time>
        <extensions>
          <ns3:TrackPointExtension>
            <ns3:atemp>13.0</ns3:atemp>
            <ns3:cad>0</ns3:cad>
          </ns3:TrackPointExtension>
        </extensions>
      </trkpt>
      <trkpt lat="36.70643244870007038116455078125" lon="137.835171706974506378173828125">
        <ele>801.79998779296875</ele>
        <time>2023-10-07T06:37:57.000Z</time>
        <extensions>
          <ns3:TrackPointExtension>
            <ns3:atemp>13.0</ns3:atemp>
            <ns3:cad>0</ns3:cad>
          </ns3:TrackPointExtension>
        </extensions>
      </trkpt>
      <trkpt lat="36.70642289333045482635498046875" lon="137.8352151252329349517822265625">
        <ele>801.5999755859375</ele>
        <time>2023-10-07T06:37:58.000Z</time>
        <extensions>
          <ns3:TrackPointExtension>
            <ns3:atemp>13.0</ns3:atemp>
            <ns3:cad>0</ns3:cad>
          </ns3:TrackPointExtension>
        </extensions>
      </trkpt>
      <trkpt lat="36.706392131745815277099609375" lon="137.83526868559420108795166015625">
        <ele>801.20001220703125</ele>
        <time>2023-10-07T06:37:59.000Z</time>
        <extensions>
          <ns3:TrackPointExtension>
            <ns3:atemp>13.0</ns3:atemp>
            <ns3:cad>0</ns3:cad>
          </ns3:TrackPointExtension>
        </extensions>
      </trkpt>
      <trkpt lat="36.70635315589606761932373046875" lon="137.835299111902713775634765625">
        <ele>801</ele>
        <time>2023-10-07T06:38:00.000Z</time>
        <extensions>
          <ns3:TrackPointExtension>
            <ns3:atemp>13.0</ns3:atemp>
            <ns3:cad>0</ns3:cad>
          </ns3:TrackPointExtension>
        </extensions>
      </trkpt>
      <trkpt lat="36.70631862245500087738037109375" lon="137.83531822264194488525390625">
        <ele>800.79998779296875</ele>
        <time>2023-10-07T06:38:01.000Z</time>
        <extensions>
          <ns3:TrackPointExtension>
            <ns3:atemp>13.0</ns3:atemp>
            <ns3:cad>0</ns3:cad>
          </ns3:TrackPointExtension>
        </extensions>
      </trkpt>
      <trkpt lat="36.706273443996906280517578125" lon="137.8353398479521274566650390625">
        <ele>800.79998779296875</ele>
        <time>2023-10-07T06:38:02.000Z</time>
        <extensions>
          <ns3:TrackPointExtension>
            <ns3:atemp>13.0</ns3:atemp>
            <ns3:cad>0</ns3:cad>
          </ns3:TrackPointExtension>
        </extensions>
      </trkpt>
      <trkpt lat="36.70622373931109905242919921875" lon="137.8353653289377689361572265625">
        <ele>800.5999755859375</ele>
        <time>2023-10-07T06:38:03.000Z</time>
        <extensions>
          <ns3:TrackPointExtension>
            <ns3:atemp>13.0</ns3:atemp>
            <ns3:cad>0</ns3:cad>
          </ns3:TrackPointExtension>
        </extensions>
      </trkpt>
      <trkpt lat="36.70616875402629375457763671875" lon="137.8353928215801715850830078125">
        <ele>800.5999755859375</ele>
        <time>2023-10-07T06:38:04.000Z</time>
        <extensions>
          <ns3:TrackPointExtension>
            <ns3:atemp>13.0</ns3:atemp>
            <ns3:cad>0</ns3:cad>
          </ns3:TrackPointExtension>
        </extensions>
      </trkpt>
      <trkpt lat="36.7061068117618560791015625" lon="137.83541805110871791839599609375">
        <ele>800.5999755859375</ele>
        <time>2023-10-07T06:38:05.000Z</time>
        <extensions>
          <ns3:TrackPointExtension>
            <ns3:atemp>13.0</ns3:atemp>
            <ns3:cad>0</ns3:cad>
          </ns3:TrackPointExtension>
        </extensions>
      </trkpt>
      <trkpt lat="36.70602860860526561737060546875" lon="137.83545459620654582977294921875">
        <ele>800.4000244140625</ele>
        <time>2023-10-07T06:38:06.000Z</time>
        <extensions>
          <ns3:TrackPointExtension>
            <ns3:atemp>13.0</ns3:atemp>
            <ns3:cad>0</ns3:cad>
          </ns3:TrackPointExtension>
        </extensions>
      </trkpt>
      <trkpt lat="36.7059768922626972198486328125" lon="137.83549348823726177215576171875">
        <ele>800.4000244140625</ele>
        <time>2023-10-07T06:38:07.000Z</time>
        <extensions>
          <ns3:TrackPointExtension>
            <ns3:atemp>13.0</ns3:atemp>
            <ns3:cad>0</ns3:cad>
          </ns3:TrackPointExtension>
        </extensions>
      </trkpt>
      <trkpt lat="36.70592484064400196075439453125" lon="137.83556624315679073333740234375">
        <ele>800.20001220703125</ele>
        <time>2023-10-07T06:38:08.000Z</time>
        <extensions>
          <ns3:TrackPointExtension>
            <ns3:atemp>13.0</ns3:atemp>
            <ns3:cad>0</ns3:cad>
          </ns3:TrackPointExtension>
        </extensions>
      </trkpt>
      <trkpt lat="36.7058900557458400726318359375" lon="137.83569096587598323822021484375">
        <ele>799.79998779296875</ele>
        <time>2023-10-07T06:38:09.000Z</time>
        <extensions>
          <ns3:TrackPointExtension>
            <ns3:atemp>13.0</ns3:atemp>
            <ns3:cad>0</ns3:cad>
          </ns3:TrackPointExtension>
        </extensions>
      </trkpt>
      <trkpt lat="36.7058867029845714569091796875" lon="137.8358125872910022735595703125">
        <ele>799.4000244140625</ele>
        <time>2023-10-07T06:38:10.000Z</time>
        <extensions>
          <ns3:TrackPointExtension>
            <ns3:atemp>13.0</ns3:atemp>
            <ns3:cad>0</ns3:cad>
          </ns3:TrackPointExtension>
        </extensions>
      </trkpt>
      <trkpt lat="36.7058930732309818267822265625" lon="137.8359091468155384063720703125">
        <ele>798.79998779296875</ele>
        <time>2023-10-07T06:38:11.000Z</time>
        <extensions>
          <ns3:TrackPointExtension>
            <ns3:atemp>13.0</ns3:atemp>
            <ns3:cad>0</ns3:cad>
          </ns3:TrackPointExtension>
        </extensions>
      </trkpt>
      <trkpt lat="36.7059044726192951202392578125" lon="137.8360217995941638946533203125">
        <ele>797</ele>
        <time>2023-10-07T06:38:12.000Z</time>
        <extensions>
          <ns3:TrackPointExtension>
            <ns3:atemp>13.0</ns3:atemp>
            <ns3:cad>0</ns3:cad>
          </ns3:TrackPointExtension>
        </extensions>
      </trkpt>
      <trkpt lat="36.70591997914016246795654296875" lon="137.83615314401686191558837890625">
        <ele>796.20001220703125</ele>
        <time>2023-10-07T06:38:13.000Z</time>
        <extensions>
          <ns3:TrackPointExtension>
            <ns3:atemp>13.0</ns3:atemp>
            <ns3:cad>0</ns3:cad>
          </ns3:TrackPointExtension>
        </extensions>
      </trkpt>
      <trkpt lat="36.70592282898724079132080078125" lon="137.8362397290766239166259765625">
        <ele>795.20001220703125</ele>
        <time>2023-10-07T06:38:14.000Z</time>
        <extensions>
          <ns3:TrackPointExtension>
            <ns3:atemp>13.0</ns3:atemp>
            <ns3:cad>0</ns3:cad>
          </ns3:TrackPointExtension>
        </extensions>
      </trkpt>
      <trkpt lat="36.70590765774250030517578125" lon="137.83635950647294521331787109375">
        <ele>794</ele>
        <time>2023-10-07T06:38:15.000Z</time>
        <extensions>
          <ns3:TrackPointExtension>
            <ns3:atemp>13.0</ns3:atemp>
            <ns3:cad>0</ns3:cad>
          </ns3:TrackPointExtension>
        </extensions>
      </trkpt>
      <trkpt lat="36.70587404631078243255615234375" lon="137.83642035908997058868408203125">
        <ele>793.5999755859375</ele>
        <time>2023-10-07T06:38:16.000Z</time>
        <extensions>
          <ns3:TrackPointExtension>
            <ns3:atemp>13.0</ns3:atemp>
            <ns3:cad>0</ns3:cad>
          </ns3:TrackPointExtension>
        </extensions>
      </trkpt>
      <trkpt lat="36.70581537298858165740966796875" lon="137.83648221753537654876708984375">
        <ele>793.20001220703125</ele>
        <time>2023-10-07T06:38:17.000Z</time>
        <extensions>
          <ns3:TrackPointExtension>
            <ns3:atemp>13.0</ns3:atemp>
            <ns3:cad>0</ns3:cad>
          </ns3:TrackPointExtension>
        </extensions>
      </trkpt>
      <trkpt lat="36.70573532581329345703125" lon="137.8365404717624187469482421875">
        <ele>793</ele>
        <time>2023-10-07T06:38:18.000Z</time>
        <extensions>
          <ns3:TrackPointExtension>
            <ns3:atemp>13.0</ns3:atemp>
            <ns3:cad>0</ns3:cad>
          </ns3:TrackPointExtension>
        </extensions>
      </trkpt>
      <trkpt lat="36.70566902495920658111572265625" lon="137.83658288419246673583984375">
        <ele>792.79998779296875</ele>
        <time>2023-10-07T06:38:19.000Z</time>
        <extensions>
          <ns3:TrackPointExtension>
            <ns3:atemp>13.0</ns3:atemp>
            <ns3:cad>0</ns3:cad>
          </ns3:TrackPointExtension>
        </extensions>
      </trkpt>
      <trkpt lat="36.7056147940456867218017578125" lon="137.8366138972342014312744140625">
        <ele>792.79998779296875</ele>
        <time>2023-10-07T06:38:20.000Z</time>
        <extensions>
          <ns3:TrackPointExtension>
            <ns3:atemp>13.0</ns3:atemp>
            <ns3:cad>0</ns3:cad>
          </ns3:TrackPointExtension>
        </extensions>
      </trkpt>
      <trkpt lat="36.70554614625871181488037109375" lon="137.83664968796074390411376953125">
        <ele>792.5999755859375</ele>
        <time>2023-10-07T06:38:21.000Z</time>
        <extensions>
          <ns3:TrackPointExtension>
            <ns3:atemp>13.0</ns3:atemp>
            <ns3:cad>0</ns3:cad>
          </ns3:TrackPointExtension>
        </extensions>
      </trkpt>
      <trkpt lat="36.70546509325504302978515625" lon="137.836696207523345947265625">
        <ele>792.4000244140625</ele>
        <time>2023-10-07T06:38:22.000Z</time>
        <extensions>
          <ns3:TrackPointExtension>
            <ns3:atemp>13.0</ns3:atemp>
            <ns3:cad>0</ns3:cad>
          </ns3:TrackPointExtension>
        </extensions>
      </trkpt>
      <trkpt lat="36.70541387982666492462158203125" lon="137.83672629855573177337646484375">
        <ele>792</ele>
        <time>2023-10-07T06:38:23.000Z</time>
        <extensions>
          <ns3:TrackPointExtension>
            <ns3:atemp>13.0</ns3:atemp>
            <ns3:cad>0</ns3:cad>
          </ns3:TrackPointExtension>
        </extensions>
      </trkpt>
      <trkpt lat="36.7053485848009586334228515625" lon="137.836765944957733154296875">
        <ele>791.79998779296875</ele>
        <time>2023-10-07T06:38:24.000Z</time>
        <extensions>
          <ns3:TrackPointExtension>
            <ns3:atemp>13.0</ns3:atemp>
            <ns3:cad>0</ns3:cad>
          </ns3:TrackPointExtension>
        </extensions>
      </trkpt>
      <trkpt lat="36.70527641661465167999267578125" lon="137.83680743537843227386474609375">
        <ele>791.5999755859375</ele>
        <time>2023-10-07T06:38:25.000Z</time>
        <extensions>
          <ns3:TrackPointExtension>
            <ns3:atemp>13.0</ns3:atemp>
            <ns3:cad>0</ns3:cad>
          </ns3:TrackPointExtension>
        </extensions>
      </trkpt>
      <trkpt lat="36.7051970399916172027587890625" lon="137.83684062771499156951904296875">
        <ele>791.4000244140625</ele>
        <time>2023-10-07T06:38:26.000Z</time>
        <extensions>
          <ns3:TrackPointExtension>
            <ns3:atemp>13.0</ns3:atemp>
            <ns3:cad>0</ns3:cad>
          </ns3:TrackPointExtension>
        </extensions>
      </trkpt>
      <trkpt lat="36.70509570278227329254150390625" lon="137.83686057664453983306884765625">
        <ele>791.20001220703125</ele>
        <time>2023-10-07T06:38:27.000Z</time>
        <extensions>
          <ns3:TrackPointExtension>
            <ns3:atemp>13.0</ns3:atemp>
            <ns3:cad>0</ns3:cad>
          </ns3:TrackPointExtension>
        </extensions>
      </trkpt>
      <trkpt lat="36.70500643551349639892578125" lon="137.83686376176774501800537109375">
        <ele>790.79998779296875</ele>
        <time>2023-10-07T06:38:28.000Z</time>
        <extensions>
          <ns3:TrackPointExtension>
            <ns3:atemp>13.0</ns3:atemp>
            <ns3:cad>0</ns3:cad>
          </ns3:TrackPointExtension>
        </extensions>
      </trkpt>
      <trkpt lat="36.7049355246126651763916015625" lon="137.83685890026390552520751953125">
        <ele>790.5999755859375</ele>
        <time>2023-10-07T06:38:29.000Z</time>
        <extensions>
          <ns3:TrackPointExtension>
            <ns3:atemp>13.0</ns3:atemp>
            <ns3:cad>0</ns3:cad>
          </ns3:TrackPointExtension>
        </extensions>
      </trkpt>
      <trkpt lat="36.70484357513487339019775390625" lon="137.836846746504306793212890625">
        <ele>790.20001220703125</ele>
        <time>2023-10-07T06:38:30.000Z</time>
        <extensions>
          <ns3:TrackPointExtension>
            <ns3:atemp>13.0</ns3:atemp>
            <ns3:cad>0</ns3:cad>
          </ns3:TrackPointExtension>
        </extensions>
      </trkpt>
      <trkpt lat="36.7047289945185184478759765625" lon="137.8368465788662433624267578125">
        <ele>789.79998779296875</ele>
        <time>2023-10-07T06:38:31.000Z</time>
        <extensions>
          <ns3:TrackPointExtension>
            <ns3:atemp>13.0</ns3:atemp>
            <ns3:cad>0</ns3:cad>
          </ns3:TrackPointExtension>
        </extensions>
      </trkpt>
      <trkpt lat="36.70464710332453250885009765625" lon="137.83686309121549129486083984375">
        <ele>789</ele>
        <time>2023-10-07T06:38:32.000Z</time>
        <extensions>
          <ns3:TrackPointExtension>
            <ns3:atemp>13.0</ns3:atemp>
            <ns3:cad>0</ns3:cad>
          </ns3:TrackPointExtension>
        </extensions>
      </trkpt>
      <trkpt lat="36.70452632009983062744140625" lon="137.8368854708969593048095703125">
        <ele>788.5999755859375</ele>
        <time>2023-10-07T06:38:33.000Z</time>
        <extensions>
          <ns3:TrackPointExtension>
            <ns3:atemp>13.0</ns3:atemp>
            <ns3:cad>0</ns3:cad>
          </ns3:TrackPointExtension>
        </extensions>
      </trkpt>
      <trkpt lat="36.7044463567435741424560546875" lon="137.836893685162067413330078125">
        <ele>788</ele>
        <time>2023-10-07T06:38:34.000Z</time>
        <extensions>
          <ns3:TrackPointExtension>
            <ns3:atemp>13.0</ns3:atemp>
            <ns3:cad>0</ns3:cad>
          </ns3:TrackPointExtension>
        </extensions>
      </trkpt>
      <trkpt lat="36.70435088686645030975341796875" lon="137.8368948586285114288330078125">
        <ele>787.20001220703125</ele>
        <time>2023-10-07T06:38:35.000Z</time>
        <extensions>
          <ns3:TrackPointExtension>
            <ns3:atemp>13.0</ns3:atemp>
            <ns3:cad>0</ns3:cad>
          </ns3:TrackPointExtension>
        </extensions>
      </trkpt>
      <trkpt lat="36.70424410142004489898681640625" lon="137.8368864767253398895263671875">
        <ele>786.79998779296875</ele>
        <time>2023-10-07T06:38:36.000Z</time>
        <extensions>
          <ns3:TrackPointExtension>
            <ns3:atemp>13.0</ns3:atemp>
            <ns3:cad>0</ns3:cad>
          </ns3:TrackPointExtension>
        </extensions>
      </trkpt>
      <trkpt lat="36.704155169427394866943359375" lon="137.8368717245757579803466796875">
        <ele>786</ele>
        <time>2023-10-07T06:38:37.000Z</time>
        <extensions>
          <ns3:TrackPointExtension>
            <ns3:atemp>13.0</ns3:atemp>
            <ns3:cad>0</ns3:cad>
          </ns3:TrackPointExtension>
        </extensions>
      </trkpt>
      <trkpt lat="36.704063974320888519287109375" lon="137.8368556313216686248779296875">
        <ele>785.5999755859375</ele>
        <time>2023-10-07T06:38:38.000Z</time>
        <extensions>
          <ns3:TrackPointExtension>
            <ns3:atemp>13.0</ns3:atemp>
            <ns3:cad>0</ns3:cad>
          </ns3:TrackPointExtension>
        </extensions>
      </trkpt>
      <trkpt lat="36.7039930634200572967529296875" lon="137.8368504345417022705078125">
        <ele>784.4000244140625</ele>
        <time>2023-10-07T06:38:39.000Z</time>
        <extensions>
          <ns3:TrackPointExtension>
            <ns3:atemp>13.0</ns3:atemp>
            <ns3:cad>0</ns3:cad>
          </ns3:TrackPointExtension>
        </extensions>
      </trkpt>
      <trkpt lat="36.70388284139335155487060546875" lon="137.836850769817829132080078125">
        <ele>784</ele>
        <time>2023-10-07T06:38:40.000Z</time>
        <extensions>
          <ns3:TrackPointExtension>
            <ns3:atemp>13.0</ns3:atemp>
            <ns3:cad>0</ns3:cad>
          </ns3:TrackPointExtension>
        </extensions>
      </trkpt>
      <trkpt lat="36.70381058938801288604736328125" lon="137.83686275593936443328857421875">
        <ele>782.5999755859375</ele>
        <time>2023-10-07T06:38:41.000Z</time>
        <extensions>
          <ns3:TrackPointExtension>
            <ns3:atemp>13.0</ns3:atemp>
            <ns3:cad>0</ns3:cad>
          </ns3:TrackPointExtension>
        </extensions>
      </trkpt>
      <trkpt lat="36.70370799489319324493408203125" lon="137.83689192496240139007568359375">
        <ele>782</ele>
        <time>2023-10-07T06:38:42.000Z</time>
        <extensions>
          <ns3:TrackPointExtension>
            <ns3:atemp>13.0</ns3:atemp>
            <ns3:cad>0</ns3:cad>
          </ns3:TrackPointExtension>
        </extensions>
      </trkpt>
      <trkpt lat="36.703645884990692138671875" lon="137.836921177804470062255859375">
        <ele>780.79998779296875</ele>
        <time>2023-10-07T06:38:43.000Z</time>
        <extensions>
          <ns3:TrackPointExtension>
            <ns3:atemp>13.0</ns3:atemp>
            <ns3:cad>0</ns3:cad>
          </ns3:TrackPointExtension>
        </extensions>
      </trkpt>
      <trkpt lat="36.70357254333794116973876953125" lon="137.83696015365421772003173828125">
        <ele>780</ele>
        <time>2023-10-07T06:38:44.000Z</time>
        <extensions>
          <ns3:TrackPointExtension>
            <ns3:atemp>13.0</ns3:atemp>
            <ns3:cad>0</ns3:cad>
          </ns3:TrackPointExtension>
        </extensions>
      </trkpt>
      <trkpt lat="36.7034878022968769073486328125" lon="137.83700223080813884735107421875">
        <ele>779.4000244140625</ele>
        <time>2023-10-07T06:38:45.000Z</time>
        <extensions>
          <ns3:TrackPointExtension>
            <ns3:atemp>13.0</ns3:atemp>
            <ns3:cad>0</ns3:cad>
          </ns3:TrackPointExtension>
        </extensions>
      </trkpt>
      <trkpt lat="36.70341722667217254638671875" lon="137.83703743480145931243896484375">
        <ele>778.5999755859375</ele>
        <time>2023-10-07T06:38:46.000Z</time>
        <extensions>
          <ns3:TrackPointExtension>
            <ns3:atemp>13.0</ns3:atemp>
            <ns3:cad>0</ns3:cad>
          </ns3:TrackPointExtension>
        </extensions>
      </trkpt>
      <trkpt lat="36.70336282812058925628662109375" lon="137.8370623290538787841796875">
        <ele>778.20001220703125</ele>
        <time>2023-10-07T06:38:47.000Z</time>
        <extensions>
          <ns3:TrackPointExtension>
            <ns3:atemp>13.0</ns3:atemp>
            <ns3:cad>0</ns3:cad>
          </ns3:TrackPointExtension>
        </extensions>
      </trkpt>
      <trkpt lat="36.70329560525715351104736328125" lon="137.83709040842950344085693359375">
        <ele>777.5999755859375</ele>
        <time>2023-10-07T06:38:48.000Z</time>
        <extensions>
          <ns3:TrackPointExtension>
            <ns3:atemp>13.0</ns3:atemp>
            <ns3:cad>0</ns3:cad>
          </ns3:TrackPointExtension>
        </extensions>
      </trkpt>
      <trkpt lat="36.70321245677769184112548828125" lon="137.83712737262248992919921875">
        <ele>777.4000244140625</ele>
        <time>2023-10-07T06:38:49.000Z</time>
        <extensions>
          <ns3:TrackPointExtension>
            <ns3:atemp>13.0</ns3:atemp>
            <ns3:cad>0</ns3:cad>
          </ns3:TrackPointExtension>
        </extensions>
      </trkpt>
      <trkpt lat="36.70315613038837909698486328125" lon="137.837153859436511993408203125">
        <ele>777</ele>
        <time>2023-10-07T06:38:50.000Z</time>
        <extensions>
          <ns3:TrackPointExtension>
            <ns3:atemp>13.0</ns3:atemp>
            <ns3:cad>0</ns3:cad>
          </ns3:TrackPointExtension>
        </extensions>
      </trkpt>
      <trkpt lat="36.70307122170925140380859375" lon="137.83719652332365512847900390625">
        <ele>776.79998779296875</ele>
        <time>2023-10-07T06:38:51.000Z</time>
        <extensions>
          <ns3:TrackPointExtension>
            <ns3:atemp>13.0</ns3:atemp>
            <ns3:cad>0</ns3:cad>
          </ns3:TrackPointExtension>
        </extensions>
      </trkpt>
      <trkpt lat="36.7029999755322933197021484375" lon="137.83723088912665843963623046875">
        <ele>776</ele>
        <time>2023-10-07T06:38:52.000Z</time>
        <extensions>
          <ns3:TrackPointExtension>
            <ns3:atemp>13.0</ns3:atemp>
            <ns3:cad>0</ns3:cad>
          </ns3:TrackPointExtension>
        </extensions>
      </trkpt>
      <trkpt lat="36.7029466666281223297119140625" lon="137.837255783379077911376953125">
        <ele>775</ele>
        <time>2023-10-07T06:38:53.000Z</time>
        <extensions>
          <ns3:TrackPointExtension>
            <ns3:atemp>13.0</ns3:atemp>
            <ns3:cad>0</ns3:cad>
          </ns3:TrackPointExtension>
        </extensions>
      </trkpt>
      <trkpt lat="36.70288271270692348480224609375" lon="137.8372774086892604827880859375">
        <ele>774.79998779296875</ele>
        <time>2023-10-07T06:38:54.000Z</time>
        <extensions>
          <ns3:TrackPointExtension>
            <ns3:atemp>13.0</ns3:atemp>
            <ns3:cad>0</ns3:cad>
          </ns3:TrackPointExtension>
        </extensions>
      </trkpt>
      <trkpt lat="36.70282051898539066314697265625" lon="137.83728319220244884490966796875">
        <ele>774.5999755859375</ele>
        <time>2023-10-07T06:38:55.000Z</time>
        <extensions>
          <ns3:TrackPointExtension>
            <ns3:atemp>13.0</ns3:atemp>
            <ns3:cad>0</ns3:cad>
          </ns3:TrackPointExtension>
        </extensions>
      </trkpt>
      <trkpt lat="36.7027642764151096343994140625" lon="137.837270535528659820556640625">
        <ele>774.4000244140625</ele>
        <time>2023-10-07T06:38:56.000Z</time>
        <extensions>
          <ns3:TrackPointExtension>
            <ns3:atemp>13.0</ns3:atemp>
            <ns3:cad>0</ns3:cad>
          </ns3:TrackPointExtension>
        </extensions>
      </trkpt>
      <trkpt lat="36.70272211544215679168701171875" lon="137.8372398577630519866943359375">
        <ele>774</ele>
        <time>2023-10-07T06:38:57.000Z</time>
        <extensions>
          <ns3:TrackPointExtension>
            <ns3:atemp>13.0</ns3:atemp>
            <ns3:cad>0</ns3:cad>
          </ns3:TrackPointExtension>
        </extensions>
      </trkpt>
      <trkpt lat="36.70268959365785121917724609375" lon="137.83719384111464023590087890625">
        <ele>773.79998779296875</ele>
        <time>2023-10-07T06:38:58.000Z</time>
        <extensions>
          <ns3:TrackPointExtension>
            <ns3:atemp>13.0</ns3:atemp>
            <ns3:cad>0</ns3:cad>
          </ns3:TrackPointExtension>
        </extensions>
      </trkpt>
      <trkpt lat="36.70266780070960521697998046875" lon="137.8371419571340084075927734375">
        <ele>773.20001220703125</ele>
        <time>2023-10-07T06:38:59.000Z</time>
        <extensions>
          <ns3:TrackPointExtension>
            <ns3:atemp>13.0</ns3:atemp>
            <ns3:cad>0</ns3:cad>
          </ns3:TrackPointExtension>
        </extensions>
      </trkpt>
      <trkpt lat="36.7026549763977527618408203125" lon="137.8370946832001209259033203125">
        <ele>773</ele>
        <time>2023-10-07T06:39:00.000Z</time>
        <extensions>
          <ns3:TrackPointExtension>
            <ns3:atemp>13.0</ns3:atemp>
            <ns3:cad>0</ns3:cad>
          </ns3:TrackPointExtension>
        </extensions>
      </trkpt>
      <trkpt lat="36.7026375420391559600830078125" lon="137.83704648725688457489013671875">
        <ele>772.79998779296875</ele>
        <time>2023-10-07T06:39:01.000Z</time>
        <extensions>
          <ns3:TrackPointExtension>
            <ns3:atemp>13.0</ns3:atemp>
            <ns3:cad>0</ns3:cad>
          </ns3:TrackPointExtension>
        </extensions>
      </trkpt>
      <trkpt lat="36.7026221193373203277587890625" lon="137.83701798878610134124755859375">
        <ele>772.5999755859375</ele>
        <time>2023-10-07T06:39:02.000Z</time>
        <extensions>
          <ns3:TrackPointExtension>
            <ns3:atemp>13.0</ns3:atemp>
            <ns3:cad>0</ns3:cad>
          </ns3:TrackPointExtension>
        </extensions>
      </trkpt>
      <trkpt lat="36.70259873382747173309326171875" lon="137.8369816951453685760498046875">
        <ele>772.5999755859375</ele>
        <time>2023-10-07T06:39:03.000Z</time>
        <extensions>
          <ns3:TrackPointExtension>
            <ns3:atemp>13.0</ns3:atemp>
            <ns3:cad>0</ns3:cad>
          </ns3:TrackPointExtension>
        </extensions>
      </trkpt>
      <trkpt lat="36.70257995836436748504638671875" lon="137.836955375969409942626953125">
        <ele>772.5999755859375</ele>
        <time>2023-10-07T06:39:04.000Z</time>
        <extensions>
          <ns3:TrackPointExtension>
            <ns3:atemp>13.0</ns3:atemp>
            <ns3:cad>21</ns3:cad>
          </ns3:TrackPointExtension>
        </extensions>
      </trkpt>
      <trkpt lat="36.702561937272548675537109375" lon="137.8369335830211639404296875">
        <ele>772.5999755859375</ele>
        <time>2023-10-07T06:39:05.000Z</time>
        <extensions>
          <ns3:TrackPointExtension>
            <ns3:atemp>13.0</ns3:atemp>
            <ns3:cad>76</ns3:cad>
          </ns3:TrackPointExtension>
        </extensions>
      </trkpt>
      <trkpt lat="36.70254684984683990478515625" lon="137.83692025579512119293212890625">
        <ele>772.4000244140625</ele>
        <time>2023-10-07T06:39:06.000Z</time>
        <extensions>
          <ns3:TrackPointExtension>
            <ns3:atemp>13.0</ns3:atemp>
            <ns3:cad>70</ns3:cad>
          </ns3:TrackPointExtension>
        </extensions>
      </trkpt>
      <trkpt lat="36.70252396725118160247802734375" lon="137.83691137097775936126708984375">
        <ele>772.4000244140625</ele>
        <time>2023-10-07T06:39:07.000Z</time>
        <extensions>
          <ns3:TrackPointExtension>
            <ns3:atemp>13.0</ns3:atemp>
            <ns3:cad>73</ns3:cad>
          </ns3:TrackPointExtension>
        </extensions>
      </trkpt>
      <trkpt lat="36.702492199838161468505859375" lon="137.83691589720547199249267578125">
        <ele>772.4000244140625</ele>
        <time>2023-10-07T06:39:08.000Z</time>
        <extensions>
          <ns3:TrackPointExtension>
            <ns3:atemp>13.0</ns3:atemp>
            <ns3:cad>59</ns3:cad>
          </ns3:TrackPointExtension>
        </extensions>
      </trkpt>
      <trkpt lat="36.70246646739542484283447265625" lon="137.83692947588860988616943359375">
        <ele>772.4000244140625</ele>
        <time>2023-10-07T06:39:09.000Z</time>
        <extensions>
          <ns3:TrackPointExtension>
            <ns3:atemp>13.0</ns3:atemp>
            <ns3:cad>59</ns3:cad>
          </ns3:TrackPointExtension>
        </extensions>
      </trkpt>
      <trkpt lat="36.70243863947689533233642578125" lon="137.8369428031146526336669921875">
        <ele>772.20001220703125</ele>
        <time>2023-10-07T06:39:10.000Z</time>
        <extensions>
          <ns3:TrackPointExtension>
            <ns3:atemp>13.0</ns3:atemp>
            <ns3:cad>0</ns3:cad>
          </ns3:TrackPointExtension>
        </extensions>
      </trkpt>
      <trkpt lat="36.702414415776729583740234375" lon="137.8369568847119808197021484375">
        <ele>772.20001220703125</ele>
        <time>2023-10-07T06:39:11.000Z</time>
        <extensions>
          <ns3:TrackPointExtension>
            <ns3:atemp>13.0</ns3:atemp>
            <ns3:cad>0</ns3:cad>
          </ns3:TrackPointExtension>
        </extensions>
      </trkpt>
      <trkpt lat="36.70237510465085506439208984375" lon="137.83698010258376598358154296875">
        <ele>772</ele>
        <time>2023-10-07T06:39:12.000Z</time>
        <extensions>
          <ns3:TrackPointExtension>
            <ns3:atemp>13.0</ns3:atemp>
            <ns3:cad>0</ns3:cad>
          </ns3:TrackPointExtension>
        </extensions>
      </trkpt>
      <trkpt lat="36.702339313924312591552734375" lon="137.83700122497975826263427734375">
        <ele>772.20001220703125</ele>
        <time>2023-10-07T06:39:13.000Z</time>
        <extensions>
          <ns3:TrackPointExtension>
            <ns3:atemp>13.0</ns3:atemp>
            <ns3:cad>0</ns3:cad>
          </ns3:TrackPointExtension>
        </extensions>
      </trkpt>
      <trkpt lat="36.70230050571262836456298828125" lon="137.8370333276689052581787109375">
        <ele>772</ele>
        <time>2023-10-07T06:39:14.000Z</time>
        <extensions>
          <ns3:TrackPointExtension>
            <ns3:atemp>13.0</ns3:atemp>
            <ns3:cad>0</ns3:cad>
          </ns3:TrackPointExtension>
        </extensions>
      </trkpt>
      <trkpt lat="36.70226831920444965362548828125" lon="137.83706928603351116180419921875">
        <ele>772</ele>
        <time>2023-10-07T06:39:15.000Z</time>
        <extensions>
          <ns3:TrackPointExtension>
            <ns3:atemp>13.0</ns3:atemp>
            <ns3:cad>0</ns3:cad>
          </ns3:TrackPointExtension>
        </extensions>
      </trkpt>
      <trkpt lat="36.70222674496471881866455078125" lon="137.83711270429193973541259765625">
        <ele>772</ele>
        <time>2023-10-07T06:39:16.000Z</time>
        <extensions>
          <ns3:TrackPointExtension>
            <ns3:atemp>13.0</ns3:atemp>
            <ns3:cad>0</ns3:cad>
          </ns3:TrackPointExtension>
        </extensions>
      </trkpt>
      <trkpt lat="36.702190451323986053466796875" lon="137.8371560387313365936279296875">
        <ele>771.5999755859375</ele>
        <time>2023-10-07T06:39:17.000Z</time>
        <extensions>
          <ns3:TrackPointExtension>
            <ns3:atemp>13.0</ns3:atemp>
            <ns3:cad>0</ns3:cad>
          </ns3:TrackPointExtension>
        </extensions>
      </trkpt>
      <trkpt lat="36.7021641321480274200439453125" lon="137.8371992893517017364501953125">
        <ele>771.5999755859375</ele>
        <time>2023-10-07T06:39:18.000Z</time>
        <extensions>
          <ns3:TrackPointExtension>
            <ns3:atemp>13.0</ns3:atemp>
            <ns3:cad>0</ns3:cad>
          </ns3:TrackPointExtension>
        </extensions>
      </trkpt>
      <trkpt lat="36.70214074663817882537841796875" lon="137.83724597655236721038818359375">
        <ele>771.20001220703125</ele>
        <time>2023-10-07T06:39:19.000Z</time>
        <extensions>
          <ns3:TrackPointExtension>
            <ns3:atemp>13.0</ns3:atemp>
            <ns3:cad>0</ns3:cad>
          </ns3:TrackPointExtension>
        </extensions>
      </trkpt>
      <trkpt lat="36.7021285928785800933837890625" lon="137.83727413974702358245849609375">
        <ele>771</ele>
        <time>2023-10-07T06:39:20.000Z</time>
        <extensions>
          <ns3:TrackPointExtension>
            <ns3:atemp>13.0</ns3:atemp>
            <ns3:cad>0</ns3:cad>
          </ns3:TrackPointExtension>
        </extensions>
      </trkpt>
      <trkpt lat="36.7021101526916027069091796875" lon="137.83730967901647090911865234375">
        <ele>770.5999755859375</ele>
        <time>2023-10-07T06:39:21.000Z</time>
        <extensions>
          <ns3:TrackPointExtension>
            <ns3:atemp>13.0</ns3:atemp>
            <ns3:cad>0</ns3:cad>
          </ns3:TrackPointExtension>
        </extensions>
      </trkpt>
      <trkpt lat="36.7020900361239910125732421875" lon="137.8373350761830806732177734375">
        <ele>770</ele>
        <time>2023-10-07T06:39:22.000Z</time>
        <extensions>
          <ns3:TrackPointExtension>
            <ns3:atemp>13.0</ns3:atemp>
            <ns3:cad>0</ns3:cad>
          </ns3:TrackPointExtension>
        </extensions>
      </trkpt>
      <trkpt lat="36.70206413604319095611572265625" lon="137.8373625688254833221435546875">
        <ele>769.79998779296875</ele>
        <time>2023-10-07T06:39:23.000Z</time>
        <extensions>
          <ns3:TrackPointExtension>
            <ns3:atemp>13.0</ns3:atemp>
            <ns3:cad>0</ns3:cad>
          </ns3:TrackPointExtension>
        </extensions>
      </trkpt>
      <trkpt lat="36.7020347155630588531494140625" lon="137.83738863654434680938720703125">
        <ele>769.4000244140625</ele>
        <time>2023-10-07T06:39:24.000Z</time>
        <extensions>
          <ns3:TrackPointExtension>
            <ns3:atemp>13.0</ns3:atemp>
            <ns3:cad>0</ns3:cad>
          </ns3:TrackPointExtension>
        </extensions>
      </trkpt>
      <trkpt lat="36.7020095698535442352294921875" lon="137.8374074958264827728271484375">
        <ele>769.20001220703125</ele>
        <time>2023-10-07T06:39:25.000Z</time>
        <extensions>
          <ns3:TrackPointExtension>
            <ns3:atemp>13.0</ns3:atemp>
            <ns3:cad>0</ns3:cad>
          </ns3:TrackPointExtension>
        </extensions>
      </trkpt>
      <trkpt lat="36.70196472667157649993896484375" lon="137.8374396823346614837646484375">
        <ele>768.5999755859375</ele>
        <time>2023-10-07T06:39:26.000Z</time>
        <extensions>
          <ns3:TrackPointExtension>
            <ns3:atemp>13.0</ns3:atemp>
            <ns3:cad>0</ns3:cad>
          </ns3:TrackPointExtension>
        </extensions>
      </trkpt>
      <trkpt lat="36.70192650519311428070068359375" lon="137.83747631125152111053466796875">
        <ele>768.4000244140625</ele>
        <time>2023-10-07T06:39:27.000Z</time>
        <extensions>
          <ns3:TrackPointExtension>
            <ns3:atemp>13.0</ns3:atemp>
            <ns3:cad>0</ns3:cad>
          </ns3:TrackPointExtension>
        </extensions>
      </trkpt>
      <trkpt lat="36.70189029537141323089599609375" lon="137.83750900067389011383056640625">
        <ele>768</ele>
        <time>2023-10-07T06:39:28.000Z</time>
        <extensions>
          <ns3:TrackPointExtension>
            <ns3:atemp>13.0</ns3:atemp>
            <ns3:cad>0</ns3:cad>
          </ns3:TrackPointExtension>
        </extensions>
      </trkpt>
      <trkpt lat="36.701856516301631927490234375" lon="137.83752962015569210052490234375">
        <ele>767.79998779296875</ele>
        <time>2023-10-07T06:39:29.000Z</time>
        <extensions>
          <ns3:TrackPointExtension>
            <ns3:atemp>13.0</ns3:atemp>
            <ns3:cad>0</ns3:cad>
          </ns3:TrackPointExtension>
        </extensions>
      </trkpt>
      <trkpt lat="36.70182256959378719329833984375" lon="137.8375573642551898956298828125">
        <ele>767.4000244140625</ele>
        <time>2023-10-07T06:39:30.000Z</time>
        <extensions>
          <ns3:TrackPointExtension>
            <ns3:atemp>13.0</ns3:atemp>
            <ns3:cad>0</ns3:cad>
          </ns3:TrackPointExtension>
        </extensions>
      </trkpt>
      <trkpt lat="36.7017965018749237060546875" lon="137.8375858627259731292724609375">
        <ele>767</ele>
        <time>2023-10-07T06:39:31.000Z</time>
        <extensions>
          <ns3:TrackPointExtension>
            <ns3:atemp>13.0</ns3:atemp>
            <ns3:cad>0</ns3:cad>
          </ns3:TrackPointExtension>
        </extensions>
      </trkpt>
      <trkpt lat="36.70177177526056766510009765625" lon="137.837613187730312347412109375">
        <ele>766.79998779296875</ele>
        <time>2023-10-07T06:39:32.000Z</time>
        <extensions>
          <ns3:TrackPointExtension>
            <ns3:atemp>13.0</ns3:atemp>
            <ns3:cad>0</ns3:cad>
          </ns3:TrackPointExtension>
        </extensions>
      </trkpt>
      <trkpt lat="36.701761297881603240966796875" lon="137.837631963193416595458984375">
        <ele>766.5999755859375</ele>
        <time>2023-10-07T06:39:33.000Z</time>
        <extensions>
          <ns3:TrackPointExtension>
            <ns3:atemp>13.0</ns3:atemp>
            <ns3:cad>0</ns3:cad>
          </ns3:TrackPointExtension>
        </extensions>
      </trkpt>
      <trkpt lat="36.70175517909228801727294921875" lon="137.8376483917236328125">
        <ele>766.4000244140625</ele>
        <time>2023-10-07T06:39:34.000Z</time>
        <extensions>
          <ns3:TrackPointExtension>
            <ns3:atemp>13.0</ns3:atemp>
            <ns3:cad>0</ns3:cad>
          </ns3:TrackPointExtension>
        </extensions>
      </trkpt>
      <trkpt lat="36.70173975639045238494873046875" lon="137.83766523934900760650634765625">
        <ele>766.20001220703125</ele>
        <time>2023-10-07T06:39:35.000Z</time>
        <extensions>
          <ns3:TrackPointExtension>
            <ns3:atemp>13.0</ns3:atemp>
            <ns3:cad>82</ns3:cad>
          </ns3:TrackPointExtension>
        </extensions>
      </trkpt>
      <trkpt lat="36.7017242498695850372314453125" lon="137.83766943030059337615966796875">
        <ele>766.20001220703125</ele>
        <time>2023-10-07T06:39:36.000Z</time>
        <extensions>
          <ns3:TrackPointExtension>
            <ns3:atemp>13.0</ns3:atemp>
            <ns3:cad>136</ns3:cad>
          </ns3:TrackPointExtension>
        </extensions>
      </trkpt>
      <trkpt lat="36.7017001099884510040283203125" lon="137.83766004256904125213623046875">
        <ele>766</ele>
        <time>2023-10-07T06:39:37.000Z</time>
        <extensions>
          <ns3:TrackPointExtension>
            <ns3:atemp>13.0</ns3:atemp>
            <ns3:cad>137</ns3:cad>
          </ns3:TrackPointExtension>
        </extensions>
      </trkpt>
      <trkpt lat="36.70167957432568073272705078125" lon="137.83763623796403408050537109375">
        <ele>765.79998779296875</ele>
        <time>2023-10-07T06:39:38.000Z</time>
        <extensions>
          <ns3:TrackPointExtension>
            <ns3:atemp>13.0</ns3:atemp>
            <ns3:cad>133</ns3:cad>
          </ns3:TrackPointExtension>
        </extensions>
      </trkpt>
      <trkpt lat="36.70166582800447940826416015625" lon="137.83761151134967803955078125">
        <ele>765.79998779296875</ele>
        <time>2023-10-07T06:39:39.000Z</time>
        <extensions>
          <ns3:TrackPointExtension>
            <ns3:atemp>13.0</ns3:atemp>
            <ns3:cad>140</ns3:cad>
          </ns3:TrackPointExtension>
        </extensions>
      </trkpt>
      <trkpt lat="36.70165627263486385345458984375" lon="137.83758510835468769073486328125">
        <ele>765.79998779296875</ele>
        <time>2023-10-07T06:39:40.000Z</time>
        <extensions>
          <ns3:TrackPointExtension>
            <ns3:atemp>13.0</ns3:atemp>
            <ns3:cad>131</ns3:cad>
          </ns3:TrackPointExtension>
        </extensions>
      </trkpt>
      <trkpt lat="36.701652668416500091552734375" lon="137.83754822798073291778564453125">
        <ele>765.79998779296875</ele>
        <time>2023-10-07T06:39:41.000Z</time>
        <extensions>
          <ns3:TrackPointExtension>
            <ns3:atemp>13.0</ns3:atemp>
            <ns3:cad>125</ns3:cad>
          </ns3:TrackPointExtension>
        </extensions>
      </trkpt>
      <trkpt lat="36.70165023766458034515380859375" lon="137.83751922659575939178466796875">
        <ele>765.79998779296875</ele>
        <time>2023-10-07T06:39:42.000Z</time>
        <extensions>
          <ns3:TrackPointExtension>
            <ns3:atemp>13.0</ns3:atemp>
            <ns3:cad>127</ns3:cad>
          </ns3:TrackPointExtension>
        </extensions>
      </trkpt>
      <trkpt lat="36.701644957065582275390625" lon="137.8374993614852428436279296875">
        <ele>765.79998779296875</ele>
        <time>2023-10-07T06:39:43.000Z</time>
        <extensions>
          <ns3:TrackPointExtension>
            <ns3:atemp>13.0</ns3:atemp>
            <ns3:cad>125</ns3:cad>
          </ns3:TrackPointExtension>
        </extensions>
      </trkpt>
      <trkpt lat="36.70163623988628387451171875" lon="137.83747094683349132537841796875">
        <ele>766</ele>
        <time>2023-10-07T06:39:44.000Z</time>
        <extensions>
          <ns3:TrackPointExtension>
            <ns3:atemp>13.0</ns3:atemp>
            <ns3:cad>87</ns3:cad>
          </ns3:TrackPointExtension>
        </extensions>
      </trkpt>
      <trkpt lat="36.70162006281316280364990234375" lon="137.83744278363883495330810546875">
        <ele>766.4000244140625</ele>
        <time>2023-10-07T06:39:45.000Z</time>
        <extensions>
          <ns3:TrackPointExtension>
            <ns3:atemp>13.0</ns3:atemp>
            <ns3:cad>100</ns3:cad>
          </ns3:TrackPointExtension>
        </extensions>
      </trkpt>
      <trkpt lat="36.7016022093594074249267578125" lon="137.8374225832521915435791015625">
        <ele>767.20001220703125</ele>
        <time>2023-10-07T06:39:46.000Z</time>
        <extensions>
          <ns3:TrackPointExtension>
            <ns3:atemp>13.0</ns3:atemp>
            <ns3:cad>117</ns3:cad>
          </ns3:TrackPointExtension>
        </extensions>
      </trkpt>
      <trkpt lat="36.70158200897276401519775390625" lon="137.83741394989192485809326171875">
        <ele>767.4000244140625</ele>
        <time>2023-10-07T06:39:47.000Z</time>
        <extensions>
          <ns3:TrackPointExtension>
            <ns3:atemp>13.0</ns3:atemp>
            <ns3:cad>102</ns3:cad>
          </ns3:TrackPointExtension>
        </extensions>
      </trkpt>
      <trkpt lat="36.7015539295971393585205078125" lon="137.837410010397434234619140625">
        <ele>768</ele>
        <time>2023-10-07T06:39:48.000Z</time>
        <extensions>
          <ns3:TrackPointExtension>
            <ns3:atemp>13.0</ns3:atemp>
            <ns3:cad>100</ns3:cad>
          </ns3:TrackPointExtension>
        </extensions>
      </trkpt>
      <trkpt lat="36.70152761042118072509765625" lon="137.837407998740673065185546875">
        <ele>768.20001220703125</ele>
        <time>2023-10-07T06:39:49.000Z</time>
        <extensions>
          <ns3:TrackPointExtension>
            <ns3:atemp>13.0</ns3:atemp>
            <ns3:cad>85</ns3:cad>
          </ns3:TrackPointExtension>
        </extensions>
      </trkpt>
      <trkpt lat="36.70149835757911205291748046875" lon="137.8374056518077850341796875">
        <ele>768.5999755859375</ele>
        <time>2023-10-07T06:39:50.000Z</time>
        <extensions>
          <ns3:TrackPointExtension>
            <ns3:atemp>13.0</ns3:atemp>
            <ns3:cad>85</ns3:cad>
          </ns3:TrackPointExtension>
        </extensions>
      </trkpt>
      <trkpt lat="36.70147555880248546600341796875" lon="137.83740271814167499542236328125">
        <ele>769.20001220703125</ele>
        <time>2023-10-07T06:39:51.000Z</time>
        <extensions>
          <ns3:TrackPointExtension>
            <ns3:atemp>13.0</ns3:atemp>
            <ns3:cad>82</ns3:cad>
          </ns3:TrackPointExtension>
        </extensions>
      </trkpt>
      <trkpt lat="36.70145695097744464874267578125" lon="137.83740154467523097991943359375">
        <ele>769.4000244140625</ele>
        <time>2023-10-07T06:39:52.000Z</time>
        <extensions>
          <ns3:TrackPointExtension>
            <ns3:atemp>13.0</ns3:atemp>
            <ns3:cad>79</ns3:cad>
          </ns3:TrackPointExtension>
        </extensions>
      </trkpt>
      <trkpt lat="36.70142912305891513824462890625" lon="137.8374002873897552490234375">
        <ele>769.79998779296875</ele>
        <time>2023-10-07T06:39:53.000Z</time>
        <extensions>
          <ns3:TrackPointExtension>
            <ns3:atemp>13.0</ns3:atemp>
            <ns3:cad>80</ns3:cad>
          </ns3:TrackPointExtension>
        </extensions>
      </trkpt>
      <trkpt lat="36.70140556991100311279296875" lon="137.83740087412297725677490234375">
        <ele>770.20001220703125</ele>
        <time>2023-10-07T06:39:54.000Z</time>
        <extensions>
          <ns3:TrackPointExtension>
            <ns3:atemp>13.0</ns3:atemp>
            <ns3:cad>86</ns3:cad>
          </ns3:TrackPointExtension>
        </extensions>
      </trkpt>
      <trkpt lat="36.70138285495340824127197265625" lon="137.83741679973900318145751953125">
        <ele>770.5999755859375</ele>
        <time>2023-10-07T06:39:55.000Z</time>
        <extensions>
          <ns3:TrackPointExtension>
            <ns3:atemp>13.0</ns3:atemp>
            <ns3:cad>98</ns3:cad>
          </ns3:TrackPointExtension>
        </extensions>
      </trkpt>
      <trkpt lat="36.70136575587093830108642578125" lon="137.83744513057172298431396484375">
        <ele>770.79998779296875</ele>
        <time>2023-10-07T06:39:56.000Z</time>
        <extensions>
          <ns3:TrackPointExtension>
            <ns3:atemp>13.0</ns3:atemp>
            <ns3:cad>89</ns3:cad>
          </ns3:TrackPointExtension>
        </extensions>
      </trkpt>
      <trkpt lat="36.70135100372135639190673828125" lon="137.8374809212982654571533203125">
        <ele>771.4000244140625</ele>
        <time>2023-10-07T06:39:57.000Z</time>
        <extensions>
          <ns3:TrackPointExtension>
            <ns3:atemp>13.0</ns3:atemp>
            <ns3:cad>74</ns3:cad>
          </ns3:TrackPointExtension>
        </extensions>
      </trkpt>
      <trkpt lat="36.701336167752742767333984375" lon="137.837518639862537384033203125">
        <ele>771.4000244140625</ele>
        <time>2023-10-07T06:39:58.000Z</time>
        <extensions>
          <ns3:TrackPointExtension>
            <ns3:atemp>13.0</ns3:atemp>
            <ns3:cad>85</ns3:cad>
          </ns3:TrackPointExtension>
        </extensions>
      </trkpt>
      <trkpt lat="36.7013172246515750885009765625" lon="137.83756717108190059661865234375">
        <ele>772</ele>
        <time>2023-10-07T06:39:59.000Z</time>
        <extensions>
          <ns3:TrackPointExtension>
            <ns3:atemp>13.0</ns3:atemp>
            <ns3:cad>85</ns3:cad>
          </ns3:TrackPointExtension>
        </extensions>
      </trkpt>
      <trkpt lat="36.70129685662686824798583984375" lon="137.837606482207775115966796875">
        <ele>772.4000244140625</ele>
        <time>2023-10-07T06:40:00.000Z</time>
        <extensions>
          <ns3:TrackPointExtension>
            <ns3:atemp>13.0</ns3:atemp>
            <ns3:cad>0</ns3:cad>
          </ns3:TrackPointExtension>
        </extensions>
      </trkpt>
      <trkpt lat="36.70127422548830509185791015625" lon="137.8376304544508457183837890625">
        <ele>772.4000244140625</ele>
        <time>2023-10-07T06:40:01.000Z</time>
        <extensions>
          <ns3:TrackPointExtension>
            <ns3:atemp>13.0</ns3:atemp>
            <ns3:cad>0</ns3:cad>
          </ns3:TrackPointExtension>
        </extensions>
      </trkpt>
      <trkpt lat="36.701237596571445465087890625" lon="137.837644033133983612060546875">
        <ele>772.5999755859375</ele>
        <time>2023-10-07T06:40:02.000Z</time>
        <extensions>
          <ns3:TrackPointExtension>
            <ns3:atemp>13.0</ns3:atemp>
            <ns3:cad>90</ns3:cad>
          </ns3:TrackPointExtension>
        </extensions>
      </trkpt>
      <trkpt lat="36.70120918191969394683837890625" lon="137.83763254992663860321044921875">
        <ele>772.5999755859375</ele>
        <time>2023-10-07T06:40:03.000Z</time>
        <extensions>
          <ns3:TrackPointExtension>
            <ns3:atemp>13.0</ns3:atemp>
            <ns3:cad>81</ns3:cad>
          </ns3:TrackPointExtension>
        </extensions>
      </trkpt>
      <trkpt lat="36.70118185691535472869873046875" lon="137.8376093320548534393310546875">
        <ele>772.5999755859375</ele>
        <time>2023-10-07T06:40:04.000Z</time>
        <extensions>
          <ns3:TrackPointExtension>
            <ns3:atemp>13.0</ns3:atemp>
            <ns3:cad>110</ns3:cad>
          </ns3:TrackPointExtension>
        </extensions>
      </trkpt>
      <trkpt lat="36.70116861350834369659423828125" lon="137.83758427016437053680419921875">
        <ele>772.5999755859375</ele>
        <time>2023-10-07T06:40:05.000Z</time>
        <extensions>
          <ns3:TrackPointExtension>
            <ns3:atemp>13.0</ns3:atemp>
            <ns3:cad>108</ns3:cad>
          </ns3:TrackPointExtension>
        </extensions>
      </trkpt>
      <trkpt lat="36.70116744004189968109130859375" lon="137.8375479765236377716064453125">
        <ele>772.5999755859375</ele>
        <time>2023-10-07T06:40:06.000Z</time>
        <extensions>
          <ns3:TrackPointExtension>
            <ns3:atemp>13.0</ns3:atemp>
            <ns3:cad>106</ns3:cad>
          </ns3:TrackPointExtension>
        </extensions>
      </trkpt>
      <trkpt lat="36.7011797614395618438720703125" lon="137.83751939423382282257080078125">
        <ele>772.5999755859375</ele>
        <time>2023-10-07T06:40:07.000Z</time>
        <extensions>
          <ns3:TrackPointExtension>
            <ns3:atemp>13.0</ns3:atemp>
            <ns3:cad>102</ns3:cad>
          </ns3:TrackPointExtension>
        </extensions>
      </trkpt>
      <trkpt lat="36.70119660906493663787841796875" lon="137.83749877475202083587646484375">
        <ele>772.79998779296875</ele>
        <time>2023-10-07T06:40:08.000Z</time>
        <extensions>
          <ns3:TrackPointExtension>
            <ns3:atemp>13.0</ns3:atemp>
            <ns3:cad>92</ns3:cad>
          </ns3:TrackPointExtension>
        </extensions>
      </trkpt>
      <trkpt lat="36.70121370814740657806396484375" lon="137.83747614361345767974853515625">
        <ele>773</ele>
        <time>2023-10-07T06:40:09.000Z</time>
        <extensions>
          <ns3:TrackPointExtension>
            <ns3:atemp>13.0</ns3:atemp>
            <ns3:cad>87</ns3:cad>
          </ns3:TrackPointExtension>
        </extensions>
      </trkpt>
      <trkpt lat="36.7012267000973224639892578125" lon="137.83745284192264080047607421875">
        <ele>773.20001220703125</ele>
        <time>2023-10-07T06:40:10.000Z</time>
        <extensions>
          <ns3:TrackPointExtension>
            <ns3:atemp>13.0</ns3:atemp>
            <ns3:cad>83</ns3:cad>
          </ns3:TrackPointExtension>
        </extensions>
      </trkpt>
      <trkpt lat="36.7012359201908111572265625" lon="137.837421409785747528076171875">
        <ele>773.5999755859375</ele>
        <time>2023-10-07T06:40:11.000Z</time>
        <extensions>
          <ns3:TrackPointExtension>
            <ns3:atemp>13.0</ns3:atemp>
            <ns3:cad>89</ns3:cad>
          </ns3:TrackPointExtension>
        </extensions>
      </trkpt>
      <trkpt lat="36.70123633928596973419189453125" lon="137.837391905486583709716796875">
        <ele>773.79998779296875</ele>
        <time>2023-10-07T06:40:12.000Z</time>
        <extensions>
          <ns3:TrackPointExtension>
            <ns3:atemp>13.0</ns3:atemp>
            <ns3:cad>86</ns3:cad>
          </ns3:TrackPointExtension>
        </extensions>
      </trkpt>
      <trkpt lat="36.7012293823063373565673828125" lon="137.837369441986083984375">
        <ele>774.4000244140625</ele>
        <time>2023-10-07T06:40:13.000Z</time>
        <extensions>
          <ns3:TrackPointExtension>
            <ns3:atemp>13.0</ns3:atemp>
            <ns3:cad>85</ns3:cad>
          </ns3:TrackPointExtension>
        </extensions>
      </trkpt>
      <trkpt lat="36.70121806673705577850341796875" lon="137.83735594712197780609130859375">
        <ele>774.5999755859375</ele>
        <time>2023-10-07T06:40:14.000Z</time>
        <extensions>
          <ns3:TrackPointExtension>
            <ns3:atemp>13.0</ns3:atemp>
            <ns3:cad>87</ns3:cad>
          </ns3:TrackPointExtension>
        </extensions>
      </trkpt>
      <trkpt lat="36.70119627378880977630615234375" lon="137.8373520076274871826171875">
        <ele>775.20001220703125</ele>
        <time>2023-10-07T06:40:15.000Z</time>
        <extensions>
          <ns3:TrackPointExtension>
            <ns3:atemp>13.0</ns3:atemp>
            <ns3:cad>84</ns3:cad>
          </ns3:TrackPointExtension>
        </extensions>
      </trkpt>
      <trkpt lat="36.70116894878447055816650390625" lon="137.8373652510344982147216796875">
        <ele>775.4000244140625</ele>
        <time>2023-10-07T06:40:16.000Z</time>
        <extensions>
          <ns3:TrackPointExtension>
            <ns3:atemp>13.0</ns3:atemp>
            <ns3:cad>90</ns3:cad>
          </ns3:TrackPointExtension>
        </extensions>
      </trkpt>
      <trkpt lat="36.7011378519237041473388671875" lon="137.837395928800106048583984375">
        <ele>776.20001220703125</ele>
        <time>2023-10-07T06:40:17.000Z</time>
        <extensions>
          <ns3:TrackPointExtension>
            <ns3:atemp>13.0</ns3:atemp>
            <ns3:cad>95</ns3:cad>
          </ns3:TrackPointExtension>
        </extensions>
      </trkpt>
      <trkpt lat="36.701115556061267852783203125" lon="137.83742601983249187469482421875">
        <ele>776.4000244140625</ele>
        <time>2023-10-07T06:40:18.000Z</time>
        <extensions>
          <ns3:TrackPointExtension>
            <ns3:atemp>13.0</ns3:atemp>
            <ns3:cad>92</ns3:cad>
          </ns3:TrackPointExtension>
        </extensions>
      </trkpt>
      <trkpt lat="36.70109979808330535888671875" lon="137.83745418302714824676513671875">
        <ele>776.79998779296875</ele>
        <time>2023-10-07T06:40:19.000Z</time>
        <extensions>
          <ns3:TrackPointExtension>
            <ns3:atemp>13.0</ns3:atemp>
            <ns3:cad>89</ns3:cad>
          </ns3:TrackPointExtension>
        </extensions>
      </trkpt>
      <trkpt lat="36.70108462683856487274169921875" lon="137.83748653717339038848876953125">
        <ele>777.20001220703125</ele>
        <time>2023-10-07T06:40:20.000Z</time>
        <extensions>
          <ns3:TrackPointExtension>
            <ns3:atemp>13.0</ns3:atemp>
            <ns3:cad>81</ns3:cad>
          </ns3:TrackPointExtension>
        </extensions>
      </trkpt>
      <trkpt lat="36.70106870122253894805908203125" lon="137.83752501010894775390625">
        <ele>777.4000244140625</ele>
        <time>2023-10-07T06:40:21.000Z</time>
        <extensions>
          <ns3:TrackPointExtension>
            <ns3:atemp>13.0</ns3:atemp>
            <ns3:cad>85</ns3:cad>
          </ns3:TrackPointExtension>
        </extensions>
      </trkpt>
      <trkpt lat="36.70105797238647937774658203125" lon="137.83755828626453876495361328125">
        <ele>777.5999755859375</ele>
        <time>2023-10-07T06:40:22.000Z</time>
        <extensions>
          <ns3:TrackPointExtension>
            <ns3:atemp>13.0</ns3:atemp>
            <ns3:cad>81</ns3:cad>
          </ns3:TrackPointExtension>
        </extensions>
      </trkpt>
      <trkpt lat="36.70104975812137126922607421875" lon="137.83758443780243396759033203125">
        <ele>777.79998779296875</ele>
        <time>2023-10-07T06:40:23.000Z</time>
        <extensions>
          <ns3:TrackPointExtension>
            <ns3:atemp>13.0</ns3:atemp>
            <ns3:cad>81</ns3:cad>
          </ns3:TrackPointExtension>
        </extensions>
      </trkpt>
      <trkpt lat="36.70104137621819972991943359375" lon="137.8376190550625324249267578125">
        <ele>778</ele>
        <time>2023-10-07T06:40:24.000Z</time>
        <extensions>
          <ns3:TrackPointExtension>
            <ns3:atemp>13.0</ns3:atemp>
            <ns3:cad>82</ns3:cad>
          </ns3:TrackPointExtension>
        </extensions>
      </trkpt>
      <trkpt lat="36.7010312341153621673583984375" lon="137.83764864318072795867919921875">
        <ele>778</ele>
        <time>2023-10-07T06:40:25.000Z</time>
        <extensions>
          <ns3:TrackPointExtension>
            <ns3:atemp>13.0</ns3:atemp>
            <ns3:cad>83</ns3:cad>
          </ns3:TrackPointExtension>
        </extensions>
      </trkpt>
      <trkpt lat="36.70101623050868511199951171875" lon="137.83768393099308013916015625">
        <ele>778.4000244140625</ele>
        <time>2023-10-07T06:40:26.000Z</time>
        <extensions>
          <ns3:TrackPointExtension>
            <ns3:atemp>13.0</ns3:atemp>
            <ns3:cad>85</ns3:cad>
          </ns3:TrackPointExtension>
        </extensions>
      </trkpt>
      <trkpt lat="36.70099812559783458709716796875" lon="137.83770798705518245697021484375">
        <ele>778.5999755859375</ele>
        <time>2023-10-07T06:40:27.000Z</time>
        <extensions>
          <ns3:TrackPointExtension>
            <ns3:atemp>13.0</ns3:atemp>
            <ns3:cad>77</ns3:cad>
          </ns3:TrackPointExtension>
        </extensions>
      </trkpt>
      <trkpt lat="36.70097834430634975433349609375" lon="137.83771754242479801177978515625">
        <ele>779</ele>
        <time>2023-10-07T06:40:28.000Z</time>
        <extensions>
          <ns3:TrackPointExtension>
            <ns3:atemp>13.0</ns3:atemp>
            <ns3:cad>73</ns3:cad>
          </ns3:TrackPointExtension>
        </extensions>
      </trkpt>
      <trkpt lat="36.7009571380913257598876953125" lon="137.83771469257771968841552734375">
        <ele>779.20001220703125</ele>
        <time>2023-10-07T06:40:29.000Z</time>
        <extensions>
          <ns3:TrackPointExtension>
            <ns3:atemp>13.0</ns3:atemp>
            <ns3:cad>82</ns3:cad>
          </ns3:TrackPointExtension>
        </extensions>
      </trkpt>
      <trkpt lat="36.7009440623223781585693359375" lon="137.83768971450626850128173828125">
        <ele>779.4000244140625</ele>
        <time>2023-10-07T06:40:30.000Z</time>
        <extensions>
          <ns3:TrackPointExtension>
            <ns3:atemp>13.0</ns3:atemp>
            <ns3:cad>81</ns3:cad>
          </ns3:TrackPointExtension>
        </extensions>
      </trkpt>
      <trkpt lat="36.70094867236912250518798828125" lon="137.83765870146453380584716796875">
        <ele>779.5999755859375</ele>
        <time>2023-10-07T06:40:31.000Z</time>
        <extensions>
          <ns3:TrackPointExtension>
            <ns3:atemp>13.0</ns3:atemp>
            <ns3:cad>87</ns3:cad>
          </ns3:TrackPointExtension>
        </extensions>
      </trkpt>
      <trkpt lat="36.7009569704532623291015625" lon="137.83762802369892597198486328125">
        <ele>779.5999755859375</ele>
        <time>2023-10-07T06:40:32.000Z</time>
        <extensions>
          <ns3:TrackPointExtension>
            <ns3:atemp>13.0</ns3:atemp>
            <ns3:cad>98</ns3:cad>
          </ns3:TrackPointExtension>
        </extensions>
      </trkpt>
      <trkpt lat="36.7009678669273853302001953125" lon="137.83758242614567279815673828125">
        <ele>780</ele>
        <time>2023-10-07T06:40:33.000Z</time>
        <extensions>
          <ns3:TrackPointExtension>
            <ns3:atemp>13.0</ns3:atemp>
            <ns3:cad>110</ns3:cad>
          </ns3:TrackPointExtension>
        </extensions>
      </trkpt>
      <trkpt lat="36.70097482390701770782470703125" lon="137.8375245071947574615478515625">
        <ele>780</ele>
        <time>2023-10-07T06:40:34.000Z</time>
        <extensions>
          <ns3:TrackPointExtension>
            <ns3:atemp>13.0</ns3:atemp>
            <ns3:cad>110</ns3:cad>
          </ns3:TrackPointExtension>
        </extensions>
      </trkpt>
      <trkpt lat="36.700972057878971099853515625" lon="137.83748351968824863433837890625">
        <ele>780.4000244140625</ele>
        <time>2023-10-07T06:40:35.000Z</time>
        <extensions>
          <ns3:TrackPointExtension>
            <ns3:atemp>13.0</ns3:atemp>
            <ns3:cad>100</ns3:cad>
          </ns3:TrackPointExtension>
        </extensions>
      </trkpt>
      <trkpt lat="36.70096543617546558380126953125" lon="137.83743155188858509063720703125">
        <ele>780.5999755859375</ele>
        <time>2023-10-07T06:40:36.000Z</time>
        <extensions>
          <ns3:TrackPointExtension>
            <ns3:atemp>13.0</ns3:atemp>
            <ns3:cad>82</ns3:cad>
          </ns3:TrackPointExtension>
        </extensions>
      </trkpt>
      <trkpt lat="36.7009598203003406524658203125" lon="137.83740422688424587249755859375">
        <ele>780.79998779296875</ele>
        <time>2023-10-07T06:40:37.000Z</time>
        <extensions>
          <ns3:TrackPointExtension>
            <ns3:atemp>13.0</ns3:atemp>
            <ns3:cad>79</ns3:cad>
          </ns3:TrackPointExtension>
        </extensions>
      </trkpt>
      <trkpt lat="36.70095085166394710540771484375" lon="137.83737547695636749267578125">
        <ele>781</ele>
        <time>2023-10-07T06:40:38.000Z</time>
        <extensions>
          <ns3:TrackPointExtension>
            <ns3:atemp>13.0</ns3:atemp>
            <ns3:cad>76</ns3:cad>
          </ns3:TrackPointExtension>
        </extensions>
      </trkpt>
      <trkpt lat="36.7009346745908260345458984375" lon="137.837344296276569366455078125">
        <ele>781.20001220703125</ele>
        <time>2023-10-07T06:40:39.000Z</time>
        <extensions>
          <ns3:TrackPointExtension>
            <ns3:atemp>13.0</ns3:atemp>
            <ns3:cad>76</ns3:cad>
          </ns3:TrackPointExtension>
        </extensions>
      </trkpt>
      <trkpt lat="36.700923107564449310302734375" lon="137.837329544126987457275390625">
        <ele>781.5999755859375</ele>
        <time>2023-10-07T06:40:40.000Z</time>
        <extensions>
          <ns3:TrackPointExtension>
            <ns3:atemp>13.0</ns3:atemp>
            <ns3:cad>78</ns3:cad>
          </ns3:TrackPointExtension>
        </extensions>
      </trkpt>
      <trkpt lat="36.7009061761200428009033203125" lon="137.83731454052031040191650390625">
        <ele>781.79998779296875</ele>
        <time>2023-10-07T06:40:41.000Z</time>
        <extensions>
          <ns3:TrackPointExtension>
            <ns3:atemp>13.0</ns3:atemp>
            <ns3:cad>71</ns3:cad>
          </ns3:TrackPointExtension>
        </extensions>
      </trkpt>
      <trkpt lat="36.70088681392371654510498046875" lon="137.83730129711329936981201171875">
        <ele>782.20001220703125</ele>
        <time>2023-10-07T06:40:42.000Z</time>
        <extensions>
          <ns3:TrackPointExtension>
            <ns3:atemp>13.0</ns3:atemp>
            <ns3:cad>68</ns3:cad>
          </ns3:TrackPointExtension>
        </extensions>
      </trkpt>
      <trkpt lat="36.70086451806128025054931640625" lon="137.8372908197343349456787109375">
        <ele>782.4000244140625</ele>
        <time>2023-10-07T06:40:43.000Z</time>
        <extensions>
          <ns3:TrackPointExtension>
            <ns3:atemp>13.0</ns3:atemp>
            <ns3:cad>67</ns3:cad>
          </ns3:TrackPointExtension>
        </extensions>
      </trkpt>
      <trkpt lat="36.70085077174007892608642578125" lon="137.83728319220244884490966796875">
        <ele>783</ele>
        <time>2023-10-07T06:40:44.000Z</time>
        <extensions>
          <ns3:TrackPointExtension>
            <ns3:atemp>13.0</ns3:atemp>
            <ns3:cad>71</ns3:cad>
          </ns3:TrackPointExtension>
        </extensions>
      </trkpt>
      <trkpt lat="36.7008243687450885772705078125" lon="137.83727514557540416717529296875">
        <ele>783.20001220703125</ele>
        <time>2023-10-07T06:40:45.000Z</time>
        <extensions>
          <ns3:TrackPointExtension>
            <ns3:atemp>13.0</ns3:atemp>
            <ns3:cad>75</ns3:cad>
          </ns3:TrackPointExtension>
        </extensions>
      </trkpt>
      <trkpt lat="36.70080609619617462158203125" lon="137.837268523871898651123046875">
        <ele>783.5999755859375</ele>
        <time>2023-10-07T06:40:46.000Z</time>
        <extensions>
          <ns3:TrackPointExtension>
            <ns3:atemp>13.0</ns3:atemp>
            <ns3:cad>85</ns3:cad>
          </ns3:TrackPointExtension>
        </extensions>
      </trkpt>
      <trkpt lat="36.70078790746629238128662109375" lon="137.83725745975971221923828125">
        <ele>784</ele>
        <time>2023-10-07T06:40:47.000Z</time>
        <extensions>
          <ns3:TrackPointExtension>
            <ns3:atemp>13.0</ns3:atemp>
            <ns3:cad>72</ns3:cad>
          </ns3:TrackPointExtension>
        </extensions>
      </trkpt>
      <trkpt lat="36.7007697187364101409912109375" lon="137.83724966458976268768310546875">
        <ele>784.4000244140625</ele>
        <time>2023-10-07T06:40:48.000Z</time>
        <extensions>
          <ns3:TrackPointExtension>
            <ns3:atemp>13.0</ns3:atemp>
            <ns3:cad>87</ns3:cad>
          </ns3:TrackPointExtension>
        </extensions>
      </trkpt>
      <trkpt lat="36.70075203292071819305419921875" lon="137.83725075423717498779296875">
        <ele>784.79998779296875</ele>
        <time>2023-10-07T06:40:49.000Z</time>
        <extensions>
          <ns3:TrackPointExtension>
            <ns3:atemp>13.0</ns3:atemp>
            <ns3:cad>85</ns3:cad>
          </ns3:TrackPointExtension>
        </extensions>
      </trkpt>
      <trkpt lat="36.7007301561534404754638671875" lon="137.837255112826824188232421875">
        <ele>785</ele>
        <time>2023-10-07T06:40:50.000Z</time>
        <extensions>
          <ns3:TrackPointExtension>
            <ns3:atemp>13.0</ns3:atemp>
            <ns3:cad>87</ns3:cad>
          </ns3:TrackPointExtension>
        </extensions>
      </trkpt>
      <trkpt lat="36.7007236182689666748046875" lon="137.8372596390545368194580078125">
        <ele>785.4000244140625</ele>
        <time>2023-10-07T06:40:51.000Z</time>
        <extensions>
          <ns3:TrackPointExtension>
            <ns3:atemp>13.0</ns3:atemp>
            <ns3:cad>82</ns3:cad>
          </ns3:TrackPointExtension>
        </extensions>
      </trkpt>
      <trkpt lat="36.70071297325193881988525390625" lon="137.8372634947299957275390625">
        <ele>785.79998779296875</ele>
        <time>2023-10-07T06:40:52.000Z</time>
        <extensions>
          <ns3:TrackPointExtension>
            <ns3:atemp>13.0</ns3:atemp>
            <ns3:cad>80</ns3:cad>
          </ns3:TrackPointExtension>
        </extensions>
      </trkpt>
      <trkpt lat="36.70069587416946887969970703125" lon="137.83726994879543781280517578125">
        <ele>786</ele>
        <time>2023-10-07T06:40:53.000Z</time>
        <extensions>
          <ns3:TrackPointExtension>
            <ns3:atemp>13.0</ns3:atemp>
            <ns3:cad>76</ns3:cad>
          </ns3:TrackPointExtension>
        </extensions>
      </trkpt>
      <trkpt lat="36.7006726562976837158203125" lon="137.83728562295436859130859375">
        <ele>786</ele>
        <time>2023-10-07T06:40:54.000Z</time>
        <extensions>
          <ns3:TrackPointExtension>
            <ns3:atemp>13.0</ns3:atemp>
            <ns3:cad>69</ns3:cad>
          </ns3:TrackPointExtension>
        </extensions>
      </trkpt>
      <trkpt lat="36.7006570659577846527099609375" lon="137.837299369275569915771484375">
        <ele>786.20001220703125</ele>
        <time>2023-10-07T06:40:55.000Z</time>
        <extensions>
          <ns3:TrackPointExtension>
            <ns3:atemp>13.0</ns3:atemp>
            <ns3:cad>59</ns3:cad>
          </ns3:TrackPointExtension>
        </extensions>
      </trkpt>
      <trkpt lat="36.7006389610469341278076171875" lon="137.8373157978057861328125">
        <ele>786.4000244140625</ele>
        <time>2023-10-07T06:40:56.000Z</time>
        <extensions>
          <ns3:TrackPointExtension>
            <ns3:atemp>13.0</ns3:atemp>
            <ns3:cad>59</ns3:cad>
          </ns3:TrackPointExtension>
        </extensions>
      </trkpt>
      <trkpt lat="36.70061624608933925628662109375" lon="137.83733683638274669647216796875">
        <ele>787</ele>
        <time>2023-10-07T06:40:57.000Z</time>
        <extensions>
          <ns3:TrackPointExtension>
            <ns3:atemp>13.0</ns3:atemp>
            <ns3:cad>69</ns3:cad>
          </ns3:TrackPointExtension>
        </extensions>
      </trkpt>
      <trkpt lat="36.7005967162549495697021484375" lon="137.8373575396835803985595703125">
        <ele>787.5999755859375</ele>
        <time>2023-10-07T06:40:58.000Z</time>
        <extensions>
          <ns3:TrackPointExtension>
            <ns3:atemp>13.0</ns3:atemp>
            <ns3:cad>76</ns3:cad>
          </ns3:TrackPointExtension>
        </extensions>
      </trkpt>
      <trkpt lat="36.700578443706035614013671875" lon="137.8373722918331623077392578125">
        <ele>787.5999755859375</ele>
        <time>2023-10-07T06:40:59.000Z</time>
        <extensions>
          <ns3:TrackPointExtension>
            <ns3:atemp>13.0</ns3:atemp>
            <ns3:cad>80</ns3:cad>
          </ns3:TrackPointExtension>
        </extensions>
      </trkpt>
      <trkpt lat="36.7005501128733158111572265625" lon="137.8373950906097888946533203125">
        <ele>788</ele>
        <time>2023-10-07T06:41:00.000Z</time>
        <extensions>
          <ns3:TrackPointExtension>
            <ns3:atemp>13.0</ns3:atemp>
            <ns3:cad>89</ns3:cad>
          </ns3:TrackPointExtension>
        </extensions>
      </trkpt>
      <trkpt lat="36.70052035711705684661865234375" lon="137.83741646446287631988525390625">
        <ele>788</ele>
        <time>2023-10-07T06:41:01.000Z</time>
        <extensions>
          <ns3:TrackPointExtension>
            <ns3:atemp>13.0</ns3:atemp>
            <ns3:cad>83</ns3:cad>
          </ns3:TrackPointExtension>
        </extensions>
      </trkpt>
      <trkpt lat="36.70050325803458690643310546875" lon="137.83742769621312618255615234375">
        <ele>788.20001220703125</ele>
        <time>2023-10-07T06:41:02.000Z</time>
        <extensions>
          <ns3:TrackPointExtension>
            <ns3:atemp>13.0</ns3:atemp>
            <ns3:cad>77</ns3:cad>
          </ns3:TrackPointExtension>
        </extensions>
      </trkpt>
      <trkpt lat="36.7004864104092121124267578125" lon="137.8374333120882511138916015625">
        <ele>788.20001220703125</ele>
        <time>2023-10-07T06:41:03.000Z</time>
        <extensions>
          <ns3:TrackPointExtension>
            <ns3:atemp>13.0</ns3:atemp>
            <ns3:cad>78</ns3:cad>
          </ns3:TrackPointExtension>
        </extensions>
      </trkpt>
      <trkpt lat="36.70046889223158359527587890625" lon="137.83743490464985370635986328125">
        <ele>788.4000244140625</ele>
        <time>2023-10-07T06:41:04.000Z</time>
        <extensions>
          <ns3:TrackPointExtension>
            <ns3:atemp>13.0</ns3:atemp>
            <ns3:cad>93</ns3:cad>
          </ns3:TrackPointExtension>
        </extensions>
      </trkpt>
      <trkpt lat="36.70045346952974796295166015625" lon="137.83743507228791713714599609375">
        <ele>788.4000244140625</ele>
        <time>2023-10-07T06:41:05.000Z</time>
        <extensions>
          <ns3:TrackPointExtension>
            <ns3:atemp>13.0</ns3:atemp>
            <ns3:cad>86</ns3:cad>
          </ns3:TrackPointExtension>
        </extensions>
      </trkpt>
      <trkpt lat="36.70043502934277057647705078125" lon="137.83742845058441162109375">
        <ele>788.5999755859375</ele>
        <time>2023-10-07T06:41:06.000Z</time>
        <extensions>
          <ns3:TrackPointExtension>
            <ns3:atemp>13.0</ns3:atemp>
            <ns3:cad>81</ns3:cad>
          </ns3:TrackPointExtension>
        </extensions>
      </trkpt>
      <trkpt lat="36.700421534478664398193359375" lon="137.83741772174835205078125">
        <ele>789</ele>
        <time>2023-10-07T06:41:07.000Z</time>
        <extensions>
          <ns3:TrackPointExtension>
            <ns3:atemp>13.0</ns3:atemp>
            <ns3:cad>72</ns3:cad>
          </ns3:TrackPointExtension>
        </extensions>
      </trkpt>
      <trkpt lat="36.7004151642322540283203125" lon="137.8374098427593708038330078125">
        <ele>789.20001220703125</ele>
        <time>2023-10-07T06:41:08.000Z</time>
        <extensions>
          <ns3:TrackPointExtension>
            <ns3:atemp>13.0</ns3:atemp>
            <ns3:cad>64</ns3:cad>
          </ns3:TrackPointExtension>
        </extensions>
      </trkpt>
      <trkpt lat="36.70040988363325595855712890625" lon="137.8373947553336620330810546875">
        <ele>789.4000244140625</ele>
        <time>2023-10-07T06:41:09.000Z</time>
        <extensions>
          <ns3:TrackPointExtension>
            <ns3:atemp>13.0</ns3:atemp>
            <ns3:cad>73</ns3:cad>
          </ns3:TrackPointExtension>
        </extensions>
      </trkpt>
      <trkpt lat="36.700404100120067596435546875" lon="137.8373759798705577850341796875">
        <ele>789.79998779296875</ele>
        <time>2023-10-07T06:41:10.000Z</time>
        <extensions>
          <ns3:TrackPointExtension>
            <ns3:atemp>13.0</ns3:atemp>
            <ns3:cad>73</ns3:cad>
          </ns3:TrackPointExtension>
        </extensions>
      </trkpt>
      <trkpt lat="36.70040200464427471160888671875" lon="137.83736483193933963775634765625">
        <ele>790.20001220703125</ele>
        <time>2023-10-07T06:41:11.000Z</time>
        <extensions>
          <ns3:TrackPointExtension>
            <ns3:atemp>13.0</ns3:atemp>
            <ns3:cad>73</ns3:cad>
          </ns3:TrackPointExtension>
        </extensions>
      </trkpt>
      <trkpt lat="36.70040066353976726531982421875" lon="137.8373466432094573974609375">
        <ele>790.5999755859375</ele>
        <time>2023-10-07T06:41:12.000Z</time>
        <extensions>
          <ns3:TrackPointExtension>
            <ns3:atemp>13.0</ns3:atemp>
            <ns3:cad>70</ns3:cad>
          </ns3:TrackPointExtension>
        </extensions>
      </trkpt>
      <trkpt lat="36.70039697550237178802490234375" lon="137.83733650110661983489990234375">
        <ele>791</ele>
        <time>2023-10-07T06:41:13.000Z</time>
        <extensions>
          <ns3:TrackPointExtension>
            <ns3:atemp>13.0</ns3:atemp>
            <ns3:cad>66</ns3:cad>
          </ns3:TrackPointExtension>
        </extensions>
      </trkpt>
      <trkpt lat="36.70039144344627857208251953125" lon="137.83731822855770587921142578125">
        <ele>791.20001220703125</ele>
        <time>2023-10-07T06:41:14.000Z</time>
        <extensions>
          <ns3:TrackPointExtension>
            <ns3:atemp>13.0</ns3:atemp>
            <ns3:cad>72</ns3:cad>
          </ns3:TrackPointExtension>
        </extensions>
      </trkpt>
      <trkpt lat="36.7003881745040416717529296875" lon="137.83729903399944305419921875">
        <ele>791.4000244140625</ele>
        <time>2023-10-07T06:41:15.000Z</time>
        <extensions>
          <ns3:TrackPointExtension>
            <ns3:atemp>13.0</ns3:atemp>
            <ns3:cad>75</ns3:cad>
          </ns3:TrackPointExtension>
        </extensions>
      </trkpt>
      <trkpt lat="36.70038574375212192535400390625" lon="137.83728050999343395233154296875">
        <ele>791.5999755859375</ele>
        <time>2023-10-07T06:41:16.000Z</time>
        <extensions>
          <ns3:TrackPointExtension>
            <ns3:atemp>13.0</ns3:atemp>
            <ns3:cad>70</ns3:cad>
          </ns3:TrackPointExtension>
        </extensions>
      </trkpt>
      <trkpt lat="36.7003821395337581634521484375" lon="137.83726307563483715057373046875">
        <ele>791.5999755859375</ele>
        <time>2023-10-07T06:41:17.000Z</time>
        <extensions>
          <ns3:TrackPointExtension>
            <ns3:atemp>13.0</ns3:atemp>
            <ns3:cad>76</ns3:cad>
          </ns3:TrackPointExtension>
        </extensions>
      </trkpt>
      <trkpt lat="36.7003784514963626861572265625" lon="137.837244383990764617919921875">
        <ele>792</ele>
        <time>2023-10-07T06:41:18.000Z</time>
        <extensions>
          <ns3:TrackPointExtension>
            <ns3:atemp>13.0</ns3:atemp>
            <ns3:cad>77</ns3:cad>
          </ns3:TrackPointExtension>
        </extensions>
      </trkpt>
      <trkpt lat="36.7003781162202358245849609375" lon="137.83722317777574062347412109375">
        <ele>792.20001220703125</ele>
        <time>2023-10-07T06:41:19.000Z</time>
        <extensions>
          <ns3:TrackPointExtension>
            <ns3:atemp>13.0</ns3:atemp>
            <ns3:cad>81</ns3:cad>
          </ns3:TrackPointExtension>
        </extensions>
      </trkpt>
      <trkpt lat="36.7003747634589672088623046875" lon="137.8372063301503658294677734375">
        <ele>792.4000244140625</ele>
        <time>2023-10-07T06:41:20.000Z</time>
        <extensions>
          <ns3:TrackPointExtension>
            <ns3:atemp>13.0</ns3:atemp>
            <ns3:cad>73</ns3:cad>
          </ns3:TrackPointExtension>
        </extensions>
      </trkpt>
      <trkpt lat="36.7003749310970306396484375" lon="137.83718713559210300445556640625">
        <ele>792.5999755859375</ele>
        <time>2023-10-07T06:41:21.000Z</time>
        <extensions>
          <ns3:TrackPointExtension>
            <ns3:atemp>13.0</ns3:atemp>
            <ns3:cad>73</ns3:cad>
          </ns3:TrackPointExtension>
        </extensions>
      </trkpt>
      <trkpt lat="36.7003774456679821014404296875" lon="137.83717271871864795684814453125">
        <ele>792.79998779296875</ele>
        <time>2023-10-07T06:41:22.000Z</time>
        <extensions>
          <ns3:TrackPointExtension>
            <ns3:atemp>13.0</ns3:atemp>
            <ns3:cad>76</ns3:cad>
          </ns3:TrackPointExtension>
        </extensions>
      </trkpt>
      <trkpt lat="36.70038239099085330963134765625" lon="137.83715461380779743194580078125">
        <ele>793</ele>
        <time>2023-10-07T06:41:23.000Z</time>
        <extensions>
          <ns3:TrackPointExtension>
            <ns3:atemp>13.0</ns3:atemp>
            <ns3:cad>75</ns3:cad>
          </ns3:TrackPointExtension>
        </extensions>
      </trkpt>
      <trkpt lat="36.70038624666631221771240234375" lon="137.8371372632682323455810546875">
        <ele>793.20001220703125</ele>
        <time>2023-10-07T06:41:24.000Z</time>
        <extensions>
          <ns3:TrackPointExtension>
            <ns3:atemp>13.0</ns3:atemp>
            <ns3:cad>76</ns3:cad>
          </ns3:TrackPointExtension>
        </extensions>
      </trkpt>
      <trkpt lat="36.70038775540888309478759765625" lon="137.83711823634803295135498046875">
        <ele>793.20001220703125</ele>
        <time>2023-10-07T06:41:25.000Z</time>
        <extensions>
          <ns3:TrackPointExtension>
            <ns3:atemp>13.0</ns3:atemp>
            <ns3:cad>81</ns3:cad>
          </ns3:TrackPointExtension>
        </extensions>
      </trkpt>
      <trkpt lat="36.70038641430437564849853515625" lon="137.8370973654091358184814453125">
        <ele>793.5999755859375</ele>
        <time>2023-10-07T06:41:26.000Z</time>
        <extensions>
          <ns3:TrackPointExtension>
            <ns3:atemp>13.0</ns3:atemp>
            <ns3:cad>78</ns3:cad>
          </ns3:TrackPointExtension>
        </extensions>
      </trkpt>
      <trkpt lat="36.700387336313724517822265625" lon="137.837078757584095001220703125">
        <ele>793.79998779296875</ele>
        <time>2023-10-07T06:41:27.000Z</time>
        <extensions>
          <ns3:TrackPointExtension>
            <ns3:atemp>13.0</ns3:atemp>
            <ns3:cad>77</ns3:cad>
          </ns3:TrackPointExtension>
        </extensions>
      </trkpt>
      <trkpt lat="36.70038876123726367950439453125" lon="137.83706090413033962249755859375">
        <ele>793.79998779296875</ele>
        <time>2023-10-07T06:41:28.000Z</time>
        <extensions>
          <ns3:TrackPointExtension>
            <ns3:atemp>13.0</ns3:atemp>
            <ns3:cad>76</ns3:cad>
          </ns3:TrackPointExtension>
        </extensions>
      </trkpt>
      <trkpt lat="36.700390689074993133544921875" lon="137.83704212866723537445068359375">
        <ele>794.20001220703125</ele>
        <time>2023-10-07T06:41:29.000Z</time>
        <extensions>
          <ns3:TrackPointExtension>
            <ns3:atemp>13.0</ns3:atemp>
            <ns3:cad>74</ns3:cad>
          </ns3:TrackPointExtension>
        </extensions>
      </trkpt>
      <trkpt lat="36.7003938741981983184814453125" lon="137.83702402375638484954833984375">
        <ele>794.4000244140625</ele>
        <time>2023-10-07T06:41:30.000Z</time>
        <extensions>
          <ns3:TrackPointExtension>
            <ns3:atemp>13.0</ns3:atemp>
            <ns3:cad>75</ns3:cad>
          </ns3:TrackPointExtension>
        </extensions>
      </trkpt>
      <trkpt lat="36.700395382940769195556640625" lon="137.83700709231197834014892578125">
        <ele>794.5999755859375</ele>
        <time>2023-10-07T06:41:31.000Z</time>
        <extensions>
          <ns3:TrackPointExtension>
            <ns3:atemp>13.0</ns3:atemp>
            <ns3:cad>76</ns3:cad>
          </ns3:TrackPointExtension>
        </extensions>
      </trkpt>
      <trkpt lat="36.70039764605462551116943359375" lon="137.83699083141982555389404296875">
        <ele>794.79998779296875</ele>
        <time>2023-10-07T06:41:32.000Z</time>
        <extensions>
          <ns3:TrackPointExtension>
            <ns3:atemp>13.0</ns3:atemp>
            <ns3:cad>66</ns3:cad>
          </ns3:TrackPointExtension>
        </extensions>
      </trkpt>
      <trkpt lat="36.70039965771138668060302734375" lon="137.83697356469929218292236328125">
        <ele>795.20001220703125</ele>
        <time>2023-10-07T06:41:33.000Z</time>
        <extensions>
          <ns3:TrackPointExtension>
            <ns3:atemp>13.0</ns3:atemp>
            <ns3:cad>71</ns3:cad>
          </ns3:TrackPointExtension>
        </extensions>
      </trkpt>
      <trkpt lat="36.7004035972058773040771484375" lon="137.8369555436074733734130859375">
        <ele>795.20001220703125</ele>
        <time>2023-10-07T06:41:34.000Z</time>
        <extensions>
          <ns3:TrackPointExtension>
            <ns3:atemp>13.0</ns3:atemp>
            <ns3:cad>73</ns3:cad>
          </ns3:TrackPointExtension>
        </extensions>
      </trkpt>
      <trkpt lat="36.70040451921522617340087890625" lon="137.8369434736669063568115234375">
        <ele>795.5999755859375</ele>
        <time>2023-10-07T06:41:35.000Z</time>
        <extensions>
          <ns3:TrackPointExtension>
            <ns3:atemp>13.0</ns3:atemp>
            <ns3:cad>70</ns3:cad>
          </ns3:TrackPointExtension>
        </extensions>
      </trkpt>
      <trkpt lat="36.70040451921522617340087890625" lon="137.83692696131765842437744140625">
        <ele>795.79998779296875</ele>
        <time>2023-10-07T06:41:36.000Z</time>
        <extensions>
          <ns3:TrackPointExtension>
            <ns3:atemp>13.0</ns3:atemp>
            <ns3:cad>67</ns3:cad>
          </ns3:TrackPointExtension>
        </extensions>
      </trkpt>
      <trkpt lat="36.70040451921522617340087890625" lon="137.8369094431400299072265625">
        <ele>796</ele>
        <time>2023-10-07T06:41:37.000Z</time>
        <extensions>
          <ns3:TrackPointExtension>
            <ns3:atemp>13.0</ns3:atemp>
            <ns3:cad>73</ns3:cad>
          </ns3:TrackPointExtension>
        </extensions>
      </trkpt>
      <trkpt lat="36.700404100120067596435546875" lon="137.83689226023852825164794921875">
        <ele>796.20001220703125</ele>
        <time>2023-10-07T06:41:38.000Z</time>
        <extensions>
          <ns3:TrackPointExtension>
            <ns3:atemp>13.0</ns3:atemp>
            <ns3:cad>64</ns3:cad>
          </ns3:TrackPointExtension>
        </extensions>
      </trkpt>
      <trkpt lat="36.70040602795779705047607421875" lon="137.83687566407024860382080078125">
        <ele>796.4000244140625</ele>
        <time>2023-10-07T06:41:39.000Z</time>
        <extensions>
          <ns3:TrackPointExtension>
            <ns3:atemp>13.0</ns3:atemp>
            <ns3:cad>65</ns3:cad>
          </ns3:TrackPointExtension>
        </extensions>
      </trkpt>
      <trkpt lat="36.70041122473776340484619140625" lon="137.83685739152133464813232421875">
        <ele>796.79998779296875</ele>
        <time>2023-10-07T06:41:40.000Z</time>
        <extensions>
          <ns3:TrackPointExtension>
            <ns3:atemp>13.0</ns3:atemp>
            <ns3:cad>66</ns3:cad>
          </ns3:TrackPointExtension>
        </extensions>
      </trkpt>
      <trkpt lat="36.700413487851619720458984375" lon="137.83684548921883106231689453125">
        <ele>797</ele>
        <time>2023-10-07T06:41:41.000Z</time>
        <extensions>
          <ns3:TrackPointExtension>
            <ns3:atemp>13.0</ns3:atemp>
            <ns3:cad>61</ns3:cad>
          </ns3:TrackPointExtension>
        </extensions>
      </trkpt>
      <trkpt lat="36.7004178464412689208984375" lon="137.83683006651699542999267578125">
        <ele>797.5999755859375</ele>
        <time>2023-10-07T06:41:42.000Z</time>
        <extensions>
          <ns3:TrackPointExtension>
            <ns3:atemp>13.0</ns3:atemp>
            <ns3:cad>67</ns3:cad>
          </ns3:TrackPointExtension>
        </extensions>
      </trkpt>
      <trkpt lat="36.70041826553642749786376953125" lon="137.83681690692901611328125">
        <ele>797.79998779296875</ele>
        <time>2023-10-07T06:41:43.000Z</time>
        <extensions>
          <ns3:TrackPointExtension>
            <ns3:atemp>13.0</ns3:atemp>
            <ns3:cad>69</ns3:cad>
          </ns3:TrackPointExtension>
        </extensions>
      </trkpt>
      <trkpt lat="36.70041440986096858978271484375" lon="137.83680475316941738128662109375">
        <ele>798.20001220703125</ele>
        <time>2023-10-07T06:41:44.000Z</time>
        <extensions>
          <ns3:TrackPointExtension>
            <ns3:atemp>13.0</ns3:atemp>
            <ns3:cad>57</ns3:cad>
          </ns3:TrackPointExtension>
        </extensions>
      </trkpt>
      <trkpt lat="36.70040736906230449676513671875" lon="137.83679117448627948760986328125">
        <ele>798.4000244140625</ele>
        <time>2023-10-07T06:41:45.000Z</time>
        <extensions>
          <ns3:TrackPointExtension>
            <ns3:atemp>13.0</ns3:atemp>
            <ns3:cad>93</ns3:cad>
          </ns3:TrackPointExtension>
        </extensions>
      </trkpt>
      <trkpt lat="36.70039731077849864959716796875" lon="137.83677910454571247100830078125">
        <ele>798.5999755859375</ele>
        <time>2023-10-07T06:41:46.000Z</time>
        <extensions>
          <ns3:TrackPointExtension>
            <ns3:atemp>13.0</ns3:atemp>
            <ns3:cad>93</ns3:cad>
          </ns3:TrackPointExtension>
        </extensions>
      </trkpt>
      <trkpt lat="36.70038825832307338714599609375" lon="137.836765944957733154296875">
        <ele>798.79998779296875</ele>
        <time>2023-10-07T06:41:47.000Z</time>
        <extensions>
          <ns3:TrackPointExtension>
            <ns3:atemp>13.0</ns3:atemp>
            <ns3:cad>78</ns3:cad>
          </ns3:TrackPointExtension>
        </extensions>
      </trkpt>
      <trkpt lat="36.70038339681923389434814453125" lon="137.83675253391265869140625">
        <ele>799</ele>
        <time>2023-10-07T06:41:48.000Z</time>
        <extensions>
          <ns3:TrackPointExtension>
            <ns3:atemp>13.0</ns3:atemp>
            <ns3:cad>63</ns3:cad>
          </ns3:TrackPointExtension>
        </extensions>
      </trkpt>
      <trkpt lat="36.70038138516247272491455078125" lon="137.8367362730205059051513671875">
        <ele>799.4000244140625</ele>
        <time>2023-10-07T06:41:49.000Z</time>
        <extensions>
          <ns3:TrackPointExtension>
            <ns3:atemp>13.0</ns3:atemp>
            <ns3:cad>57</ns3:cad>
          </ns3:TrackPointExtension>
        </extensions>
      </trkpt>
      <trkpt lat="36.70038037933409214019775390625" lon="137.83672370016574859619140625">
        <ele>799.5999755859375</ele>
        <time>2023-10-07T06:41:50.000Z</time>
        <extensions>
          <ns3:TrackPointExtension>
            <ns3:atemp>13.0</ns3:atemp>
            <ns3:cad>58</ns3:cad>
          </ns3:TrackPointExtension>
        </extensions>
      </trkpt>
      <trkpt lat="36.70037987641990184783935546875" lon="137.83671087585389614105224609375">
        <ele>799.5999755859375</ele>
        <time>2023-10-07T06:41:51.000Z</time>
        <extensions>
          <ns3:TrackPointExtension>
            <ns3:atemp>13.0</ns3:atemp>
            <ns3:cad>61</ns3:cad>
          </ns3:TrackPointExtension>
        </extensions>
      </trkpt>
      <trkpt lat="36.7003811337053775787353515625" lon="137.83669461496174335479736328125">
        <ele>800</ele>
        <time>2023-10-07T06:41:52.000Z</time>
        <extensions>
          <ns3:TrackPointExtension>
            <ns3:atemp>13.0</ns3:atemp>
            <ns3:cad>65</ns3:cad>
          </ns3:TrackPointExtension>
        </extensions>
      </trkpt>
      <trkpt lat="36.70038172043859958648681640625" lon="137.83667952753603458404541015625">
        <ele>800.4000244140625</ele>
        <time>2023-10-07T06:41:53.000Z</time>
        <extensions>
          <ns3:TrackPointExtension>
            <ns3:atemp>13.0</ns3:atemp>
            <ns3:cad>61</ns3:cad>
          </ns3:TrackPointExtension>
        </extensions>
      </trkpt>
      <trkpt lat="36.7003831453621387481689453125" lon="137.83666661940515041351318359375">
        <ele>800.5999755859375</ele>
        <time>2023-10-07T06:41:54.000Z</time>
        <extensions>
          <ns3:TrackPointExtension>
            <ns3:atemp>13.0</ns3:atemp>
            <ns3:cad>69</ns3:cad>
          </ns3:TrackPointExtension>
        </extensions>
      </trkpt>
      <trkpt lat="36.70038909651339054107666015625" lon="137.836652956902980804443359375">
        <ele>800.79998779296875</ele>
        <time>2023-10-07T06:41:55.000Z</time>
        <extensions>
          <ns3:TrackPointExtension>
            <ns3:atemp>13.0</ns3:atemp>
            <ns3:cad>68</ns3:cad>
          </ns3:TrackPointExtension>
        </extensions>
      </trkpt>
      <trkpt lat="36.7003972269594669342041015625" lon="137.83664231188595294952392578125">
        <ele>801</ele>
        <time>2023-10-07T06:41:56.000Z</time>
        <extensions>
          <ns3:TrackPointExtension>
            <ns3:atemp>13.0</ns3:atemp>
            <ns3:cad>68</ns3:cad>
          </ns3:TrackPointExtension>
        </extensions>
      </trkpt>
      <trkpt lat="36.70040301047265529632568359375" lon="137.83663158304989337921142578125">
        <ele>801.20001220703125</ele>
        <time>2023-10-07T06:41:57.000Z</time>
        <extensions>
          <ns3:TrackPointExtension>
            <ns3:atemp>13.0</ns3:atemp>
            <ns3:cad>72</ns3:cad>
          </ns3:TrackPointExtension>
        </extensions>
      </trkpt>
      <trkpt lat="36.70041206292808055877685546875" lon="137.83661666326224803924560546875">
        <ele>801.4000244140625</ele>
        <time>2023-10-07T06:41:58.000Z</time>
        <extensions>
          <ns3:TrackPointExtension>
            <ns3:atemp>13.0</ns3:atemp>
            <ns3:cad>73</ns3:cad>
          </ns3:TrackPointExtension>
        </extensions>
      </trkpt>
      <trkpt lat="36.70041860081255435943603515625" lon="137.836604677140712738037109375">
        <ele>801.4000244140625</ele>
        <time>2023-10-07T06:41:59.000Z</time>
        <extensions>
          <ns3:TrackPointExtension>
            <ns3:atemp>13.0</ns3:atemp>
            <ns3:cad>69</ns3:cad>
          </ns3:TrackPointExtension>
        </extensions>
      </trkpt>
      <trkpt lat="36.70042547397315502166748046875" lon="137.8365907631814479827880859375">
        <ele>801.5999755859375</ele>
        <time>2023-10-07T06:42:00.000Z</time>
        <extensions>
          <ns3:TrackPointExtension>
            <ns3:atemp>13.0</ns3:atemp>
            <ns3:cad>69</ns3:cad>
          </ns3:TrackPointExtension>
        </extensions>
      </trkpt>
      <trkpt lat="36.70043687336146831512451171875" lon="137.83657324500381946563720703125">
        <ele>801.5999755859375</ele>
        <time>2023-10-07T06:42:01.000Z</time>
        <extensions>
          <ns3:TrackPointExtension>
            <ns3:atemp>13.0</ns3:atemp>
            <ns3:cad>75</ns3:cad>
          </ns3:TrackPointExtension>
        </extensions>
      </trkpt>
      <trkpt lat="36.70044676400721073150634765625" lon="137.8365599177777767181396484375">
        <ele>801.79998779296875</ele>
        <time>2023-10-07T06:42:02.000Z</time>
        <extensions>
          <ns3:TrackPointExtension>
            <ns3:atemp>13.0</ns3:atemp>
            <ns3:cad>73</ns3:cad>
          </ns3:TrackPointExtension>
        </extensions>
      </trkpt>
      <trkpt lat="36.7004545591771602630615234375" lon="137.83654793165624141693115234375">
        <ele>802</ele>
        <time>2023-10-07T06:42:03.000Z</time>
        <extensions>
          <ns3:TrackPointExtension>
            <ns3:atemp>13.0</ns3:atemp>
            <ns3:cad>95</ns3:cad>
          </ns3:TrackPointExtension>
        </extensions>
      </trkpt>
      <trkpt lat="36.700464785099029541015625" lon="137.8365324251353740692138671875">
        <ele>802.20001220703125</ele>
        <time>2023-10-07T06:42:04.000Z</time>
        <extensions>
          <ns3:TrackPointExtension>
            <ns3:atemp>13.0</ns3:atemp>
            <ns3:cad>98</ns3:cad>
          </ns3:TrackPointExtension>
        </extensions>
      </trkpt>
      <trkpt lat="36.70047325082123279571533203125" lon="137.83652010373771190643310546875">
        <ele>802.5999755859375</ele>
        <time>2023-10-07T06:42:05.000Z</time>
        <extensions>
          <ns3:TrackPointExtension>
            <ns3:atemp>13.0</ns3:atemp>
            <ns3:cad>92</ns3:cad>
          </ns3:TrackPointExtension>
        </extensions>
      </trkpt>
      <trkpt lat="36.7004817165434360504150390625" lon="137.8365049324929714202880859375">
        <ele>802.5999755859375</ele>
        <time>2023-10-07T06:42:06.000Z</time>
        <extensions>
          <ns3:TrackPointExtension>
            <ns3:atemp>13.0</ns3:atemp>
            <ns3:cad>75</ns3:cad>
          </ns3:TrackPointExtension>
        </extensions>
      </trkpt>
      <trkpt lat="36.7004902660846710205078125" lon="137.8364851512014865875244140625">
        <ele>802.79998779296875</ele>
        <time>2023-10-07T06:42:07.000Z</time>
        <extensions>
          <ns3:TrackPointExtension>
            <ns3:atemp>13.0</ns3:atemp>
            <ns3:cad>72</ns3:cad>
          </ns3:TrackPointExtension>
        </extensions>
      </trkpt>
      <trkpt lat="36.70049420557916164398193359375" lon="137.83647358417510986328125">
        <ele>803</ele>
        <time>2023-10-07T06:42:08.000Z</time>
        <extensions>
          <ns3:TrackPointExtension>
            <ns3:atemp>13.0</ns3:atemp>
            <ns3:cad>72</ns3:cad>
          </ns3:TrackPointExtension>
        </extensions>
      </trkpt>
      <trkpt lat="36.70049630105495452880859375" lon="137.83645707182586193084716796875">
        <ele>803.4000244140625</ele>
        <time>2023-10-07T06:42:09.000Z</time>
        <extensions>
          <ns3:TrackPointExtension>
            <ns3:atemp>13.0</ns3:atemp>
            <ns3:cad>77</ns3:cad>
          </ns3:TrackPointExtension>
        </extensions>
      </trkpt>
      <trkpt lat="36.700494624674320220947265625" lon="137.836439721286296844482421875">
        <ele>803.5999755859375</ele>
        <time>2023-10-07T06:42:10.000Z</time>
        <extensions>
          <ns3:TrackPointExtension>
            <ns3:atemp>13.0</ns3:atemp>
            <ns3:cad>77</ns3:cad>
          </ns3:TrackPointExtension>
        </extensions>
      </trkpt>
      <trkpt lat="36.7004911042749881744384765625" lon="137.83642136491835117340087890625">
        <ele>803.79998779296875</ele>
        <time>2023-10-07T06:42:11.000Z</time>
        <extensions>
          <ns3:TrackPointExtension>
            <ns3:atemp>13.0</ns3:atemp>
            <ns3:cad>78</ns3:cad>
          </ns3:TrackPointExtension>
        </extensions>
      </trkpt>
      <trkpt lat="36.70048825442790985107421875" lon="137.83640711568295955657958984375">
        <ele>803.79998779296875</ele>
        <time>2023-10-07T06:42:12.000Z</time>
        <extensions>
          <ns3:TrackPointExtension>
            <ns3:atemp>13.0</ns3:atemp>
            <ns3:cad>70</ns3:cad>
          </ns3:TrackPointExtension>
        </extensions>
      </trkpt>
      <trkpt lat="36.7004833929240703582763671875" lon="137.836391441524028778076171875">
        <ele>804</ele>
        <time>2023-10-07T06:42:13.000Z</time>
        <extensions>
          <ns3:TrackPointExtension>
            <ns3:atemp>13.0</ns3:atemp>
            <ns3:cad>61</ns3:cad>
          </ns3:TrackPointExtension>
        </extensions>
      </trkpt>
      <trkpt lat="36.700476519763469696044921875" lon="137.83637777902185916900634765625">
        <ele>804.5999755859375</ele>
        <time>2023-10-07T06:42:14.000Z</time>
        <extensions>
          <ns3:TrackPointExtension>
            <ns3:atemp>13.0</ns3:atemp>
            <ns3:cad>72</ns3:cad>
          </ns3:TrackPointExtension>
        </extensions>
      </trkpt>
      <trkpt lat="36.70046905986964702606201171875" lon="137.8363637812435626983642578125">
        <ele>804.79998779296875</ele>
        <time>2023-10-07T06:42:15.000Z</time>
        <extensions>
          <ns3:TrackPointExtension>
            <ns3:atemp>13.0</ns3:atemp>
            <ns3:cad>57</ns3:cad>
          </ns3:TrackPointExtension>
        </extensions>
      </trkpt>
      <trkpt lat="36.70045950450003147125244140625" lon="137.8363496996462345123291015625">
        <ele>805.4000244140625</ele>
        <time>2023-10-07T06:42:16.000Z</time>
        <extensions>
          <ns3:TrackPointExtension>
            <ns3:atemp>13.0</ns3:atemp>
            <ns3:cad>61</ns3:cad>
          </ns3:TrackPointExtension>
        </extensions>
      </trkpt>
      <trkpt lat="36.70045338571071624755859375" lon="137.83633922226727008819580078125">
        <ele>805.4000244140625</ele>
        <time>2023-10-07T06:42:17.000Z</time>
        <extensions>
          <ns3:TrackPointExtension>
            <ns3:atemp>13.0</ns3:atemp>
            <ns3:cad>63</ns3:cad>
          </ns3:TrackPointExtension>
        </extensions>
      </trkpt>
      <trkpt lat="36.70044559054076671600341796875" lon="137.83632673323154449462890625">
        <ele>806</ele>
        <time>2023-10-07T06:42:18.000Z</time>
        <extensions>
          <ns3:TrackPointExtension>
            <ns3:atemp>13.0</ns3:atemp>
            <ns3:cad>68</ns3:cad>
          </ns3:TrackPointExtension>
        </extensions>
      </trkpt>
      <trkpt lat="36.7004404775798320770263671875" lon="137.836310975253582000732421875">
        <ele>806.20001220703125</ele>
        <time>2023-10-07T06:42:19.000Z</time>
        <extensions>
          <ns3:TrackPointExtension>
            <ns3:atemp>13.0</ns3:atemp>
            <ns3:cad>67</ns3:cad>
          </ns3:TrackPointExtension>
        </extensions>
      </trkpt>
      <trkpt lat="36.7004391364753246307373046875" lon="137.8362967260181903839111328125">
        <ele>806.4000244140625</ele>
        <time>2023-10-07T06:42:20.000Z</time>
        <extensions>
          <ns3:TrackPointExtension>
            <ns3:atemp>13.0</ns3:atemp>
            <ns3:cad>56</ns3:cad>
          </ns3:TrackPointExtension>
        </extensions>
      </trkpt>
      <trkpt lat="36.70043838210403919219970703125" lon="137.83628658391535282135009765625">
        <ele>806.5999755859375</ele>
        <time>2023-10-07T06:42:21.000Z</time>
        <extensions>
          <ns3:TrackPointExtension>
            <ns3:atemp>13.0</ns3:atemp>
            <ns3:cad>69</ns3:cad>
          </ns3:TrackPointExtension>
        </extensions>
      </trkpt>
      <trkpt lat="36.70043737627565860748291015625" lon="137.836272083222866058349609375">
        <ele>806.79998779296875</ele>
        <time>2023-10-07T06:42:22.000Z</time>
        <extensions>
          <ns3:TrackPointExtension>
            <ns3:atemp>13.0</ns3:atemp>
            <ns3:cad>63</ns3:cad>
          </ns3:TrackPointExtension>
        </extensions>
      </trkpt>
      <trkpt lat="36.7004351131618022918701171875" lon="137.8362507931888103485107421875">
        <ele>806.79998779296875</ele>
        <time>2023-10-07T06:42:23.000Z</time>
        <extensions>
          <ns3:TrackPointExtension>
            <ns3:atemp>13.0</ns3:atemp>
            <ns3:cad>66</ns3:cad>
          </ns3:TrackPointExtension>
        </extensions>
      </trkpt>
      <trkpt lat="36.70043033547699451446533203125" lon="137.836237214505672454833984375">
        <ele>807</ele>
        <time>2023-10-07T06:42:24.000Z</time>
        <extensions>
          <ns3:TrackPointExtension>
            <ns3:atemp>13.0</ns3:atemp>
            <ns3:cad>66</ns3:cad>
          </ns3:TrackPointExtension>
        </extensions>
      </trkpt>
      <trkpt lat="36.7004247196018695831298828125" lon="137.836220450699329376220703125">
        <ele>807.20001220703125</ele>
        <time>2023-10-07T06:42:25.000Z</time>
        <extensions>
          <ns3:TrackPointExtension>
            <ns3:atemp>13.0</ns3:atemp>
            <ns3:cad>64</ns3:cad>
          </ns3:TrackPointExtension>
        </extensions>
      </trkpt>
      <trkpt lat="36.70042362995445728302001953125" lon="137.8362098895013332366943359375">
        <ele>807.20001220703125</ele>
        <time>2023-10-07T06:42:26.000Z</time>
        <extensions>
          <ns3:TrackPointExtension>
            <ns3:atemp>13.0</ns3:atemp>
            <ns3:cad>64</ns3:cad>
          </ns3:TrackPointExtension>
        </extensions>
      </trkpt>
      <trkpt lat="36.70042119920253753662109375" lon="137.83619656227529048919677734375">
        <ele>807.5999755859375</ele>
        <time>2023-10-07T06:42:27.000Z</time>
        <extensions>
          <ns3:TrackPointExtension>
            <ns3:atemp>13.0</ns3:atemp>
            <ns3:cad>71</ns3:cad>
          </ns3:TrackPointExtension>
        </extensions>
      </trkpt>
      <trkpt lat="36.70041508041322231292724609375" lon="137.8361798822879791259765625">
        <ele>807.79998779296875</ele>
        <time>2023-10-07T06:42:28.000Z</time>
        <extensions>
          <ns3:TrackPointExtension>
            <ns3:atemp>13.0</ns3:atemp>
            <ns3:cad>65</ns3:cad>
          </ns3:TrackPointExtension>
        </extensions>
      </trkpt>
      <trkpt lat="36.70041156001389026641845703125" lon="137.83616454340517520904541015625">
        <ele>808</ele>
        <time>2023-10-07T06:42:29.000Z</time>
        <extensions>
          <ns3:TrackPointExtension>
            <ns3:atemp>13.0</ns3:atemp>
            <ns3:cad>63</ns3:cad>
          </ns3:TrackPointExtension>
        </extensions>
      </trkpt>
      <trkpt lat="36.70041047036647796630859375" lon="137.8361518867313861846923828125">
        <ele>808.20001220703125</ele>
        <time>2023-10-07T06:42:30.000Z</time>
        <extensions>
          <ns3:TrackPointExtension>
            <ns3:atemp>13.0</ns3:atemp>
            <ns3:cad>60</ns3:cad>
          </ns3:TrackPointExtension>
        </extensions>
      </trkpt>
      <trkpt lat="36.70041047036647796630859375" lon="137.836136631667613983154296875">
        <ele>808.4000244140625</ele>
        <time>2023-10-07T06:42:31.000Z</time>
        <extensions>
          <ns3:TrackPointExtension>
            <ns3:atemp>13.0</ns3:atemp>
            <ns3:cad>67</ns3:cad>
          </ns3:TrackPointExtension>
        </extensions>
      </trkpt>
      <trkpt lat="36.70040854252874851226806640625" lon="137.83611961640417575836181640625">
        <ele>808.5999755859375</ele>
        <time>2023-10-07T06:42:32.000Z</time>
        <extensions>
          <ns3:TrackPointExtension>
            <ns3:atemp>13.0</ns3:atemp>
            <ns3:cad>70</ns3:cad>
          </ns3:TrackPointExtension>
        </extensions>
      </trkpt>
      <trkpt lat="36.7004046030342578887939453125" lon="137.83610452897846698760986328125">
        <ele>809</ele>
        <time>2023-10-07T06:42:33.000Z</time>
        <extensions>
          <ns3:TrackPointExtension>
            <ns3:atemp>13.0</ns3:atemp>
            <ns3:cad>63</ns3:cad>
          </ns3:TrackPointExtension>
        </extensions>
      </trkpt>
      <trkpt lat="36.70040108263492584228515625" lon="137.8360871784389019012451171875">
        <ele>809.20001220703125</ele>
        <time>2023-10-07T06:42:34.000Z</time>
        <extensions>
          <ns3:TrackPointExtension>
            <ns3:atemp>13.0</ns3:atemp>
            <ns3:cad>69</ns3:cad>
          </ns3:TrackPointExtension>
        </extensions>
      </trkpt>
      <trkpt lat="36.7004022561013698577880859375" lon="137.83607569523155689239501953125">
        <ele>809.20001220703125</ele>
        <time>2023-10-07T06:42:35.000Z</time>
        <extensions>
          <ns3:TrackPointExtension>
            <ns3:atemp>13.0</ns3:atemp>
            <ns3:cad>66</ns3:cad>
          </ns3:TrackPointExtension>
        </extensions>
      </trkpt>
      <trkpt lat="36.7004032619297504425048828125" lon="137.836060859262943267822265625">
        <ele>809.79998779296875</ele>
        <time>2023-10-07T06:42:36.000Z</time>
        <extensions>
          <ns3:TrackPointExtension>
            <ns3:atemp>13.0</ns3:atemp>
            <ns3:cad>63</ns3:cad>
          </ns3:TrackPointExtension>
        </extensions>
      </trkpt>
      <trkpt lat="36.70040317811071872711181640625" lon="137.836045436561107635498046875">
        <ele>810</ele>
        <time>2023-10-07T06:42:37.000Z</time>
        <extensions>
          <ns3:TrackPointExtension>
            <ns3:atemp>13.0</ns3:atemp>
            <ns3:cad>53</ns3:cad>
          </ns3:TrackPointExtension>
        </extensions>
      </trkpt>
      <trkpt lat="36.7004046030342578887939453125" lon="137.83603512682020664215087890625">
        <ele>810.5999755859375</ele>
        <time>2023-10-07T06:42:38.000Z</time>
        <extensions>
          <ns3:TrackPointExtension>
            <ns3:atemp>13.0</ns3:atemp>
            <ns3:cad>66</ns3:cad>
          </ns3:TrackPointExtension>
        </extensions>
      </trkpt>
      <trkpt lat="36.7004044353961944580078125" lon="137.836021967232227325439453125">
        <ele>810.79998779296875</ele>
        <time>2023-10-07T06:42:39.000Z</time>
        <extensions>
          <ns3:TrackPointExtension>
            <ns3:atemp>13.0</ns3:atemp>
            <ns3:cad>73</ns3:cad>
          </ns3:TrackPointExtension>
        </extensions>
      </trkpt>
      <trkpt lat="36.70040518976747989654541015625" lon="137.8360028564929962158203125">
        <ele>811.20001220703125</ele>
        <time>2023-10-07T06:42:40.000Z</time>
        <extensions>
          <ns3:TrackPointExtension>
            <ns3:atemp>13.0</ns3:atemp>
            <ns3:cad>73</ns3:cad>
          </ns3:TrackPointExtension>
        </extensions>
      </trkpt>
      <trkpt lat="36.70040376484394073486328125" lon="137.8359825722873210906982421875">
        <ele>811.20001220703125</ele>
        <time>2023-10-07T06:42:41.000Z</time>
        <extensions>
          <ns3:TrackPointExtension>
            <ns3:atemp>13.0</ns3:atemp>
            <ns3:cad>78</ns3:cad>
          </ns3:TrackPointExtension>
        </extensions>
      </trkpt>
      <trkpt lat="36.70039982534945011138916015625" lon="137.8359684906899929046630859375">
        <ele>811.5999755859375</ele>
        <time>2023-10-07T06:42:42.000Z</time>
        <extensions>
          <ns3:TrackPointExtension>
            <ns3:atemp>13.0</ns3:atemp>
            <ns3:cad>69</ns3:cad>
          </ns3:TrackPointExtension>
        </extensions>
      </trkpt>
      <trkpt lat="36.70039513148367404937744140625" lon="137.83595248125493526458740234375">
        <ele>812.20001220703125</ele>
        <time>2023-10-07T06:42:43.000Z</time>
        <extensions>
          <ns3:TrackPointExtension>
            <ns3:atemp>13.0</ns3:atemp>
            <ns3:cad>70</ns3:cad>
          </ns3:TrackPointExtension>
        </extensions>
      </trkpt>
      <trkpt lat="36.70039328746497631072998046875" lon="137.83593781292438507080078125">
        <ele>812.20001220703125</ele>
        <time>2023-10-07T06:42:44.000Z</time>
        <extensions>
          <ns3:TrackPointExtension>
            <ns3:atemp>13.0</ns3:atemp>
            <ns3:cad>81</ns3:cad>
          </ns3:TrackPointExtension>
        </extensions>
      </trkpt>
      <trkpt lat="36.700388677418231964111328125" lon="137.83591995947062969207763671875">
        <ele>812.5999755859375</ele>
        <time>2023-10-07T06:42:45.000Z</time>
        <extensions>
          <ns3:TrackPointExtension>
            <ns3:atemp>13.0</ns3:atemp>
            <ns3:cad>78</ns3:cad>
          </ns3:TrackPointExtension>
        </extensions>
      </trkpt>
      <trkpt lat="36.70038239099085330963134765625" lon="137.83590160310268402099609375">
        <ele>812.5999755859375</ele>
        <time>2023-10-07T06:42:46.000Z</time>
        <extensions>
          <ns3:TrackPointExtension>
            <ns3:atemp>13.0</ns3:atemp>
            <ns3:cad>79</ns3:cad>
          </ns3:TrackPointExtension>
        </extensions>
      </trkpt>
      <trkpt lat="36.70037669129669666290283203125" lon="137.83587955869734287261962890625">
        <ele>812.79998779296875</ele>
        <time>2023-10-07T06:42:47.000Z</time>
        <extensions>
          <ns3:TrackPointExtension>
            <ns3:atemp>13.0</ns3:atemp>
            <ns3:cad>75</ns3:cad>
          </ns3:TrackPointExtension>
        </extensions>
      </trkpt>
      <trkpt lat="36.70037317089736461639404296875" lon="137.835863716900348663330078125">
        <ele>813</ele>
        <time>2023-10-07T06:42:48.000Z</time>
        <extensions>
          <ns3:TrackPointExtension>
            <ns3:atemp>13.0</ns3:atemp>
            <ns3:cad>63</ns3:cad>
          </ns3:TrackPointExtension>
        </extensions>
      </trkpt>
      <trkpt lat="36.7003677226603031158447265625" lon="137.83584686927497386932373046875">
        <ele>813.20001220703125</ele>
        <time>2023-10-07T06:42:49.000Z</time>
        <extensions>
          <ns3:TrackPointExtension>
            <ns3:atemp>13.0</ns3:atemp>
            <ns3:cad>82</ns3:cad>
          </ns3:TrackPointExtension>
        </extensions>
      </trkpt>
      <trkpt lat="36.70035841874778270721435546875" lon="137.8358263336122035980224609375">
        <ele>813.4000244140625</ele>
        <time>2023-10-07T06:42:50.000Z</time>
        <extensions>
          <ns3:TrackPointExtension>
            <ns3:atemp>13.0</ns3:atemp>
            <ns3:cad>80</ns3:cad>
          </ns3:TrackPointExtension>
        </extensions>
      </trkpt>
      <trkpt lat="36.70035288669168949127197265625" lon="137.83581283874809741973876953125">
        <ele>813.5999755859375</ele>
        <time>2023-10-07T06:42:51.000Z</time>
        <extensions>
          <ns3:TrackPointExtension>
            <ns3:atemp>13.0</ns3:atemp>
            <ns3:cad>84</ns3:cad>
          </ns3:TrackPointExtension>
        </extensions>
      </trkpt>
      <trkpt lat="36.70034433715045452117919921875" lon="137.8357958234846591949462890625">
        <ele>814</ele>
        <time>2023-10-07T06:42:52.000Z</time>
        <extensions>
          <ns3:TrackPointExtension>
            <ns3:atemp>13.0</ns3:atemp>
            <ns3:cad>85</ns3:cad>
          </ns3:TrackPointExtension>
        </extensions>
      </trkpt>
      <trkpt lat="36.70033763162791728973388671875" lon="137.83578551374375820159912109375">
        <ele>814.20001220703125</ele>
        <time>2023-10-07T06:42:53.000Z</time>
        <extensions>
          <ns3:TrackPointExtension>
            <ns3:atemp>13.0</ns3:atemp>
            <ns3:cad>78</ns3:cad>
          </ns3:TrackPointExtension>
        </extensions>
      </trkpt>
      <trkpt lat="36.7003261484205722808837890625" lon="137.83577478490769863128662109375">
        <ele>814.5999755859375</ele>
        <time>2023-10-07T06:42:54.000Z</time>
        <extensions>
          <ns3:TrackPointExtension>
            <ns3:atemp>13.0</ns3:atemp>
            <ns3:cad>65</ns3:cad>
          </ns3:TrackPointExtension>
        </extensions>
      </trkpt>
      <trkpt lat="36.7003100551664829254150390625" lon="137.83576154150068759918212890625">
        <ele>814.79998779296875</ele>
        <time>2023-10-07T06:42:55.000Z</time>
        <extensions>
          <ns3:TrackPointExtension>
            <ns3:atemp>13.0</ns3:atemp>
            <ns3:cad>79</ns3:cad>
          </ns3:TrackPointExtension>
        </extensions>
      </trkpt>
      <trkpt lat="36.700298152863979339599609375" lon="137.8357502259314060211181640625">
        <ele>815.20001220703125</ele>
        <time>2023-10-07T06:42:56.000Z</time>
        <extensions>
          <ns3:TrackPointExtension>
            <ns3:atemp>13.0</ns3:atemp>
            <ns3:cad>73</ns3:cad>
          </ns3:TrackPointExtension>
        </extensions>
      </trkpt>
      <trkpt lat="36.700287759304046630859375" lon="137.83574410714209079742431640625">
        <ele>815.5999755859375</ele>
        <time>2023-10-07T06:42:57.000Z</time>
        <extensions>
          <ns3:TrackPointExtension>
            <ns3:atemp>13.0</ns3:atemp>
            <ns3:cad>67</ns3:cad>
          </ns3:TrackPointExtension>
        </extensions>
      </trkpt>
      <trkpt lat="36.7002761922776699066162109375" lon="137.83573589287698268890380859375">
        <ele>816</ele>
        <time>2023-10-07T06:42:58.000Z</time>
        <extensions>
          <ns3:TrackPointExtension>
            <ns3:atemp>13.0</ns3:atemp>
            <ns3:cad>78</ns3:cad>
          </ns3:TrackPointExtension>
        </extensions>
      </trkpt>
      <trkpt lat="36.700257249176502227783203125" lon="137.83572751097381114959716796875">
        <ele>816.20001220703125</ele>
        <time>2023-10-07T06:42:59.000Z</time>
        <extensions>
          <ns3:TrackPointExtension>
            <ns3:atemp>13.0</ns3:atemp>
            <ns3:cad>79</ns3:cad>
          </ns3:TrackPointExtension>
        </extensions>
      </trkpt>
      <trkpt lat="36.7002450115978717803955078125" lon="137.8357250802218914031982421875">
        <ele>816.5999755859375</ele>
        <time>2023-10-07T06:43:00.000Z</time>
        <extensions>
          <ns3:TrackPointExtension>
            <ns3:atemp>13.0</ns3:atemp>
            <ns3:cad>70</ns3:cad>
          </ns3:TrackPointExtension>
        </extensions>
      </trkpt>
      <trkpt lat="36.7002312652766704559326171875" lon="137.835719883441925048828125">
        <ele>816.79998779296875</ele>
        <time>2023-10-07T06:43:01.000Z</time>
        <extensions>
          <ns3:TrackPointExtension>
            <ns3:atemp>13.0</ns3:atemp>
            <ns3:cad>69</ns3:cad>
          </ns3:TrackPointExtension>
        </extensions>
      </trkpt>
      <trkpt lat="36.70022112317383289337158203125" lon="137.83571762032806873321533203125">
        <ele>817</ele>
        <time>2023-10-07T06:43:02.000Z</time>
        <extensions>
          <ns3:TrackPointExtension>
            <ns3:atemp>13.0</ns3:atemp>
            <ns3:cad>72</ns3:cad>
          </ns3:TrackPointExtension>
        </extensions>
      </trkpt>
      <trkpt lat="36.70020821504294872283935546875" lon="137.8357140161097049713134765625">
        <ele>817.20001220703125</ele>
        <time>2023-10-07T06:43:03.000Z</time>
        <extensions>
          <ns3:TrackPointExtension>
            <ns3:atemp>13.0</ns3:atemp>
            <ns3:cad>66</ns3:cad>
          </ns3:TrackPointExtension>
        </extensions>
      </trkpt>
      <trkpt lat="36.70019094832241535186767578125" lon="137.83570605330169200897216796875">
        <ele>817.20001220703125</ele>
        <time>2023-10-07T06:43:04.000Z</time>
        <extensions>
          <ns3:TrackPointExtension>
            <ns3:atemp>13.0</ns3:atemp>
            <ns3:cad>69</ns3:cad>
          </ns3:TrackPointExtension>
        </extensions>
      </trkpt>
      <trkpt lat="36.7001772858202457427978515625" lon="137.8356985934078693389892578125">
        <ele>817.5999755859375</ele>
        <time>2023-10-07T06:43:05.000Z</time>
        <extensions>
          <ns3:TrackPointExtension>
            <ns3:atemp>13.0</ns3:atemp>
            <ns3:cad>63</ns3:cad>
          </ns3:TrackPointExtension>
        </extensions>
      </trkpt>
      <trkpt lat="36.70016773045063018798828125" lon="137.83569280989468097686767578125">
        <ele>817.79998779296875</ele>
        <time>2023-10-07T06:43:06.000Z</time>
        <extensions>
          <ns3:TrackPointExtension>
            <ns3:atemp>13.0</ns3:atemp>
            <ns3:cad>73</ns3:cad>
          </ns3:TrackPointExtension>
        </extensions>
      </trkpt>
      <trkpt lat="36.70015557669103145599365234375" lon="137.8356865234673023223876953125">
        <ele>818</ele>
        <time>2023-10-07T06:43:07.000Z</time>
        <extensions>
          <ns3:TrackPointExtension>
            <ns3:atemp>13.0</ns3:atemp>
            <ns3:cad>66</ns3:cad>
          </ns3:TrackPointExtension>
        </extensions>
      </trkpt>
      <trkpt lat="36.700143925845623016357421875" lon="137.83568157814443111419677734375">
        <ele>818.20001220703125</ele>
        <time>2023-10-07T06:43:08.000Z</time>
        <extensions>
          <ns3:TrackPointExtension>
            <ns3:atemp>13.0</ns3:atemp>
            <ns3:cad>75</ns3:cad>
          </ns3:TrackPointExtension>
        </extensions>
      </trkpt>
      <trkpt lat="36.7001310177147388458251953125" lon="137.835672609508037567138671875">
        <ele>818.5999755859375</ele>
        <time>2023-10-07T06:43:09.000Z</time>
        <extensions>
          <ns3:TrackPointExtension>
            <ns3:atemp>13.0</ns3:atemp>
            <ns3:cad>74</ns3:cad>
          </ns3:TrackPointExtension>
        </extensions>
      </trkpt>
      <trkpt lat="36.700119115412235260009765625" lon="137.83566095866262912750244140625">
        <ele>819</ele>
        <time>2023-10-07T06:43:10.000Z</time>
        <extensions>
          <ns3:TrackPointExtension>
            <ns3:atemp>13.0</ns3:atemp>
            <ns3:cad>72</ns3:cad>
          </ns3:TrackPointExtension>
        </extensions>
      </trkpt>
      <trkpt lat="36.7001031897962093353271484375" lon="137.83565140329301357269287109375">
        <ele>819.4000244140625</ele>
        <time>2023-10-07T06:43:11.000Z</time>
        <extensions>
          <ns3:TrackPointExtension>
            <ns3:atemp>13.0</ns3:atemp>
            <ns3:cad>72</ns3:cad>
          </ns3:TrackPointExtension>
        </extensions>
      </trkpt>
      <trkpt lat="36.70009103603661060333251953125" lon="137.8356456197798252105712890625">
        <ele>819.5999755859375</ele>
        <time>2023-10-07T06:43:12.000Z</time>
        <extensions>
          <ns3:TrackPointExtension>
            <ns3:atemp>13.0</ns3:atemp>
            <ns3:cad>61</ns3:cad>
          </ns3:TrackPointExtension>
        </extensions>
      </trkpt>
      <trkpt lat="36.70007645152509212493896484375" lon="137.8356426022946834564208984375">
        <ele>819.79998779296875</ele>
        <time>2023-10-07T06:43:13.000Z</time>
        <extensions>
          <ns3:TrackPointExtension>
            <ns3:atemp>13.0</ns3:atemp>
            <ns3:cad>72</ns3:cad>
          </ns3:TrackPointExtension>
        </extensions>
      </trkpt>
      <trkpt lat="36.70006404630839824676513671875" lon="137.83563815988600254058837890625">
        <ele>820.20001220703125</ele>
        <time>2023-10-07T06:43:14.000Z</time>
        <extensions>
          <ns3:TrackPointExtension>
            <ns3:atemp>13.0</ns3:atemp>
            <ns3:cad>82</ns3:cad>
          </ns3:TrackPointExtension>
        </extensions>
      </trkpt>
      <trkpt lat="36.70005482621490955352783203125" lon="137.8356315381824970245361328125">
        <ele>820.4000244140625</ele>
        <time>2023-10-07T06:43:15.000Z</time>
        <extensions>
          <ns3:TrackPointExtension>
            <ns3:atemp>13.0</ns3:atemp>
            <ns3:cad>66</ns3:cad>
          </ns3:TrackPointExtension>
        </extensions>
      </trkpt>
      <trkpt lat="36.70004409737884998321533203125" lon="137.83562608994543552398681640625">
        <ele>820.79998779296875</ele>
        <time>2023-10-07T06:43:16.000Z</time>
        <extensions>
          <ns3:TrackPointExtension>
            <ns3:atemp>13.0</ns3:atemp>
            <ns3:cad>52</ns3:cad>
          </ns3:TrackPointExtension>
        </extensions>
      </trkpt>
      <trkpt lat="36.7000329494476318359375" lon="137.83562206663191318511962890625">
        <ele>821</ele>
        <time>2023-10-07T06:43:17.000Z</time>
        <extensions>
          <ns3:TrackPointExtension>
            <ns3:atemp>13.0</ns3:atemp>
            <ns3:cad>51</ns3:cad>
          </ns3:TrackPointExtension>
        </extensions>
      </trkpt>
      <trkpt lat="36.70002263970673084259033203125" lon="137.83562089316546916961669921875">
        <ele>821.5999755859375</ele>
        <time>2023-10-07T06:43:18.000Z</time>
        <extensions>
          <ns3:TrackPointExtension>
            <ns3:atemp>13.0</ns3:atemp>
            <ns3:cad>51</ns3:cad>
          </ns3:TrackPointExtension>
        </extensions>
      </trkpt>
      <trkpt lat="36.7000083066523075103759765625" lon="137.8356231562793254852294921875">
        <ele>821.5999755859375</ele>
        <time>2023-10-07T06:43:19.000Z</time>
        <extensions>
          <ns3:TrackPointExtension>
            <ns3:atemp>13.0</ns3:atemp>
            <ns3:cad>52</ns3:cad>
          </ns3:TrackPointExtension>
        </extensions>
      </trkpt>
      <trkpt lat="36.69999833218753337860107421875" lon="137.835627682507038116455078125">
        <ele>821.79998779296875</ele>
        <time>2023-10-07T06:43:20.000Z</time>
        <extensions>
          <ns3:TrackPointExtension>
            <ns3:atemp>13.0</ns3:atemp>
            <ns3:cad>52</ns3:cad>
          </ns3:TrackPointExtension>
        </extensions>
      </trkpt>
      <trkpt lat="36.699983663856983184814453125" lon="137.8356382437050342559814453125">
        <ele>822</ele>
        <time>2023-10-07T06:43:21.000Z</time>
        <extensions>
          <ns3:TrackPointExtension>
            <ns3:atemp>13.0</ns3:atemp>
            <ns3:cad>49</ns3:cad>
          </ns3:TrackPointExtension>
        </extensions>
      </trkpt>
      <trkpt lat="36.69996581040322780609130859375" lon="137.8356513194739818572998046875">
        <ele>822.20001220703125</ele>
        <time>2023-10-07T06:43:22.000Z</time>
        <extensions>
          <ns3:TrackPointExtension>
            <ns3:atemp>13.0</ns3:atemp>
            <ns3:cad>45</ns3:cad>
          </ns3:TrackPointExtension>
        </extensions>
      </trkpt>
      <trkpt lat="36.69995290227234363555908203125" lon="137.83566012047231197357177734375">
        <ele>822.20001220703125</ele>
        <time>2023-10-07T06:43:23.000Z</time>
        <extensions>
          <ns3:TrackPointExtension>
            <ns3:atemp>13.0</ns3:atemp>
            <ns3:cad>45</ns3:cad>
          </ns3:TrackPointExtension>
        </extensions>
      </trkpt>
      <trkpt lat="36.6999412514269351959228515625" lon="137.83566967584192752838134765625">
        <ele>822.4000244140625</ele>
        <time>2023-10-07T06:43:24.000Z</time>
        <extensions>
          <ns3:TrackPointExtension>
            <ns3:atemp>13.0</ns3:atemp>
            <ns3:cad>37</ns3:cad>
          </ns3:TrackPointExtension>
        </extensions>
      </trkpt>
      <trkpt lat="36.69993094168603420257568359375" lon="137.83568006940186023712158203125">
        <ele>822.4000244140625</ele>
        <time>2023-10-07T06:43:25.000Z</time>
        <extensions>
          <ns3:TrackPointExtension>
            <ns3:atemp>13.0</ns3:atemp>
            <ns3:cad>42</ns3:cad>
          </ns3:TrackPointExtension>
        </extensions>
      </trkpt>
      <trkpt lat="36.699918620288372039794921875" lon="137.83569482155144214630126953125">
        <ele>822.4000244140625</ele>
        <time>2023-10-07T06:43:26.000Z</time>
        <extensions>
          <ns3:TrackPointExtension>
            <ns3:atemp>13.0</ns3:atemp>
            <ns3:cad>42</ns3:cad>
          </ns3:TrackPointExtension>
        </extensions>
      </trkpt>
      <trkpt lat="36.6999097354710102081298828125" lon="137.83570437692105770111083984375">
        <ele>822.4000244140625</ele>
        <time>2023-10-07T06:43:27.000Z</time>
        <extensions>
          <ns3:TrackPointExtension>
            <ns3:atemp>13.0</ns3:atemp>
            <ns3:cad>42</ns3:cad>
          </ns3:TrackPointExtension>
        </extensions>
      </trkpt>
      <trkpt lat="36.6998959891498088836669921875" lon="137.83571627922356128692626953125">
        <ele>822.4000244140625</ele>
        <time>2023-10-07T06:43:28.000Z</time>
        <extensions>
          <ns3:TrackPointExtension>
            <ns3:atemp>13.0</ns3:atemp>
            <ns3:cad>41</ns3:cad>
          </ns3:TrackPointExtension>
        </extensions>
      </trkpt>
      <trkpt lat="36.6998849250376224517822265625" lon="137.8357234038412570953369140625">
        <ele>822.5999755859375</ele>
        <time>2023-10-07T06:43:29.000Z</time>
        <extensions>
          <ns3:TrackPointExtension>
            <ns3:atemp>13.0</ns3:atemp>
            <ns3:cad>43</ns3:cad>
          </ns3:TrackPointExtension>
        </extensions>
      </trkpt>
      <trkpt lat="36.69987310655415058135986328125" lon="137.83572918735444545745849609375">
        <ele>822.5999755859375</ele>
        <time>2023-10-07T06:43:30.000Z</time>
        <extensions>
          <ns3:TrackPointExtension>
            <ns3:atemp>13.0</ns3:atemp>
            <ns3:cad>43</ns3:cad>
          </ns3:TrackPointExtension>
        </extensions>
      </trkpt>
      <trkpt lat="36.6998601146042346954345703125" lon="137.83573270775377750396728515625">
        <ele>822.5999755859375</ele>
        <time>2023-10-07T06:43:31.000Z</time>
        <extensions>
          <ns3:TrackPointExtension>
            <ns3:atemp>13.0</ns3:atemp>
            <ns3:cad>43</ns3:cad>
          </ns3:TrackPointExtension>
        </extensions>
      </trkpt>
      <trkpt lat="36.69984578154981136322021484375" lon="137.83573840744793415069580078125">
        <ele>822.5999755859375</ele>
        <time>2023-10-07T06:43:32.000Z</time>
        <extensions>
          <ns3:TrackPointExtension>
            <ns3:atemp>13.0</ns3:atemp>
            <ns3:cad>46</ns3:cad>
          </ns3:TrackPointExtension>
        </extensions>
      </trkpt>
      <trkpt lat="36.69983270578086376190185546875" lon="137.8357441909611225128173828125">
        <ele>822.5999755859375</ele>
        <time>2023-10-07T06:43:33.000Z</time>
        <extensions>
          <ns3:TrackPointExtension>
            <ns3:atemp>13.0</ns3:atemp>
            <ns3:cad>50</ns3:cad>
          </ns3:TrackPointExtension>
        </extensions>
      </trkpt>
      <trkpt lat="36.69981996528804302215576171875" lon="137.83574930392205715179443359375">
        <ele>822.79998779296875</ele>
        <time>2023-10-07T06:43:34.000Z</time>
        <extensions>
          <ns3:TrackPointExtension>
            <ns3:atemp>13.0</ns3:atemp>
            <ns3:cad>53</ns3:cad>
          </ns3:TrackPointExtension>
        </extensions>
      </trkpt>
      <trkpt lat="36.6998074762523174285888671875" lon="137.8357549197971820831298828125">
        <ele>822.79998779296875</ele>
        <time>2023-10-07T06:43:35.000Z</time>
        <extensions>
          <ns3:TrackPointExtension>
            <ns3:atemp>13.0</ns3:atemp>
            <ns3:cad>51</ns3:cad>
          </ns3:TrackPointExtension>
        </extensions>
      </trkpt>
      <trkpt lat="36.699793897569179534912109375" lon="137.8357622958719730377197265625">
        <ele>822.79998779296875</ele>
        <time>2023-10-07T06:43:36.000Z</time>
        <extensions>
          <ns3:TrackPointExtension>
            <ns3:atemp>13.0</ns3:atemp>
            <ns3:cad>53</ns3:cad>
          </ns3:TrackPointExtension>
        </extensions>
      </trkpt>
      <trkpt lat="36.69978082180023193359375" lon="137.8357708454132080078125">
        <ele>822.79998779296875</ele>
        <time>2023-10-07T06:43:37.000Z</time>
        <extensions>
          <ns3:TrackPointExtension>
            <ns3:atemp>13.0</ns3:atemp>
            <ns3:cad>55</ns3:cad>
          </ns3:TrackPointExtension>
        </extensions>
      </trkpt>
      <trkpt lat="36.699765063822269439697265625" lon="137.835777886211872100830078125">
        <ele>823</ele>
        <time>2023-10-07T06:43:38.000Z</time>
        <extensions>
          <ns3:TrackPointExtension>
            <ns3:atemp>13.0</ns3:atemp>
            <ns3:cad>57</ns3:cad>
          </ns3:TrackPointExtension>
        </extensions>
      </trkpt>
      <trkpt lat="36.69974771328270435333251953125" lon="137.8357797302305698394775390625">
        <ele>823</ele>
        <time>2023-10-07T06:43:39.000Z</time>
        <extensions>
          <ns3:TrackPointExtension>
            <ns3:atemp>13.0</ns3:atemp>
            <ns3:cad>57</ns3:cad>
          </ns3:TrackPointExtension>
        </extensions>
      </trkpt>
      <trkpt lat="36.6997330449521541595458984375" lon="137.835783250629901885986328125">
        <ele>823</ele>
        <time>2023-10-07T06:43:40.000Z</time>
        <extensions>
          <ns3:TrackPointExtension>
            <ns3:atemp>13.0</ns3:atemp>
            <ns3:cad>51</ns3:cad>
          </ns3:TrackPointExtension>
        </extensions>
      </trkpt>
      <trkpt lat="36.6997186280786991119384765625" lon="137.835789956152439117431640625">
        <ele>823.20001220703125</ele>
        <time>2023-10-07T06:43:41.000Z</time>
        <extensions>
          <ns3:TrackPointExtension>
            <ns3:atemp>13.0</ns3:atemp>
            <ns3:cad>51</ns3:cad>
          </ns3:TrackPointExtension>
        </extensions>
      </trkpt>
      <trkpt lat="36.6997052170336246490478515625" lon="137.835797332227230072021484375">
        <ele>823.20001220703125</ele>
        <time>2023-10-07T06:43:42.000Z</time>
        <extensions>
          <ns3:TrackPointExtension>
            <ns3:atemp>13.0</ns3:atemp>
            <ns3:cad>46</ns3:cad>
          </ns3:TrackPointExtension>
        </extensions>
      </trkpt>
      <trkpt lat="36.69969323091208934783935546875" lon="137.83580378629267215728759765625">
        <ele>823.20001220703125</ele>
        <time>2023-10-07T06:43:43.000Z</time>
        <extensions>
          <ns3:TrackPointExtension>
            <ns3:atemp>13.0</ns3:atemp>
            <ns3:cad>53</ns3:cad>
          </ns3:TrackPointExtension>
        </extensions>
      </trkpt>
      <trkpt lat="36.6996802389621734619140625" lon="137.83581082709133625030517578125">
        <ele>823.4000244140625</ele>
        <time>2023-10-07T06:43:44.000Z</time>
        <extensions>
          <ns3:TrackPointExtension>
            <ns3:atemp>13.0</ns3:atemp>
            <ns3:cad>53</ns3:cad>
          </ns3:TrackPointExtension>
        </extensions>
      </trkpt>
      <trkpt lat="36.6996680013835430145263671875" lon="137.8358186222612857818603515625">
        <ele>823.4000244140625</ele>
        <time>2023-10-07T06:43:45.000Z</time>
        <extensions>
          <ns3:TrackPointExtension>
            <ns3:atemp>13.0</ns3:atemp>
            <ns3:cad>42</ns3:cad>
          </ns3:TrackPointExtension>
        </extensions>
      </trkpt>
      <trkpt lat="36.69965811073780059814453125" lon="137.83582541160285472869873046875">
        <ele>823.4000244140625</ele>
        <time>2023-10-07T06:43:46.000Z</time>
        <extensions>
          <ns3:TrackPointExtension>
            <ns3:atemp>13.0</ns3:atemp>
            <ns3:cad>0</ns3:cad>
          </ns3:TrackPointExtension>
        </extensions>
      </trkpt>
      <trkpt lat="36.69965383596718311309814453125" lon="137.835828848183155059814453125">
        <ele>823.5999755859375</ele>
        <time>2023-10-07T06:43:47.000Z</time>
        <extensions>
          <ns3:TrackPointExtension>
            <ns3:atemp>13.0</ns3:atemp>
            <ns3:cad>0</ns3:cad>
          </ns3:TrackPointExtension>
        </extensions>
      </trkpt>
      <trkpt lat="36.69965383596718311309814453125" lon="137.835828848183155059814453125">
        <ele>823.5999755859375</ele>
        <time>2023-10-07T06:43:48.000Z</time>
        <extensions>
          <ns3:TrackPointExtension>
            <ns3:atemp>13.0</ns3:atemp>
            <ns3:cad>0</ns3:cad>
          </ns3:TrackPointExtension>
        </extensions>
      </trkpt>
      <trkpt lat="36.69965383596718311309814453125" lon="137.835828848183155059814453125">
        <ele>823.5999755859375</ele>
        <time>2023-10-07T06:43:49.000Z</time>
        <extensions>
          <ns3:TrackPointExtension>
            <ns3:atemp>13.0</ns3:atemp>
            <ns3:cad>0</ns3:cad>
          </ns3:TrackPointExtension>
        </extensions>
      </trkpt>
      <trkpt lat="36.69965383596718311309814453125" lon="137.835828848183155059814453125">
        <ele>823.5999755859375</ele>
        <time>2023-10-07T06:43:50.000Z</time>
        <extensions>
          <ns3:TrackPointExtension>
            <ns3:atemp>13.0</ns3:atemp>
            <ns3:cad>0</ns3:cad>
          </ns3:TrackPointExtension>
        </extensions>
      </trkpt>
      <trkpt lat="36.69965383596718311309814453125" lon="137.835828848183155059814453125">
        <ele>823.79998779296875</ele>
        <time>2023-10-07T06:43:51.000Z</time>
        <extensions>
          <ns3:TrackPointExtension>
            <ns3:atemp>13.0</ns3:atemp>
            <ns3:cad>0</ns3:cad>
          </ns3:TrackPointExtension>
        </extensions>
      </trkpt>
      <trkpt lat="36.69965383596718311309814453125" lon="137.835828848183155059814453125">
        <ele>823.79998779296875</ele>
        <time>2023-10-07T06:43:52.000Z</time>
        <extensions>
          <ns3:TrackPointExtension>
            <ns3:atemp>13.0</ns3:atemp>
            <ns3:cad>0</ns3:cad>
          </ns3:TrackPointExtension>
        </extensions>
      </trkpt>
      <trkpt lat="36.69965383596718311309814453125" lon="137.835828848183155059814453125">
        <ele>823.79998779296875</ele>
        <time>2023-10-07T06:43:53.000Z</time>
        <extensions>
          <ns3:TrackPointExtension>
            <ns3:atemp>13.0</ns3:atemp>
            <ns3:cad>0</ns3:cad>
          </ns3:TrackPointExtension>
        </extensions>
      </trkpt>
      <trkpt lat="36.69965383596718311309814453125" lon="137.835828848183155059814453125">
        <ele>823.79998779296875</ele>
        <time>2023-10-07T06:43:54.000Z</time>
        <extensions>
          <ns3:TrackPointExtension>
            <ns3:atemp>13.0</ns3:atemp>
            <ns3:cad>0</ns3:cad>
          </ns3:TrackPointExtension>
        </extensions>
      </trkpt>
      <trkpt lat="36.69965383596718311309814453125" lon="137.835828848183155059814453125">
        <ele>823.79998779296875</ele>
        <time>2023-10-07T06:43:55.000Z</time>
        <extensions>
          <ns3:TrackPointExtension>
            <ns3:atemp>13.0</ns3:atemp>
            <ns3:cad>0</ns3:cad>
          </ns3:TrackPointExtension>
        </extensions>
      </trkpt>
      <trkpt lat="36.69965383596718311309814453125" lon="137.835828848183155059814453125">
        <ele>823.79998779296875</ele>
        <time>2023-10-07T06:43:56.000Z</time>
        <extensions>
          <ns3:TrackPointExtension>
            <ns3:atemp>13.0</ns3:atemp>
            <ns3:cad>0</ns3:cad>
          </ns3:TrackPointExtension>
        </extensions>
      </trkpt>
      <trkpt lat="36.69965383596718311309814453125" lon="137.835828848183155059814453125">
        <ele>823.79998779296875</ele>
        <time>2023-10-07T06:43:57.000Z</time>
        <extensions>
          <ns3:TrackPointExtension>
            <ns3:atemp>13.0</ns3:atemp>
            <ns3:cad>0</ns3:cad>
          </ns3:TrackPointExtension>
        </extensions>
      </trkpt>
      <trkpt lat="36.69965383596718311309814453125" lon="137.835828848183155059814453125">
        <ele>823.79998779296875</ele>
        <time>2023-10-07T06:43:58.000Z</time>
        <extensions>
          <ns3:TrackPointExtension>
            <ns3:atemp>13.0</ns3:atemp>
            <ns3:cad>0</ns3:cad>
          </ns3:TrackPointExtension>
        </extensions>
      </trkpt>
      <trkpt lat="36.69965383596718311309814453125" lon="137.835828848183155059814453125">
        <ele>823.79998779296875</ele>
        <time>2023-10-07T06:43:59.000Z</time>
        <extensions>
          <ns3:TrackPointExtension>
            <ns3:atemp>13.0</ns3:atemp>
            <ns3:cad>0</ns3:cad>
          </ns3:TrackPointExtension>
        </extensions>
      </trkpt>
      <trkpt lat="36.69965383596718311309814453125" lon="137.835828848183155059814453125">
        <ele>823.79998779296875</ele>
        <time>2023-10-07T06:44:00.000Z</time>
        <extensions>
          <ns3:TrackPointExtension>
            <ns3:atemp>13.0</ns3:atemp>
            <ns3:cad>0</ns3:cad>
          </ns3:TrackPointExtension>
        </extensions>
      </trkpt>
      <trkpt lat="36.69965383596718311309814453125" lon="137.835828848183155059814453125">
        <ele>823.79998779296875</ele>
        <time>2023-10-07T06:44:01.000Z</time>
        <extensions>
          <ns3:TrackPointExtension>
            <ns3:atemp>13.0</ns3:atemp>
            <ns3:cad>0</ns3:cad>
          </ns3:TrackPointExtension>
        </extensions>
      </trkpt>
      <trkpt lat="36.69965383596718311309814453125" lon="137.835828848183155059814453125">
        <ele>823.79998779296875</ele>
        <time>2023-10-07T06:44:02.000Z</time>
        <extensions>
          <ns3:TrackPointExtension>
            <ns3:atemp>13.0</ns3:atemp>
            <ns3:cad>0</ns3:cad>
          </ns3:TrackPointExtension>
        </extensions>
      </trkpt>
      <trkpt lat="36.69965383596718311309814453125" lon="137.835828848183155059814453125">
        <ele>823.79998779296875</ele>
        <time>2023-10-07T06:44:03.000Z</time>
        <extensions>
          <ns3:TrackPointExtension>
            <ns3:atemp>13.0</ns3:atemp>
            <ns3:cad>0</ns3:cad>
          </ns3:TrackPointExtension>
        </extensions>
      </trkpt>
      <trkpt lat="36.69965383596718311309814453125" lon="137.835828848183155059814453125">
        <ele>823.79998779296875</ele>
        <time>2023-10-07T06:44:04.000Z</time>
        <extensions>
          <ns3:TrackPointExtension>
            <ns3:atemp>13.0</ns3:atemp>
            <ns3:cad>0</ns3:cad>
          </ns3:TrackPointExtension>
        </extensions>
      </trkpt>
      <trkpt lat="36.69965383596718311309814453125" lon="137.835828848183155059814453125">
        <ele>823.79998779296875</ele>
        <time>2023-10-07T06:44:05.000Z</time>
        <extensions>
          <ns3:TrackPointExtension>
            <ns3:atemp>13.0</ns3:atemp>
            <ns3:cad>0</ns3:cad>
          </ns3:TrackPointExtension>
        </extensions>
      </trkpt>
      <trkpt lat="36.69965383596718311309814453125" lon="137.835828848183155059814453125">
        <ele>824</ele>
        <time>2023-10-07T06:44:06.000Z</time>
        <extensions>
          <ns3:TrackPointExtension>
            <ns3:atemp>13.0</ns3:atemp>
            <ns3:cad>0</ns3:cad>
          </ns3:TrackPointExtension>
        </extensions>
      </trkpt>
      <trkpt lat="36.69965383596718311309814453125" lon="137.835828848183155059814453125">
        <ele>824</ele>
        <time>2023-10-07T06:44:07.000Z</time>
        <extensions>
          <ns3:TrackPointExtension>
            <ns3:atemp>13.0</ns3:atemp>
            <ns3:cad>0</ns3:cad>
          </ns3:TrackPointExtension>
        </extensions>
      </trkpt>
      <trkpt lat="36.69965383596718311309814453125" lon="137.835828848183155059814453125">
        <ele>824</ele>
        <time>2023-10-07T06:44:08.000Z</time>
        <extensions>
          <ns3:TrackPointExtension>
            <ns3:atemp>13.0</ns3:atemp>
            <ns3:cad>0</ns3:cad>
          </ns3:TrackPointExtension>
        </extensions>
      </trkpt>
      <trkpt lat="36.69965383596718311309814453125" lon="137.835828848183155059814453125">
        <ele>824</ele>
        <time>2023-10-07T06:44:09.000Z</time>
        <extensions>
          <ns3:TrackPointExtension>
            <ns3:atemp>13.0</ns3:atemp>
            <ns3:cad>0</ns3:cad>
          </ns3:TrackPointExtension>
        </extensions>
      </trkpt>
      <trkpt lat="36.69965383596718311309814453125" lon="137.835828848183155059814453125">
        <ele>824</ele>
        <time>2023-10-07T06:44:10.000Z</time>
        <extensions>
          <ns3:TrackPointExtension>
            <ns3:atemp>13.0</ns3:atemp>
            <ns3:cad>0</ns3:cad>
          </ns3:TrackPointExtension>
        </extensions>
      </trkpt>
      <trkpt lat="36.69965383596718311309814453125" lon="137.835828848183155059814453125">
        <ele>824</ele>
        <time>2023-10-07T06:44:11.000Z</time>
        <extensions>
          <ns3:TrackPointExtension>
            <ns3:atemp>13.0</ns3:atemp>
            <ns3:cad>0</ns3:cad>
          </ns3:TrackPointExtension>
        </extensions>
      </trkpt>
      <trkpt lat="36.69965383596718311309814453125" lon="137.835828848183155059814453125">
        <ele>824</ele>
        <time>2023-10-07T06:44:12.000Z</time>
        <extensions>
          <ns3:TrackPointExtension>
            <ns3:atemp>13.0</ns3:atemp>
            <ns3:cad>0</ns3:cad>
          </ns3:TrackPointExtension>
        </extensions>
      </trkpt>
      <trkpt lat="36.69965383596718311309814453125" lon="137.835828848183155059814453125">
        <ele>824</ele>
        <time>2023-10-07T06:44:13.000Z</time>
        <extensions>
          <ns3:TrackPointExtension>
            <ns3:atemp>13.0</ns3:atemp>
            <ns3:cad>0</ns3:cad>
          </ns3:TrackPointExtension>
        </extensions>
      </trkpt>
      <trkpt lat="36.69965383596718311309814453125" lon="137.835828848183155059814453125">
        <ele>824</ele>
        <time>2023-10-07T06:44:14.000Z</time>
        <extensions>
          <ns3:TrackPointExtension>
            <ns3:atemp>13.0</ns3:atemp>
            <ns3:cad>0</ns3:cad>
          </ns3:TrackPointExtension>
        </extensions>
      </trkpt>
      <trkpt lat="36.69965383596718311309814453125" lon="137.835828848183155059814453125">
        <ele>824</ele>
        <time>2023-10-07T06:44:15.000Z</time>
        <extensions>
          <ns3:TrackPointExtension>
            <ns3:atemp>13.0</ns3:atemp>
            <ns3:cad>0</ns3:cad>
          </ns3:TrackPointExtension>
        </extensions>
      </trkpt>
      <trkpt lat="36.69965383596718311309814453125" lon="137.835828848183155059814453125">
        <ele>824</ele>
        <time>2023-10-07T06:44:16.000Z</time>
        <extensions>
          <ns3:TrackPointExtension>
            <ns3:atemp>13.0</ns3:atemp>
            <ns3:cad>0</ns3:cad>
          </ns3:TrackPointExtension>
        </extensions>
      </trkpt>
      <trkpt lat="36.69965383596718311309814453125" lon="137.835828848183155059814453125">
        <ele>824</ele>
        <time>2023-10-07T06:44:17.000Z</time>
        <extensions>
          <ns3:TrackPointExtension>
            <ns3:atemp>13.0</ns3:atemp>
            <ns3:cad>0</ns3:cad>
          </ns3:TrackPointExtension>
        </extensions>
      </trkpt>
      <trkpt lat="36.69965383596718311309814453125" lon="137.835828848183155059814453125">
        <ele>824</ele>
        <time>2023-10-07T06:44:18.000Z</time>
        <extensions>
          <ns3:TrackPointExtension>
            <ns3:atemp>13.0</ns3:atemp>
            <ns3:cad>0</ns3:cad>
          </ns3:TrackPointExtension>
        </extensions>
      </trkpt>
      <trkpt lat="36.69965383596718311309814453125" lon="137.835828848183155059814453125">
        <ele>824.20001220703125</ele>
        <time>2023-10-07T06:44:19.000Z</time>
        <extensions>
          <ns3:TrackPointExtension>
            <ns3:atemp>13.0</ns3:atemp>
            <ns3:cad>0</ns3:cad>
          </ns3:TrackPointExtension>
        </extensions>
      </trkpt>
      <trkpt lat="36.69965383596718311309814453125" lon="137.835828848183155059814453125">
        <ele>824.20001220703125</ele>
        <time>2023-10-07T06:44:20.000Z</time>
        <extensions>
          <ns3:TrackPointExtension>
            <ns3:atemp>13.0</ns3:atemp>
            <ns3:cad>0</ns3:cad>
          </ns3:TrackPointExtension>
        </extensions>
      </trkpt>
      <trkpt lat="36.69965383596718311309814453125" lon="137.835828848183155059814453125">
        <ele>824.20001220703125</ele>
        <time>2023-10-07T06:44:21.000Z</time>
        <extensions>
          <ns3:TrackPointExtension>
            <ns3:atemp>13.0</ns3:atemp>
            <ns3:cad>0</ns3:cad>
          </ns3:TrackPointExtension>
        </extensions>
      </trkpt>
      <trkpt lat="36.69965383596718311309814453125" lon="137.835828848183155059814453125">
        <ele>824.20001220703125</ele>
        <time>2023-10-07T06:44:22.000Z</time>
        <extensions>
          <ns3:TrackPointExtension>
            <ns3:atemp>13.0</ns3:atemp>
            <ns3:cad>0</ns3:cad>
          </ns3:TrackPointExtension>
        </extensions>
      </trkpt>
      <trkpt lat="36.69965383596718311309814453125" lon="137.835828848183155059814453125">
        <ele>824.20001220703125</ele>
        <time>2023-10-07T06:44:23.000Z</time>
        <extensions>
          <ns3:TrackPointExtension>
            <ns3:atemp>13.0</ns3:atemp>
            <ns3:cad>0</ns3:cad>
          </ns3:TrackPointExtension>
        </extensions>
      </trkpt>
      <trkpt lat="36.69965383596718311309814453125" lon="137.835828848183155059814453125">
        <ele>824.4000244140625</ele>
        <time>2023-10-07T06:44:24.000Z</time>
        <extensions>
          <ns3:TrackPointExtension>
            <ns3:atemp>13.0</ns3:atemp>
            <ns3:cad>0</ns3:cad>
          </ns3:TrackPointExtension>
        </extensions>
      </trkpt>
      <trkpt lat="36.69965383596718311309814453125" lon="137.835828848183155059814453125">
        <ele>824.4000244140625</ele>
        <time>2023-10-07T06:44:25.000Z</time>
        <extensions>
          <ns3:TrackPointExtension>
            <ns3:atemp>13.0</ns3:atemp>
            <ns3:cad>0</ns3:cad>
          </ns3:TrackPointExtension>
        </extensions>
      </trkpt>
      <trkpt lat="36.69965383596718311309814453125" lon="137.835828848183155059814453125">
        <ele>824.4000244140625</ele>
        <time>2023-10-07T06:44:26.000Z</time>
        <extensions>
          <ns3:TrackPointExtension>
            <ns3:atemp>13.0</ns3:atemp>
            <ns3:cad>0</ns3:cad>
          </ns3:TrackPointExtension>
        </extensions>
      </trkpt>
      <trkpt lat="36.69965383596718311309814453125" lon="137.835828848183155059814453125">
        <ele>824.4000244140625</ele>
        <time>2023-10-07T06:44:27.000Z</time>
        <extensions>
          <ns3:TrackPointExtension>
            <ns3:atemp>13.0</ns3:atemp>
            <ns3:cad>0</ns3:cad>
          </ns3:TrackPointExtension>
        </extensions>
      </trkpt>
      <trkpt lat="36.69965383596718311309814453125" lon="137.835828848183155059814453125">
        <ele>824.4000244140625</ele>
        <time>2023-10-07T06:44:28.000Z</time>
        <extensions>
          <ns3:TrackPointExtension>
            <ns3:atemp>13.0</ns3:atemp>
            <ns3:cad>0</ns3:cad>
          </ns3:TrackPointExtension>
        </extensions>
      </trkpt>
      <trkpt lat="36.69965383596718311309814453125" lon="137.835828848183155059814453125">
        <ele>824.20001220703125</ele>
        <time>2023-10-07T06:44:29.000Z</time>
        <extensions>
          <ns3:TrackPointExtension>
            <ns3:atemp>13.0</ns3:atemp>
            <ns3:cad>0</ns3:cad>
          </ns3:TrackPointExtension>
        </extensions>
      </trkpt>
      <trkpt lat="36.69965383596718311309814453125" lon="137.835828848183155059814453125">
        <ele>824.20001220703125</ele>
        <time>2023-10-07T06:44:30.000Z</time>
        <extensions>
          <ns3:TrackPointExtension>
            <ns3:atemp>13.0</ns3:atemp>
            <ns3:cad>0</ns3:cad>
          </ns3:TrackPointExtension>
        </extensions>
      </trkpt>
      <trkpt lat="36.69965383596718311309814453125" lon="137.835828848183155059814453125">
        <ele>824.20001220703125</ele>
        <time>2023-10-07T06:44:31.000Z</time>
        <extensions>
          <ns3:TrackPointExtension>
            <ns3:atemp>13.0</ns3:atemp>
            <ns3:cad>0</ns3:cad>
          </ns3:TrackPointExtension>
        </extensions>
      </trkpt>
      <trkpt lat="36.69965383596718311309814453125" lon="137.835828848183155059814453125">
        <ele>824.20001220703125</ele>
        <time>2023-10-07T06:44:32.000Z</time>
        <extensions>
          <ns3:TrackPointExtension>
            <ns3:atemp>13.0</ns3:atemp>
            <ns3:cad>0</ns3:cad>
          </ns3:TrackPointExtension>
        </extensions>
      </trkpt>
      <trkpt lat="36.69965383596718311309814453125" lon="137.835828848183155059814453125">
        <ele>824.20001220703125</ele>
        <time>2023-10-07T06:44:33.000Z</time>
        <extensions>
          <ns3:TrackPointExtension>
            <ns3:atemp>13.0</ns3:atemp>
            <ns3:cad>0</ns3:cad>
          </ns3:TrackPointExtension>
        </extensions>
      </trkpt>
      <trkpt lat="36.69965383596718311309814453125" lon="137.835828848183155059814453125">
        <ele>824.20001220703125</ele>
        <time>2023-10-07T06:44:34.000Z</time>
        <extensions>
          <ns3:TrackPointExtension>
            <ns3:atemp>13.0</ns3:atemp>
            <ns3:cad>0</ns3:cad>
          </ns3:TrackPointExtension>
        </extensions>
      </trkpt>
      <trkpt lat="36.69965383596718311309814453125" lon="137.835828848183155059814453125">
        <ele>824.20001220703125</ele>
        <time>2023-10-07T06:44:35.000Z</time>
        <extensions>
          <ns3:TrackPointExtension>
            <ns3:atemp>13.0</ns3:atemp>
            <ns3:cad>0</ns3:cad>
          </ns3:TrackPointExtension>
        </extensions>
      </trkpt>
      <trkpt lat="36.69965383596718311309814453125" lon="137.835828848183155059814453125">
        <ele>824.20001220703125</ele>
        <time>2023-10-07T06:44:36.000Z</time>
        <extensions>
          <ns3:TrackPointExtension>
            <ns3:atemp>13.0</ns3:atemp>
            <ns3:cad>0</ns3:cad>
          </ns3:TrackPointExtension>
        </extensions>
      </trkpt>
      <trkpt lat="36.69965383596718311309814453125" lon="137.835828848183155059814453125">
        <ele>824.20001220703125</ele>
        <time>2023-10-07T06:44:37.000Z</time>
        <extensions>
          <ns3:TrackPointExtension>
            <ns3:atemp>13.0</ns3:atemp>
            <ns3:cad>0</ns3:cad>
          </ns3:TrackPointExtension>
        </extensions>
      </trkpt>
      <trkpt lat="36.69965383596718311309814453125" lon="137.835828848183155059814453125">
        <ele>824.20001220703125</ele>
        <time>2023-10-07T06:44:38.000Z</time>
        <extensions>
          <ns3:TrackPointExtension>
            <ns3:atemp>13.0</ns3:atemp>
            <ns3:cad>0</ns3:cad>
          </ns3:TrackPointExtension>
        </extensions>
      </trkpt>
      <trkpt lat="36.69965383596718311309814453125" lon="137.835828848183155059814453125">
        <ele>824.20001220703125</ele>
        <time>2023-10-07T06:44:39.000Z</time>
        <extensions>
          <ns3:TrackPointExtension>
            <ns3:atemp>13.0</ns3:atemp>
            <ns3:cad>0</ns3:cad>
          </ns3:TrackPointExtension>
        </extensions>
      </trkpt>
      <trkpt lat="36.69965383596718311309814453125" lon="137.835828848183155059814453125">
        <ele>824.20001220703125</ele>
        <time>2023-10-07T06:44:40.000Z</time>
        <extensions>
          <ns3:TrackPointExtension>
            <ns3:atemp>12.0</ns3:atemp>
            <ns3:cad>0</ns3:cad>
          </ns3:TrackPointExtension>
        </extensions>
      </trkpt>
      <trkpt lat="36.69965383596718311309814453125" lon="137.835828848183155059814453125">
        <ele>824.20001220703125</ele>
        <time>2023-10-07T06:44:41.000Z</time>
        <extensions>
          <ns3:TrackPointExtension>
            <ns3:atemp>12.0</ns3:atemp>
            <ns3:cad>0</ns3:cad>
          </ns3:TrackPointExtension>
        </extensions>
      </trkpt>
      <trkpt lat="36.69965383596718311309814453125" lon="137.835828848183155059814453125">
        <ele>824.20001220703125</ele>
        <time>2023-10-07T06:44:42.000Z</time>
        <extensions>
          <ns3:TrackPointExtension>
            <ns3:atemp>12.0</ns3:atemp>
            <ns3:cad>0</ns3:cad>
          </ns3:TrackPointExtension>
        </extensions>
      </trkpt>
      <trkpt lat="36.69965383596718311309814453125" lon="137.835828848183155059814453125">
        <ele>824.20001220703125</ele>
        <time>2023-10-07T06:44:43.000Z</time>
        <extensions>
          <ns3:TrackPointExtension>
            <ns3:atemp>12.0</ns3:atemp>
            <ns3:cad>0</ns3:cad>
          </ns3:TrackPointExtension>
        </extensions>
      </trkpt>
      <trkpt lat="36.69965383596718311309814453125" lon="137.835828848183155059814453125">
        <ele>824.20001220703125</ele>
        <time>2023-10-07T06:44:44.000Z</time>
        <extensions>
          <ns3:TrackPointExtension>
            <ns3:atemp>12.0</ns3:atemp>
            <ns3:cad>0</ns3:cad>
          </ns3:TrackPointExtension>
        </extensions>
      </trkpt>
      <trkpt lat="36.69965383596718311309814453125" lon="137.835828848183155059814453125">
        <ele>824.20001220703125</ele>
        <time>2023-10-07T06:44:45.000Z</time>
        <extensions>
          <ns3:TrackPointExtension>
            <ns3:atemp>12.0</ns3:atemp>
            <ns3:cad>0</ns3:cad>
          </ns3:TrackPointExtension>
        </extensions>
      </trkpt>
      <trkpt lat="36.69965383596718311309814453125" lon="137.835828848183155059814453125">
        <ele>824.20001220703125</ele>
        <time>2023-10-07T06:44:46.000Z</time>
        <extensions>
          <ns3:TrackPointExtension>
            <ns3:atemp>12.0</ns3:atemp>
            <ns3:cad>0</ns3:cad>
          </ns3:TrackPointExtension>
        </extensions>
      </trkpt>
      <trkpt lat="36.69965383596718311309814453125" lon="137.835828848183155059814453125">
        <ele>824.20001220703125</ele>
        <time>2023-10-07T06:44:47.000Z</time>
        <extensions>
          <ns3:TrackPointExtension>
            <ns3:atemp>12.0</ns3:atemp>
            <ns3:cad>0</ns3:cad>
          </ns3:TrackPointExtension>
        </extensions>
      </trkpt>
      <trkpt lat="36.69965383596718311309814453125" lon="137.835828848183155059814453125">
        <ele>824.20001220703125</ele>
        <time>2023-10-07T06:44:48.000Z</time>
        <extensions>
          <ns3:TrackPointExtension>
            <ns3:atemp>12.0</ns3:atemp>
            <ns3:cad>0</ns3:cad>
          </ns3:TrackPointExtension>
        </extensions>
      </trkpt>
      <trkpt lat="36.69965383596718311309814453125" lon="137.835828848183155059814453125">
        <ele>824.20001220703125</ele>
        <time>2023-10-07T06:44:49.000Z</time>
        <extensions>
          <ns3:TrackPointExtension>
            <ns3:atemp>12.0</ns3:atemp>
            <ns3:cad>0</ns3:cad>
          </ns3:TrackPointExtension>
        </extensions>
      </trkpt>
      <trkpt lat="36.69965383596718311309814453125" lon="137.835828848183155059814453125">
        <ele>824.20001220703125</ele>
        <time>2023-10-07T06:44:50.000Z</time>
        <extensions>
          <ns3:TrackPointExtension>
            <ns3:atemp>12.0</ns3:atemp>
            <ns3:cad>0</ns3:cad>
          </ns3:TrackPointExtension>
        </extensions>
      </trkpt>
      <trkpt lat="36.69965383596718311309814453125" lon="137.835828848183155059814453125">
        <ele>824.20001220703125</ele>
        <time>2023-10-07T06:44:51.000Z</time>
        <extensions>
          <ns3:TrackPointExtension>
            <ns3:atemp>12.0</ns3:atemp>
            <ns3:cad>0</ns3:cad>
          </ns3:TrackPointExtension>
        </extensions>
      </trkpt>
      <trkpt lat="36.69965383596718311309814453125" lon="137.835828848183155059814453125">
        <ele>824.4000244140625</ele>
        <time>2023-10-07T06:44:52.000Z</time>
        <extensions>
          <ns3:TrackPointExtension>
            <ns3:atemp>12.0</ns3:atemp>
            <ns3:cad>0</ns3:cad>
          </ns3:TrackPointExtension>
        </extensions>
      </trkpt>
      <trkpt lat="36.69965383596718311309814453125" lon="137.835828848183155059814453125">
        <ele>824.4000244140625</ele>
        <time>2023-10-07T06:44:53.000Z</time>
        <extensions>
          <ns3:TrackPointExtension>
            <ns3:atemp>12.0</ns3:atemp>
            <ns3:cad>0</ns3:cad>
          </ns3:TrackPointExtension>
        </extensions>
      </trkpt>
      <trkpt lat="36.6996522434055805206298828125" lon="137.83582943491637706756591796875">
        <ele>824.4000244140625</ele>
        <time>2023-10-07T06:44:54.000Z</time>
        <extensions>
          <ns3:TrackPointExtension>
            <ns3:atemp>12.0</ns3:atemp>
            <ns3:cad>0</ns3:cad>
          </ns3:TrackPointExtension>
        </extensions>
      </trkpt>
      <trkpt lat="36.69964645989239215850830078125" lon="137.8358333744108676910400390625">
        <ele>824.4000244140625</ele>
        <time>2023-10-07T06:44:55.000Z</time>
        <extensions>
          <ns3:TrackPointExtension>
            <ns3:atemp>12.0</ns3:atemp>
            <ns3:cad>0</ns3:cad>
          </ns3:TrackPointExtension>
        </extensions>
      </trkpt>
      <trkpt lat="36.69964361004531383514404296875" lon="137.83583546988666057586669921875">
        <ele>824.4000244140625</ele>
        <time>2023-10-07T06:44:56.000Z</time>
        <extensions>
          <ns3:TrackPointExtension>
            <ns3:atemp>12.0</ns3:atemp>
            <ns3:cad>0</ns3:cad>
          </ns3:TrackPointExtension>
        </extensions>
      </trkpt>
      <trkpt lat="36.69964277185499668121337890625" lon="137.8358360566198825836181640625">
        <ele>824.4000244140625</ele>
        <time>2023-10-07T06:44:57.000Z</time>
        <extensions>
          <ns3:TrackPointExtension>
            <ns3:atemp>12.0</ns3:atemp>
            <ns3:cad>0</ns3:cad>
          </ns3:TrackPointExtension>
        </extensions>
      </trkpt>
      <trkpt lat="36.6996425203979015350341796875" lon="137.835836224257946014404296875">
        <ele>824.4000244140625</ele>
        <time>2023-10-07T06:44:58.000Z</time>
        <extensions>
          <ns3:TrackPointExtension>
            <ns3:atemp>12.0</ns3:atemp>
            <ns3:cad>0</ns3:cad>
          </ns3:TrackPointExtension>
        </extensions>
      </trkpt>
      <trkpt lat="36.6996408440172672271728515625" lon="137.8358377330005168914794921875">
        <ele>824.4000244140625</ele>
        <time>2023-10-07T06:44:59.000Z</time>
        <extensions>
          <ns3:TrackPointExtension>
            <ns3:atemp>12.0</ns3:atemp>
            <ns3:cad>40</ns3:cad>
          </ns3:TrackPointExtension>
        </extensions>
      </trkpt>
      <trkpt lat="36.69962969608604907989501953125" lon="137.83584888093173503875732421875">
        <ele>824.20001220703125</ele>
        <time>2023-10-07T06:45:00.000Z</time>
        <extensions>
          <ns3:TrackPointExtension>
            <ns3:atemp>12.0</ns3:atemp>
            <ns3:cad>40</ns3:cad>
          </ns3:TrackPointExtension>
        </extensions>
      </trkpt>
      <trkpt lat="36.69961452484130859375" lon="137.83585877157747745513916015625">
        <ele>824.20001220703125</ele>
        <time>2023-10-07T06:45:01.000Z</time>
        <extensions>
          <ns3:TrackPointExtension>
            <ns3:atemp>12.0</ns3:atemp>
            <ns3:cad>0</ns3:cad>
          </ns3:TrackPointExtension>
        </extensions>
      </trkpt>
      <trkpt lat="36.69959801249206066131591796875" lon="137.835868410766124725341796875">
        <ele>824.20001220703125</ele>
        <time>2023-10-07T06:45:02.000Z</time>
        <extensions>
          <ns3:TrackPointExtension>
            <ns3:atemp>12.0</ns3:atemp>
            <ns3:cad>0</ns3:cad>
          </ns3:TrackPointExtension>
        </extensions>
      </trkpt>
      <trkpt lat="36.69958166778087615966796875" lon="137.8358803130686283111572265625">
        <ele>824.20001220703125</ele>
        <time>2023-10-07T06:45:03.000Z</time>
        <extensions>
          <ns3:TrackPointExtension>
            <ns3:atemp>12.0</ns3:atemp>
            <ns3:cad>70</ns3:cad>
          </ns3:TrackPointExtension>
        </extensions>
      </trkpt>
      <trkpt lat="36.6995610482990741729736328125" lon="137.835898585617542266845703125">
        <ele>824.20001220703125</ele>
        <time>2023-10-07T06:45:04.000Z</time>
        <extensions>
          <ns3:TrackPointExtension>
            <ns3:atemp>12.0</ns3:atemp>
            <ns3:cad>51</ns3:cad>
          </ns3:TrackPointExtension>
        </extensions>
      </trkpt>
      <trkpt lat="36.69953741133213043212890625" lon="137.8359170258045196533203125">
        <ele>824.20001220703125</ele>
        <time>2023-10-07T06:45:05.000Z</time>
        <extensions>
          <ns3:TrackPointExtension>
            <ns3:atemp>12.0</ns3:atemp>
            <ns3:cad>51</ns3:cad>
          </ns3:TrackPointExtension>
        </extensions>
      </trkpt>
      <trkpt lat="36.69951620511710643768310546875" lon="137.835932113230228424072265625">
        <ele>824.20001220703125</ele>
        <time>2023-10-07T06:45:06.000Z</time>
        <extensions>
          <ns3:TrackPointExtension>
            <ns3:atemp>12.0</ns3:atemp>
            <ns3:cad>0</ns3:cad>
          </ns3:TrackPointExtension>
        </extensions>
      </trkpt>
      <trkpt lat="36.69948167167603969573974609375" lon="137.83595818094909191131591796875">
        <ele>824.20001220703125</ele>
        <time>2023-10-07T06:45:07.000Z</time>
        <extensions>
          <ns3:TrackPointExtension>
            <ns3:atemp>12.0</ns3:atemp>
            <ns3:cad>0</ns3:cad>
          </ns3:TrackPointExtension>
        </extensions>
      </trkpt>
      <trkpt lat="36.69944755733013153076171875" lon="137.8359862603247165679931640625">
        <ele>824.20001220703125</ele>
        <time>2023-10-07T06:45:08.000Z</time>
        <extensions>
          <ns3:TrackPointExtension>
            <ns3:atemp>12.0</ns3:atemp>
            <ns3:cad>0</ns3:cad>
          </ns3:TrackPointExtension>
        </extensions>
      </trkpt>
      <trkpt lat="36.69941260479390621185302734375" lon="137.83601467497646808624267578125">
        <ele>824</ele>
        <time>2023-10-07T06:45:09.000Z</time>
        <extensions>
          <ns3:TrackPointExtension>
            <ns3:atemp>12.0</ns3:atemp>
            <ns3:cad>0</ns3:cad>
          </ns3:TrackPointExtension>
        </extensions>
      </trkpt>
      <trkpt lat="36.69937991537153720855712890625" lon="137.83603982068598270416259765625">
        <ele>824</ele>
        <time>2023-10-07T06:45:10.000Z</time>
        <extensions>
          <ns3:TrackPointExtension>
            <ns3:atemp>12.0</ns3:atemp>
            <ns3:cad>0</ns3:cad>
          </ns3:TrackPointExtension>
        </extensions>
      </trkpt>
      <trkpt lat="36.69933624565601348876953125" lon="137.83607183955609798431396484375">
        <ele>824</ele>
        <time>2023-10-07T06:45:11.000Z</time>
        <extensions>
          <ns3:TrackPointExtension>
            <ns3:atemp>12.0</ns3:atemp>
            <ns3:cad>0</ns3:cad>
          </ns3:TrackPointExtension>
        </extensions>
      </trkpt>
      <trkpt lat="36.699281595647335052490234375" lon="137.83611022867262363433837890625">
        <ele>823.79998779296875</ele>
        <time>2023-10-07T06:45:12.000Z</time>
        <extensions>
          <ns3:TrackPointExtension>
            <ns3:atemp>12.0</ns3:atemp>
            <ns3:cad>0</ns3:cad>
          </ns3:TrackPointExtension>
        </extensions>
      </trkpt>
      <trkpt lat="36.69923365116119384765625" lon="137.836144007742404937744140625">
        <ele>823.79998779296875</ele>
        <time>2023-10-07T06:45:13.000Z</time>
        <extensions>
          <ns3:TrackPointExtension>
            <ns3:atemp>12.0</ns3:atemp>
            <ns3:cad>0</ns3:cad>
          </ns3:TrackPointExtension>
        </extensions>
      </trkpt>
      <trkpt lat="36.69918335974216461181640625" lon="137.8361743502318859100341796875">
        <ele>823.5999755859375</ele>
        <time>2023-10-07T06:45:14.000Z</time>
        <extensions>
          <ns3:TrackPointExtension>
            <ns3:atemp>12.0</ns3:atemp>
            <ns3:cad>0</ns3:cad>
          </ns3:TrackPointExtension>
        </extensions>
      </trkpt>
      <trkpt lat="36.6991429589688777923583984375" lon="137.83619664609432220458984375">
        <ele>823.4000244140625</ele>
        <time>2023-10-07T06:45:15.000Z</time>
        <extensions>
          <ns3:TrackPointExtension>
            <ns3:atemp>12.0</ns3:atemp>
            <ns3:cad>0</ns3:cad>
          </ns3:TrackPointExtension>
        </extensions>
      </trkpt>
      <trkpt lat="36.6990829445421695709228515625" lon="137.8362263180315494537353515625">
        <ele>823.20001220703125</ele>
        <time>2023-10-07T06:45:16.000Z</time>
        <extensions>
          <ns3:TrackPointExtension>
            <ns3:atemp>12.0</ns3:atemp>
            <ns3:cad>0</ns3:cad>
          </ns3:TrackPointExtension>
        </extensions>
      </trkpt>
      <trkpt lat="36.69903206638991832733154296875" lon="137.8362491168081760406494140625">
        <ele>823</ele>
        <time>2023-10-07T06:45:17.000Z</time>
        <extensions>
          <ns3:TrackPointExtension>
            <ns3:atemp>12.0</ns3:atemp>
            <ns3:cad>0</ns3:cad>
          </ns3:TrackPointExtension>
        </extensions>
      </trkpt>
      <trkpt lat="36.6989935934543609619140625" lon="137.83626546151936054229736328125">
        <ele>822.79998779296875</ele>
        <time>2023-10-07T06:45:18.000Z</time>
        <extensions>
          <ns3:TrackPointExtension>
            <ns3:atemp>12.0</ns3:atemp>
            <ns3:cad>0</ns3:cad>
          </ns3:TrackPointExtension>
        </extensions>
      </trkpt>
      <trkpt lat="36.69894673861563205718994140625" lon="137.8362896852195262908935546875">
        <ele>822.79998779296875</ele>
        <time>2023-10-07T06:45:19.000Z</time>
        <extensions>
          <ns3:TrackPointExtension>
            <ns3:atemp>12.0</ns3:atemp>
            <ns3:cad>0</ns3:cad>
          </ns3:TrackPointExtension>
        </extensions>
      </trkpt>
      <trkpt lat="36.6988943517208099365234375" lon="137.8363155014812946319580078125">
        <ele>822.5999755859375</ele>
        <time>2023-10-07T06:45:20.000Z</time>
        <extensions>
          <ns3:TrackPointExtension>
            <ns3:atemp>12.0</ns3:atemp>
            <ns3:cad>0</ns3:cad>
          </ns3:TrackPointExtension>
        </extensions>
      </trkpt>
      <trkpt lat="36.69883743859827518463134765625" lon="137.836342155933380126953125">
        <ele>822.20001220703125</ele>
        <time>2023-10-07T06:45:21.000Z</time>
        <extensions>
          <ns3:TrackPointExtension>
            <ns3:atemp>12.0</ns3:atemp>
            <ns3:cad>0</ns3:cad>
          </ns3:TrackPointExtension>
        </extensions>
      </trkpt>
      <trkpt lat="36.69878102838993072509765625" lon="137.83637090586125850677490234375">
        <ele>821.79998779296875</ele>
        <time>2023-10-07T06:45:22.000Z</time>
        <extensions>
          <ns3:TrackPointExtension>
            <ns3:atemp>12.0</ns3:atemp>
            <ns3:cad>0</ns3:cad>
          </ns3:TrackPointExtension>
        </extensions>
      </trkpt>
      <trkpt lat="36.698704920709133148193359375" lon="137.8364097140729427337646484375">
        <ele>821.5999755859375</ele>
        <time>2023-10-07T06:45:23.000Z</time>
        <extensions>
          <ns3:TrackPointExtension>
            <ns3:atemp>12.0</ns3:atemp>
            <ns3:cad>0</ns3:cad>
          </ns3:TrackPointExtension>
        </extensions>
      </trkpt>
      <trkpt lat="36.698643900454044342041015625" lon="137.83643402159214019775390625">
        <ele>821.20001220703125</ele>
        <time>2023-10-07T06:45:24.000Z</time>
        <extensions>
          <ns3:TrackPointExtension>
            <ns3:atemp>12.0</ns3:atemp>
            <ns3:cad>0</ns3:cad>
          </ns3:TrackPointExtension>
        </extensions>
      </trkpt>
      <trkpt lat="36.69856720604002475738525390625" lon="137.83645673654973506927490234375">
        <ele>820.4000244140625</ele>
        <time>2023-10-07T06:45:25.000Z</time>
        <extensions>
          <ns3:TrackPointExtension>
            <ns3:atemp>12.0</ns3:atemp>
            <ns3:cad>0</ns3:cad>
          </ns3:TrackPointExtension>
        </extensions>
      </trkpt>
      <trkpt lat="36.698489002883434295654296875" lon="137.83647936768829822540283203125">
        <ele>820</ele>
        <time>2023-10-07T06:45:26.000Z</time>
        <extensions>
          <ns3:TrackPointExtension>
            <ns3:atemp>12.0</ns3:atemp>
            <ns3:cad>0</ns3:cad>
          </ns3:TrackPointExtension>
        </extensions>
      </trkpt>
      <trkpt lat="36.6984023340046405792236328125" lon="137.83651155419647693634033203125">
        <ele>819.79998779296875</ele>
        <time>2023-10-07T06:45:27.000Z</time>
        <extensions>
          <ns3:TrackPointExtension>
            <ns3:atemp>12.0</ns3:atemp>
            <ns3:cad>0</ns3:cad>
          </ns3:TrackPointExtension>
        </extensions>
      </trkpt>
      <trkpt lat="36.69834248721599578857421875" lon="137.83654407598078250885009765625">
        <ele>819.5999755859375</ele>
        <time>2023-10-07T06:45:28.000Z</time>
        <extensions>
          <ns3:TrackPointExtension>
            <ns3:atemp>12.0</ns3:atemp>
            <ns3:cad>0</ns3:cad>
          </ns3:TrackPointExtension>
        </extensions>
      </trkpt>
      <trkpt lat="36.698260009288787841796875" lon="137.83658958971500396728515625">
        <ele>819.20001220703125</ele>
        <time>2023-10-07T06:45:29.000Z</time>
        <extensions>
          <ns3:TrackPointExtension>
            <ns3:atemp>12.0</ns3:atemp>
            <ns3:cad>0</ns3:cad>
          </ns3:TrackPointExtension>
        </extensions>
      </trkpt>
      <trkpt lat="36.69816453941166400909423828125" lon="137.83664524555206298828125">
        <ele>818.5999755859375</ele>
        <time>2023-10-07T06:45:30.000Z</time>
        <extensions>
          <ns3:TrackPointExtension>
            <ns3:atemp>12.0</ns3:atemp>
            <ns3:cad>0</ns3:cad>
          </ns3:TrackPointExtension>
        </extensions>
      </trkpt>
      <trkpt lat="36.69806244783103466033935546875" lon="137.8367017395794391632080078125">
        <ele>818.4000244140625</ele>
        <time>2023-10-07T06:45:31.000Z</time>
        <extensions>
          <ns3:TrackPointExtension>
            <ns3:atemp>12.0</ns3:atemp>
            <ns3:cad>0</ns3:cad>
          </ns3:TrackPointExtension>
        </extensions>
      </trkpt>
      <trkpt lat="36.69792699627578258514404296875" lon="137.83677491359412670135498046875">
        <ele>817.79998779296875</ele>
        <time>2023-10-07T06:45:32.000Z</time>
        <extensions>
          <ns3:TrackPointExtension>
            <ns3:atemp>12.0</ns3:atemp>
            <ns3:cad>0</ns3:cad>
          </ns3:TrackPointExtension>
        </extensions>
      </trkpt>
      <trkpt lat="36.69783228076994419097900390625" lon="137.8368194214999675750732421875">
        <ele>817.5999755859375</ele>
        <time>2023-10-07T06:45:33.000Z</time>
        <extensions>
          <ns3:TrackPointExtension>
            <ns3:atemp>12.0</ns3:atemp>
            <ns3:cad>0</ns3:cad>
          </ns3:TrackPointExtension>
        </extensions>
      </trkpt>
      <trkpt lat="36.69768693856894969940185546875" lon="137.83687901683151721954345703125">
        <ele>816.4000244140625</ele>
        <time>2023-10-07T06:45:34.000Z</time>
        <extensions>
          <ns3:TrackPointExtension>
            <ns3:atemp>12.0</ns3:atemp>
            <ns3:cad>0</ns3:cad>
          </ns3:TrackPointExtension>
        </extensions>
      </trkpt>
      <trkpt lat="36.69756464660167694091796875" lon="137.83692914061248302459716796875">
        <ele>816</ele>
        <time>2023-10-07T06:45:35.000Z</time>
        <extensions>
          <ns3:TrackPointExtension>
            <ns3:atemp>12.0</ns3:atemp>
            <ns3:cad>0</ns3:cad>
          </ns3:TrackPointExtension>
        </extensions>
      </trkpt>
      <trkpt lat="36.69744386337697505950927734375" lon="137.8369860537350177764892578125">
        <ele>813.4000244140625</ele>
        <time>2023-10-07T06:45:36.000Z</time>
        <extensions>
          <ns3:TrackPointExtension>
            <ns3:atemp>12.0</ns3:atemp>
            <ns3:cad>0</ns3:cad>
          </ns3:TrackPointExtension>
        </extensions>
      </trkpt>
      <trkpt lat="36.6973509080708026885986328125" lon="137.83703408204019069671630859375">
        <ele>812.4000244140625</ele>
        <time>2023-10-07T06:45:37.000Z</time>
        <extensions>
          <ns3:TrackPointExtension>
            <ns3:atemp>12.0</ns3:atemp>
            <ns3:cad>0</ns3:cad>
          </ns3:TrackPointExtension>
        </extensions>
      </trkpt>
      <trkpt lat="36.69723766855895519256591796875" lon="137.837093174457550048828125">
        <ele>809.79998779296875</ele>
        <time>2023-10-07T06:45:38.000Z</time>
        <extensions>
          <ns3:TrackPointExtension>
            <ns3:atemp>12.0</ns3:atemp>
            <ns3:cad>0</ns3:cad>
          </ns3:TrackPointExtension>
        </extensions>
      </trkpt>
      <trkpt lat="36.6971272788941860198974609375" lon="137.83714748919010162353515625">
        <ele>807.79998779296875</ele>
        <time>2023-10-07T06:45:39.000Z</time>
        <extensions>
          <ns3:TrackPointExtension>
            <ns3:atemp>12.0</ns3:atemp>
            <ns3:cad>0</ns3:cad>
          </ns3:TrackPointExtension>
        </extensions>
      </trkpt>
      <trkpt lat="36.6970166377723217010498046875" lon="137.8371935896575450897216796875">
        <ele>805.20001220703125</ele>
        <time>2023-10-07T06:45:40.000Z</time>
        <extensions>
          <ns3:TrackPointExtension>
            <ns3:atemp>12.0</ns3:atemp>
            <ns3:cad>0</ns3:cad>
          </ns3:TrackPointExtension>
        </extensions>
      </trkpt>
      <trkpt lat="36.6968838684260845184326171875" lon="137.83723843283951282501220703125">
        <ele>803</ele>
        <time>2023-10-07T06:45:41.000Z</time>
        <extensions>
          <ns3:TrackPointExtension>
            <ns3:atemp>12.0</ns3:atemp>
            <ns3:cad>0</ns3:cad>
          </ns3:TrackPointExtension>
        </extensions>
      </trkpt>
      <trkpt lat="36.69679225422441959381103515625" lon="137.8372613154351711273193359375">
        <ele>801.79998779296875</ele>
        <time>2023-10-07T06:45:42.000Z</time>
        <extensions>
          <ns3:TrackPointExtension>
            <ns3:atemp>12.0</ns3:atemp>
            <ns3:cad>0</ns3:cad>
          </ns3:TrackPointExtension>
        </extensions>
      </trkpt>
      <trkpt lat="36.6966622509062290191650390625" lon="137.83728696405887603759765625">
        <ele>799.20001220703125</ele>
        <time>2023-10-07T06:45:43.000Z</time>
        <extensions>
          <ns3:TrackPointExtension>
            <ns3:atemp>12.0</ns3:atemp>
            <ns3:cad>0</ns3:cad>
          </ns3:TrackPointExtension>
        </extensions>
      </trkpt>
      <trkpt lat="36.69656954705715179443359375" lon="137.8373117744922637939453125">
        <ele>796.79998779296875</ele>
        <time>2023-10-07T06:45:44.000Z</time>
        <extensions>
          <ns3:TrackPointExtension>
            <ns3:atemp>12.0</ns3:atemp>
            <ns3:cad>0</ns3:cad>
          </ns3:TrackPointExtension>
        </extensions>
      </trkpt>
      <trkpt lat="36.69649444520473480224609375" lon="137.83734924159944057464599609375">
        <ele>793.4000244140625</ele>
        <time>2023-10-07T06:45:45.000Z</time>
        <extensions>
          <ns3:TrackPointExtension>
            <ns3:atemp>12.0</ns3:atemp>
            <ns3:cad>0</ns3:cad>
          </ns3:TrackPointExtension>
        </extensions>
      </trkpt>
      <trkpt lat="36.69644172303378582000732421875" lon="137.8373900614678859710693359375">
        <ele>791.79998779296875</ele>
        <time>2023-10-07T06:45:46.000Z</time>
        <extensions>
          <ns3:TrackPointExtension>
            <ns3:atemp>12.0</ns3:atemp>
            <ns3:cad>0</ns3:cad>
          </ns3:TrackPointExtension>
        </extensions>
      </trkpt>
      <trkpt lat="36.696393527090549468994140625" lon="137.83744161017239093780517578125">
        <ele>787</ele>
        <time>2023-10-07T06:45:47.000Z</time>
        <extensions>
          <ns3:TrackPointExtension>
            <ns3:atemp>12.0</ns3:atemp>
            <ns3:cad>0</ns3:cad>
          </ns3:TrackPointExtension>
        </extensions>
      </trkpt>
      <trkpt lat="36.69634030200541019439697265625" lon="137.837507911026477813720703125">
        <ele>785.4000244140625</ele>
        <time>2023-10-07T06:45:48.000Z</time>
        <extensions>
          <ns3:TrackPointExtension>
            <ns3:atemp>12.0</ns3:atemp>
            <ns3:cad>0</ns3:cad>
          </ns3:TrackPointExtension>
        </extensions>
      </trkpt>
      <trkpt lat="36.69630878604948520660400390625" lon="137.837564237415790557861328125">
        <ele>782.79998779296875</ele>
        <time>2023-10-07T06:45:49.000Z</time>
        <extensions>
          <ns3:TrackPointExtension>
            <ns3:atemp>12.0</ns3:atemp>
            <ns3:cad>0</ns3:cad>
          </ns3:TrackPointExtension>
        </extensions>
      </trkpt>
      <trkpt lat="36.69630006887018680572509765625" lon="137.83763296902179718017578125">
        <ele>779.79998779296875</ele>
        <time>2023-10-07T06:45:50.000Z</time>
        <extensions>
          <ns3:TrackPointExtension>
            <ns3:atemp>12.0</ns3:atemp>
            <ns3:cad>0</ns3:cad>
          </ns3:TrackPointExtension>
        </extensions>
      </trkpt>
      <trkpt lat="36.69630610384047031402587890625" lon="137.8376827575266361236572265625">
        <ele>778.79998779296875</ele>
        <time>2023-10-07T06:45:51.000Z</time>
        <extensions>
          <ns3:TrackPointExtension>
            <ns3:atemp>12.0</ns3:atemp>
            <ns3:cad>0</ns3:cad>
          </ns3:TrackPointExtension>
        </extensions>
      </trkpt>
      <trkpt lat="36.69631683267652988433837890625" lon="137.83774293959140777587890625">
        <ele>776.5999755859375</ele>
        <time>2023-10-07T06:45:52.000Z</time>
        <extensions>
          <ns3:TrackPointExtension>
            <ns3:atemp>12.0</ns3:atemp>
            <ns3:cad>0</ns3:cad>
          </ns3:TrackPointExtension>
        </extensions>
      </trkpt>
      <trkpt lat="36.6963377036154270172119140625" lon="137.83782298676669597625732421875">
        <ele>775.20001220703125</ele>
        <time>2023-10-07T06:45:53.000Z</time>
        <extensions>
          <ns3:TrackPointExtension>
            <ns3:atemp>12.0</ns3:atemp>
            <ns3:cad>0</ns3:cad>
          </ns3:TrackPointExtension>
        </extensions>
      </trkpt>
      <trkpt lat="36.69636041857302188873291015625" lon="137.8378886170685291290283203125">
        <ele>773.5999755859375</ele>
        <time>2023-10-07T06:45:54.000Z</time>
        <extensions>
          <ns3:TrackPointExtension>
            <ns3:atemp>12.0</ns3:atemp>
            <ns3:cad>0</ns3:cad>
          </ns3:TrackPointExtension>
        </extensions>
      </trkpt>
      <trkpt lat="36.69637265615165233612060546875" lon="137.83794544637203216552734375">
        <ele>773</ele>
        <time>2023-10-07T06:45:55.000Z</time>
        <extensions>
          <ns3:TrackPointExtension>
            <ns3:atemp>12.0</ns3:atemp>
            <ns3:cad>0</ns3:cad>
          </ns3:TrackPointExtension>
        </extensions>
      </trkpt>
      <trkpt lat="36.6963715665042400360107421875" lon="137.83801292069256305694580078125">
        <ele>771.4000244140625</ele>
        <time>2023-10-07T06:45:56.000Z</time>
        <extensions>
          <ns3:TrackPointExtension>
            <ns3:atemp>12.0</ns3:atemp>
            <ns3:cad>0</ns3:cad>
          </ns3:TrackPointExtension>
        </extensions>
      </trkpt>
      <trkpt lat="36.69634558260440826416015625" lon="137.83805985935032367706298828125">
        <ele>770.79998779296875</ele>
        <time>2023-10-07T06:45:57.000Z</time>
        <extensions>
          <ns3:TrackPointExtension>
            <ns3:atemp>12.0</ns3:atemp>
            <ns3:cad>0</ns3:cad>
          </ns3:TrackPointExtension>
        </extensions>
      </trkpt>
      <trkpt lat="36.69629587791860103607177734375" lon="137.83806036226451396942138671875">
        <ele>769.4000244140625</ele>
        <time>2023-10-07T06:45:58.000Z</time>
        <extensions>
          <ns3:TrackPointExtension>
            <ns3:atemp>12.0</ns3:atemp>
            <ns3:cad>0</ns3:cad>
          </ns3:TrackPointExtension>
        </extensions>
      </trkpt>
      <trkpt lat="36.696264781057834625244140625" lon="137.8380441851913928985595703125">
        <ele>769</ele>
        <time>2023-10-07T06:45:59.000Z</time>
        <extensions>
          <ns3:TrackPointExtension>
            <ns3:atemp>12.0</ns3:atemp>
            <ns3:cad>0</ns3:cad>
          </ns3:TrackPointExtension>
        </extensions>
      </trkpt>
      <trkpt lat="36.69622915796935558319091796875" lon="137.8380260802805423736572265625">
        <ele>767.5999755859375</ele>
        <time>2023-10-07T06:46:00.000Z</time>
        <extensions>
          <ns3:TrackPointExtension>
            <ns3:atemp>12.0</ns3:atemp>
            <ns3:cad>0</ns3:cad>
          </ns3:TrackPointExtension>
        </extensions>
      </trkpt>
      <trkpt lat="36.6961952112615108489990234375" lon="137.8380145132541656494140625">
        <ele>766.4000244140625</ele>
        <time>2023-10-07T06:46:01.000Z</time>
        <extensions>
          <ns3:TrackPointExtension>
            <ns3:atemp>12.0</ns3:atemp>
            <ns3:cad>0</ns3:cad>
          </ns3:TrackPointExtension>
        </extensions>
      </trkpt>
      <trkpt lat="36.69616260565817356109619140625" lon="137.8380106575787067413330078125">
        <ele>766.4000244140625</ele>
        <time>2023-10-07T06:46:02.000Z</time>
        <extensions>
          <ns3:TrackPointExtension>
            <ns3:atemp>12.0</ns3:atemp>
            <ns3:cad>0</ns3:cad>
          </ns3:TrackPointExtension>
        </extensions>
      </trkpt>
      <trkpt lat="36.69612186960875988006591796875" lon="137.8380049578845500946044921875">
        <ele>765.79998779296875</ele>
        <time>2023-10-07T06:46:03.000Z</time>
        <extensions>
          <ns3:TrackPointExtension>
            <ns3:atemp>12.0</ns3:atemp>
            <ns3:cad>0</ns3:cad>
          </ns3:TrackPointExtension>
        </extensions>
      </trkpt>
      <trkpt lat="36.6960973106324672698974609375" lon="137.83800252713263034820556640625">
        <ele>765.5999755859375</ele>
        <time>2023-10-07T06:46:04.000Z</time>
        <extensions>
          <ns3:TrackPointExtension>
            <ns3:atemp>12.0</ns3:atemp>
            <ns3:cad>0</ns3:cad>
          </ns3:TrackPointExtension>
        </extensions>
      </trkpt>
      <trkpt lat="36.696070320904254913330078125" lon="137.8380016051232814788818359375">
        <ele>765.4000244140625</ele>
        <time>2023-10-07T06:46:05.000Z</time>
        <extensions>
          <ns3:TrackPointExtension>
            <ns3:atemp>12.0</ns3:atemp>
            <ns3:cad>0</ns3:cad>
          </ns3:TrackPointExtension>
        </extensions>
      </trkpt>
      <trkpt lat="36.69604408554732799530029296875" lon="137.8380022756755352020263671875">
        <ele>765.4000244140625</ele>
        <time>2023-10-07T06:46:06.000Z</time>
        <extensions>
          <ns3:TrackPointExtension>
            <ns3:atemp>12.0</ns3:atemp>
            <ns3:cad>0</ns3:cad>
          </ns3:TrackPointExtension>
        </extensions>
      </trkpt>
      <trkpt lat="36.6960191912949085235595703125" lon="137.83800655044615268707275390625">
        <ele>765.4000244140625</ele>
        <time>2023-10-07T06:46:07.000Z</time>
        <extensions>
          <ns3:TrackPointExtension>
            <ns3:atemp>12.0</ns3:atemp>
            <ns3:cad>0</ns3:cad>
          </ns3:TrackPointExtension>
        </extensions>
      </trkpt>
      <trkpt lat="36.6959927044808864593505859375" lon="137.83801250159740447998046875">
        <ele>765.4000244140625</ele>
        <time>2023-10-07T06:46:08.000Z</time>
        <extensions>
          <ns3:TrackPointExtension>
            <ns3:atemp>12.0</ns3:atemp>
            <ns3:cad>0</ns3:cad>
          </ns3:TrackPointExtension>
        </extensions>
      </trkpt>
      <trkpt lat="36.6959658823907375335693359375" lon="137.83802314661443233489990234375">
        <ele>765.4000244140625</ele>
        <time>2023-10-07T06:46:09.000Z</time>
        <extensions>
          <ns3:TrackPointExtension>
            <ns3:atemp>12.0</ns3:atemp>
            <ns3:cad>0</ns3:cad>
          </ns3:TrackPointExtension>
        </extensions>
      </trkpt>
      <trkpt lat="36.695942245423793792724609375" lon="137.8380359709262847900390625">
        <ele>765.4000244140625</ele>
        <time>2023-10-07T06:46:10.000Z</time>
        <extensions>
          <ns3:TrackPointExtension>
            <ns3:atemp>12.0</ns3:atemp>
            <ns3:cad>0</ns3:cad>
          </ns3:TrackPointExtension>
        </extensions>
      </trkpt>
      <trkpt lat="36.695913411676883697509765625" lon="137.8380492143332958221435546875">
        <ele>765.4000244140625</ele>
        <time>2023-10-07T06:46:11.000Z</time>
        <extensions>
          <ns3:TrackPointExtension>
            <ns3:atemp>12.0</ns3:atemp>
            <ns3:cad>0</ns3:cad>
          </ns3:TrackPointExtension>
        </extensions>
      </trkpt>
      <trkpt lat="36.69589555822312831878662109375" lon="137.83805902116000652313232421875">
        <ele>765.4000244140625</ele>
        <time>2023-10-07T06:46:12.000Z</time>
        <extensions>
          <ns3:TrackPointExtension>
            <ns3:atemp>12.0</ns3:atemp>
            <ns3:cad>0</ns3:cad>
          </ns3:TrackPointExtension>
        </extensions>
      </trkpt>
      <trkpt lat="36.6958741843700408935546875" lon="137.8380767069756984710693359375">
        <ele>765.4000244140625</ele>
        <time>2023-10-07T06:46:13.000Z</time>
        <extensions>
          <ns3:TrackPointExtension>
            <ns3:atemp>12.0</ns3:atemp>
            <ns3:cad>0</ns3:cad>
          </ns3:TrackPointExtension>
        </extensions>
      </trkpt>
      <trkpt lat="36.69585448689758777618408203125" lon="137.83809456042945384979248046875">
        <ele>765.4000244140625</ele>
        <time>2023-10-07T06:46:14.000Z</time>
        <extensions>
          <ns3:TrackPointExtension>
            <ns3:atemp>12.0</ns3:atemp>
            <ns3:cad>0</ns3:cad>
          </ns3:TrackPointExtension>
        </extensions>
      </trkpt>
      <trkpt lat="36.69583302922546863555908203125" lon="137.83811031840741634368896484375">
        <ele>765.20001220703125</ele>
        <time>2023-10-07T06:46:15.000Z</time>
        <extensions>
          <ns3:TrackPointExtension>
            <ns3:atemp>12.0</ns3:atemp>
            <ns3:cad>0</ns3:cad>
          </ns3:TrackPointExtension>
        </extensions>
      </trkpt>
      <trkpt lat="36.69581291265785694122314453125" lon="137.8381298482418060302734375">
        <ele>765.20001220703125</ele>
        <time>2023-10-07T06:46:16.000Z</time>
        <extensions>
          <ns3:TrackPointExtension>
            <ns3:atemp>12.0</ns3:atemp>
            <ns3:cad>0</ns3:cad>
          </ns3:TrackPointExtension>
        </extensions>
      </trkpt>
      <trkpt lat="36.69580671004951000213623046875" lon="137.83814636059105396270751953125">
        <ele>765.20001220703125</ele>
        <time>2023-10-07T06:46:17.000Z</time>
        <extensions>
          <ns3:TrackPointExtension>
            <ns3:atemp>12.0</ns3:atemp>
            <ns3:cad>0</ns3:cad>
          </ns3:TrackPointExtension>
        </extensions>
      </trkpt>
      <trkpt lat="36.69580939225852489471435546875" lon="137.8381591849029064178466796875">
        <ele>765.20001220703125</ele>
        <time>2023-10-07T06:46:18.000Z</time>
        <extensions>
          <ns3:TrackPointExtension>
            <ns3:atemp>12.0</ns3:atemp>
            <ns3:cad>0</ns3:cad>
          </ns3:TrackPointExtension>
        </extensions>
      </trkpt>
      <trkpt lat="36.69581207446753978729248046875" lon="137.83816614188253879547119140625">
        <ele>765.20001220703125</ele>
        <time>2023-10-07T06:46:19.000Z</time>
        <extensions>
          <ns3:TrackPointExtension>
            <ns3:atemp>12.0</ns3:atemp>
            <ns3:cad>0</ns3:cad>
          </ns3:TrackPointExtension>
        </extensions>
      </trkpt>
      <trkpt lat="36.69581207446753978729248046875" lon="137.83816614188253879547119140625">
        <ele>765</ele>
        <time>2023-10-07T06:46:20.000Z</time>
        <extensions>
          <ns3:TrackPointExtension>
            <ns3:atemp>12.0</ns3:atemp>
            <ns3:cad>0</ns3:cad>
          </ns3:TrackPointExtension>
        </extensions>
      </trkpt>
      <trkpt lat="36.69581207446753978729248046875" lon="137.83816614188253879547119140625">
        <ele>764.79998779296875</ele>
        <time>2023-10-07T06:46:21.000Z</time>
        <extensions>
          <ns3:TrackPointExtension>
            <ns3:atemp>12.0</ns3:atemp>
            <ns3:cad>0</ns3:cad>
          </ns3:TrackPointExtension>
        </extensions>
      </trkpt>
      <trkpt lat="36.69581207446753978729248046875" lon="137.83816614188253879547119140625">
        <ele>764.79998779296875</ele>
        <time>2023-10-07T06:46:22.000Z</time>
        <extensions>
          <ns3:TrackPointExtension>
            <ns3:atemp>12.0</ns3:atemp>
            <ns3:cad>0</ns3:cad>
          </ns3:TrackPointExtension>
        </extensions>
      </trkpt>
      <trkpt lat="36.69581207446753978729248046875" lon="137.83816614188253879547119140625">
        <ele>764.79998779296875</ele>
        <time>2023-10-07T06:46:23.000Z</time>
        <extensions>
          <ns3:TrackPointExtension>
            <ns3:atemp>12.0</ns3:atemp>
            <ns3:cad>0</ns3:cad>
          </ns3:TrackPointExtension>
        </extensions>
      </trkpt>
      <trkpt lat="36.69581207446753978729248046875" lon="137.83816614188253879547119140625">
        <ele>764.5999755859375</ele>
        <time>2023-10-07T06:46:24.000Z</time>
        <extensions>
          <ns3:TrackPointExtension>
            <ns3:atemp>12.0</ns3:atemp>
            <ns3:cad>0</ns3:cad>
          </ns3:TrackPointExtension>
        </extensions>
      </trkpt>
      <trkpt lat="36.69581207446753978729248046875" lon="137.83816614188253879547119140625">
        <ele>764.5999755859375</ele>
        <time>2023-10-07T06:46:25.000Z</time>
        <extensions>
          <ns3:TrackPointExtension>
            <ns3:atemp>12.0</ns3:atemp>
            <ns3:cad>0</ns3:cad>
          </ns3:TrackPointExtension>
        </extensions>
      </trkpt>
      <trkpt lat="36.69581207446753978729248046875" lon="137.83816614188253879547119140625">
        <ele>764.5999755859375</ele>
        <time>2023-10-07T06:46:26.000Z</time>
        <extensions>
          <ns3:TrackPointExtension>
            <ns3:atemp>12.0</ns3:atemp>
            <ns3:cad>0</ns3:cad>
          </ns3:TrackPointExtension>
        </extensions>
      </trkpt>
      <trkpt lat="36.69581207446753978729248046875" lon="137.83816614188253879547119140625">
        <ele>764.5999755859375</ele>
        <time>2023-10-07T06:46:27.000Z</time>
        <extensions>
          <ns3:TrackPointExtension>
            <ns3:atemp>12.0</ns3:atemp>
            <ns3:cad>0</ns3:cad>
          </ns3:TrackPointExtension>
        </extensions>
      </trkpt>
      <trkpt lat="36.69581207446753978729248046875" lon="137.83816614188253879547119140625">
        <ele>764.5999755859375</ele>
        <time>2023-10-07T06:46:28.000Z</time>
        <extensions>
          <ns3:TrackPointExtension>
            <ns3:atemp>12.0</ns3:atemp>
            <ns3:cad>0</ns3:cad>
          </ns3:TrackPointExtension>
        </extensions>
      </trkpt>
      <trkpt lat="36.69581207446753978729248046875" lon="137.83816614188253879547119140625">
        <ele>764.5999755859375</ele>
        <time>2023-10-07T06:46:29.000Z</time>
        <extensions>
          <ns3:TrackPointExtension>
            <ns3:atemp>12.0</ns3:atemp>
            <ns3:cad>0</ns3:cad>
          </ns3:TrackPointExtension>
        </extensions>
      </trkpt>
      <trkpt lat="36.69581207446753978729248046875" lon="137.83816614188253879547119140625">
        <ele>764.4000244140625</ele>
        <time>2023-10-07T06:46:30.000Z</time>
        <extensions>
          <ns3:TrackPointExtension>
            <ns3:atemp>12.0</ns3:atemp>
            <ns3:cad>0</ns3:cad>
          </ns3:TrackPointExtension>
        </extensions>
      </trkpt>
      <trkpt lat="36.69581207446753978729248046875" lon="137.83816614188253879547119140625">
        <ele>764.4000244140625</ele>
        <time>2023-10-07T06:46:31.000Z</time>
        <extensions>
          <ns3:TrackPointExtension>
            <ns3:atemp>12.0</ns3:atemp>
            <ns3:cad>0</ns3:cad>
          </ns3:TrackPointExtension>
        </extensions>
      </trkpt>
      <trkpt lat="36.69581207446753978729248046875" lon="137.83816614188253879547119140625">
        <ele>764.4000244140625</ele>
        <time>2023-10-07T06:46:32.000Z</time>
        <extensions>
          <ns3:TrackPointExtension>
            <ns3:atemp>12.0</ns3:atemp>
            <ns3:cad>0</ns3:cad>
          </ns3:TrackPointExtension>
        </extensions>
      </trkpt>
      <trkpt lat="36.69581207446753978729248046875" lon="137.83816614188253879547119140625">
        <ele>764.4000244140625</ele>
        <time>2023-10-07T06:46:33.000Z</time>
        <extensions>
          <ns3:TrackPointExtension>
            <ns3:atemp>12.0</ns3:atemp>
            <ns3:cad>0</ns3:cad>
          </ns3:TrackPointExtension>
        </extensions>
      </trkpt>
      <trkpt lat="36.6958140023052692413330078125" lon="137.8381668962538242340087890625">
        <ele>764.5999755859375</ele>
        <time>2023-10-07T06:46:34.000Z</time>
        <extensions>
          <ns3:TrackPointExtension>
            <ns3:atemp>12.0</ns3:atemp>
            <ns3:cad>0</ns3:cad>
          </ns3:TrackPointExtension>
        </extensions>
      </trkpt>
      <trkpt lat="36.69583705253899097442626953125" lon="137.83816480077803134918212890625">
        <ele>764.4000244140625</ele>
        <time>2023-10-07T06:46:35.000Z</time>
        <extensions>
          <ns3:TrackPointExtension>
            <ns3:atemp>12.0</ns3:atemp>
            <ns3:cad>51</ns3:cad>
          </ns3:TrackPointExtension>
        </extensions>
      </trkpt>
      <trkpt lat="36.6958575882017612457275390625" lon="137.83815340138971805572509765625">
        <ele>764.4000244140625</ele>
        <time>2023-10-07T06:46:36.000Z</time>
        <extensions>
          <ns3:TrackPointExtension>
            <ns3:atemp>12.0</ns3:atemp>
            <ns3:cad>53</ns3:cad>
          </ns3:TrackPointExtension>
        </extensions>
      </trkpt>
      <trkpt lat="36.6958741843700408935546875" lon="137.83814233727753162384033203125">
        <ele>764.20001220703125</ele>
        <time>2023-10-07T06:46:37.000Z</time>
        <extensions>
          <ns3:TrackPointExtension>
            <ns3:atemp>12.0</ns3:atemp>
            <ns3:cad>50</ns3:cad>
          </ns3:TrackPointExtension>
        </extensions>
      </trkpt>
      <trkpt lat="36.6958927921950817108154296875" lon="137.83812724985182285308837890625">
        <ele>764.20001220703125</ele>
        <time>2023-10-07T06:46:38.000Z</time>
        <extensions>
          <ns3:TrackPointExtension>
            <ns3:atemp>12.0</ns3:atemp>
            <ns3:cad>47</ns3:cad>
          </ns3:TrackPointExtension>
        </extensions>
      </trkpt>
      <trkpt lat="36.69590997509658336639404296875" lon="137.83811450935900211334228515625">
        <ele>764.20001220703125</ele>
        <time>2023-10-07T06:46:39.000Z</time>
        <extensions>
          <ns3:TrackPointExtension>
            <ns3:atemp>12.0</ns3:atemp>
            <ns3:cad>47</ns3:cad>
          </ns3:TrackPointExtension>
        </extensions>
      </trkpt>
      <trkpt lat="36.6959278285503387451171875" lon="137.8381030261516571044921875">
        <ele>764.20001220703125</ele>
        <time>2023-10-07T06:46:40.000Z</time>
        <extensions>
          <ns3:TrackPointExtension>
            <ns3:atemp>12.0</ns3:atemp>
            <ns3:cad>73</ns3:cad>
          </ns3:TrackPointExtension>
        </extensions>
      </trkpt>
      <trkpt lat="36.69596009887754917144775390625" lon="137.8380850888788700103759765625">
        <ele>764.20001220703125</ele>
        <time>2023-10-07T06:46:41.000Z</time>
        <extensions>
          <ns3:TrackPointExtension>
            <ns3:atemp>12.0</ns3:atemp>
            <ns3:cad>73</ns3:cad>
          </ns3:TrackPointExtension>
        </extensions>
      </trkpt>
      <trkpt lat="36.69599479995667934417724609375" lon="137.83808316104114055633544921875">
        <ele>764.20001220703125</ele>
        <time>2023-10-07T06:46:42.000Z</time>
        <extensions>
          <ns3:TrackPointExtension>
            <ns3:atemp>12.0</ns3:atemp>
            <ns3:cad>73</ns3:cad>
          </ns3:TrackPointExtension>
        </extensions>
      </trkpt>
      <trkpt lat="36.69602447189390659332275390625" lon="137.83808500505983829498291015625">
        <ele>764.20001220703125</ele>
        <time>2023-10-07T06:46:43.000Z</time>
        <extensions>
          <ns3:TrackPointExtension>
            <ns3:atemp>12.0</ns3:atemp>
            <ns3:cad>0</ns3:cad>
          </ns3:TrackPointExtension>
        </extensions>
      </trkpt>
      <trkpt lat="36.696047522127628326416015625" lon="137.8380696661770343780517578125">
        <ele>764.20001220703125</ele>
        <time>2023-10-07T06:46:44.000Z</time>
        <extensions>
          <ns3:TrackPointExtension>
            <ns3:atemp>12.0</ns3:atemp>
            <ns3:cad>0</ns3:cad>
          </ns3:TrackPointExtension>
        </extensions>
      </trkpt>
      <trkpt lat="36.6960419900715351104736328125" lon="137.83804460428655147552490234375">
        <ele>764.20001220703125</ele>
        <time>2023-10-07T06:46:45.000Z</time>
        <extensions>
          <ns3:TrackPointExtension>
            <ns3:atemp>12.0</ns3:atemp>
            <ns3:cad>0</ns3:cad>
          </ns3:TrackPointExtension>
        </extensions>
      </trkpt>
      <trkpt lat="36.69602371752262115478515625" lon="137.8380441851913928985595703125">
        <ele>764.20001220703125</ele>
        <time>2023-10-07T06:46:46.000Z</time>
        <extensions>
          <ns3:TrackPointExtension>
            <ns3:atemp>12.0</ns3:atemp>
            <ns3:cad>0</ns3:cad>
          </ns3:TrackPointExtension>
        </extensions>
      </trkpt>
      <trkpt lat="36.69599815271794795989990234375" lon="137.838060446083545684814453125">
        <ele>764.20001220703125</ele>
        <time>2023-10-07T06:46:47.000Z</time>
        <extensions>
          <ns3:TrackPointExtension>
            <ns3:atemp>12.0</ns3:atemp>
            <ns3:cad>0</ns3:cad>
          </ns3:TrackPointExtension>
        </extensions>
      </trkpt>
      <trkpt lat="36.69598239473998546600341796875" lon="137.838077880442142486572265625">
        <ele>764.20001220703125</ele>
        <time>2023-10-07T06:46:48.000Z</time>
        <extensions>
          <ns3:TrackPointExtension>
            <ns3:atemp>12.0</ns3:atemp>
            <ns3:cad>0</ns3:cad>
          </ns3:TrackPointExtension>
        </extensions>
      </trkpt>
      <trkpt lat="36.69596378691494464874267578125" lon="137.838100679218769073486328125">
        <ele>764.20001220703125</ele>
        <time>2023-10-07T06:46:49.000Z</time>
        <extensions>
          <ns3:TrackPointExtension>
            <ns3:atemp>12.0</ns3:atemp>
            <ns3:cad>0</ns3:cad>
          </ns3:TrackPointExtension>
        </extensions>
      </trkpt>
      <trkpt lat="36.6959467716515064239501953125" lon="137.83812087960541248321533203125">
        <ele>764.20001220703125</ele>
        <time>2023-10-07T06:46:50.000Z</time>
        <extensions>
          <ns3:TrackPointExtension>
            <ns3:atemp>12.0</ns3:atemp>
            <ns3:cad>35</ns3:cad>
          </ns3:TrackPointExtension>
        </extensions>
      </trkpt>
      <trkpt lat="36.6959323547780513763427734375" lon="137.83813655376434326171875">
        <ele>764.20001220703125</ele>
        <time>2023-10-07T06:46:51.000Z</time>
        <extensions>
          <ns3:TrackPointExtension>
            <ns3:atemp>12.0</ns3:atemp>
            <ns3:cad>35</ns3:cad>
          </ns3:TrackPointExtension>
        </extensions>
      </trkpt>
      <trkpt lat="36.69592137448489665985107421875" lon="137.838147617876529693603515625">
        <ele>764.20001220703125</ele>
        <time>2023-10-07T06:46:52.000Z</time>
        <extensions>
          <ns3:TrackPointExtension>
            <ns3:atemp>12.0</ns3:atemp>
            <ns3:cad>37</ns3:cad>
          </ns3:TrackPointExtension>
        </extensions>
      </trkpt>
      <trkpt lat="36.6959122382104396820068359375" lon="137.83815625123679637908935546875">
        <ele>764.20001220703125</ele>
        <time>2023-10-07T06:46:53.000Z</time>
        <extensions>
          <ns3:TrackPointExtension>
            <ns3:atemp>12.0</ns3:atemp>
            <ns3:cad>37</ns3:cad>
          </ns3:TrackPointExtension>
        </extensions>
      </trkpt>
      <trkpt lat="36.69590192846953868865966796875" lon="137.8381665609776973724365234375">
        <ele>764.20001220703125</ele>
        <time>2023-10-07T06:46:54.000Z</time>
        <extensions>
          <ns3:TrackPointExtension>
            <ns3:atemp>12.0</ns3:atemp>
            <ns3:cad>39</ns3:cad>
          </ns3:TrackPointExtension>
        </extensions>
      </trkpt>
      <trkpt lat="36.69589069671928882598876953125" lon="137.8381806425750255584716796875">
        <ele>764.20001220703125</ele>
        <time>2023-10-07T06:46:55.000Z</time>
        <extensions>
          <ns3:TrackPointExtension>
            <ns3:atemp>12.0</ns3:atemp>
            <ns3:cad>39</ns3:cad>
          </ns3:TrackPointExtension>
        </extensions>
      </trkpt>
      <trkpt lat="36.69587594456970691680908203125" lon="137.83819447271525859832763671875">
        <ele>764.20001220703125</ele>
        <time>2023-10-07T06:46:56.000Z</time>
        <extensions>
          <ns3:TrackPointExtension>
            <ns3:atemp>12.0</ns3:atemp>
            <ns3:cad>0</ns3:cad>
          </ns3:TrackPointExtension>
        </extensions>
      </trkpt>
      <trkpt lat="36.6958599351346492767333984375" lon="137.8381974063813686370849609375">
        <ele>764.20001220703125</ele>
        <time>2023-10-07T06:46:57.000Z</time>
        <extensions>
          <ns3:TrackPointExtension>
            <ns3:atemp>12.0</ns3:atemp>
            <ns3:cad>0</ns3:cad>
          </ns3:TrackPointExtension>
        </extensions>
      </trkpt>
      <trkpt lat="36.69584627263247966766357421875" lon="137.83819732256233692169189453125">
        <ele>764.20001220703125</ele>
        <time>2023-10-07T06:46:58.000Z</time>
        <extensions>
          <ns3:TrackPointExtension>
            <ns3:atemp>12.0</ns3:atemp>
            <ns3:cad>0</ns3:cad>
          </ns3:TrackPointExtension>
        </extensions>
      </trkpt>
      <trkpt lat="36.6958398185670375823974609375" lon="137.8381967358291149139404296875">
        <ele>764.20001220703125</ele>
        <time>2023-10-07T06:46:59.000Z</time>
        <extensions>
          <ns3:TrackPointExtension>
            <ns3:atemp>12.0</ns3:atemp>
            <ns3:cad>0</ns3:cad>
          </ns3:TrackPointExtension>
        </extensions>
      </trkpt>
      <trkpt lat="36.6958398185670375823974609375" lon="137.8381967358291149139404296875">
        <ele>764.20001220703125</ele>
        <time>2023-10-07T06:47:00.000Z</time>
        <extensions>
          <ns3:TrackPointExtension>
            <ns3:atemp>12.0</ns3:atemp>
            <ns3:cad>0</ns3:cad>
          </ns3:TrackPointExtension>
        </extensions>
      </trkpt>
      <trkpt lat="36.6958398185670375823974609375" lon="137.8381967358291149139404296875">
        <ele>764.20001220703125</ele>
        <time>2023-10-07T06:47:01.000Z</time>
        <extensions>
          <ns3:TrackPointExtension>
            <ns3:atemp>12.0</ns3:atemp>
            <ns3:cad>0</ns3:cad>
          </ns3:TrackPointExtension>
        </extensions>
      </trkpt>
      <trkpt lat="36.6958398185670375823974609375" lon="137.8381967358291149139404296875">
        <ele>764.20001220703125</ele>
        <time>2023-10-07T06:47:02.000Z</time>
        <extensions>
          <ns3:TrackPointExtension>
            <ns3:atemp>12.0</ns3:atemp>
            <ns3:cad>0</ns3:cad>
          </ns3:TrackPointExtension>
        </extensions>
      </trkpt>
      <trkpt lat="36.6958398185670375823974609375" lon="137.8381967358291149139404296875">
        <ele>764.20001220703125</ele>
        <time>2023-10-07T06:47:03.000Z</time>
        <extensions>
          <ns3:TrackPointExtension>
            <ns3:atemp>12.0</ns3:atemp>
            <ns3:cad>0</ns3:cad>
          </ns3:TrackPointExtension>
        </extensions>
      </trkpt>
      <trkpt lat="36.6958398185670375823974609375" lon="137.8381967358291149139404296875">
        <ele>764.20001220703125</ele>
        <time>2023-10-07T06:47:04.000Z</time>
        <extensions>
          <ns3:TrackPointExtension>
            <ns3:atemp>12.0</ns3:atemp>
            <ns3:cad>0</ns3:cad>
          </ns3:TrackPointExtension>
        </extensions>
      </trkpt>
      <trkpt lat="36.6958398185670375823974609375" lon="137.8381967358291149139404296875">
        <ele>764.20001220703125</ele>
        <time>2023-10-07T06:47:05.000Z</time>
        <extensions>
          <ns3:TrackPointExtension>
            <ns3:atemp>12.0</ns3:atemp>
            <ns3:cad>0</ns3:cad>
          </ns3:TrackPointExtension>
        </extensions>
      </trkpt>
      <trkpt lat="36.6958398185670375823974609375" lon="137.8381967358291149139404296875">
        <ele>764.20001220703125</ele>
        <time>2023-10-07T06:47:06.000Z</time>
        <extensions>
          <ns3:TrackPointExtension>
            <ns3:atemp>12.0</ns3:atemp>
            <ns3:cad>0</ns3:cad>
          </ns3:TrackPointExtension>
        </extensions>
      </trkpt>
      <trkpt lat="36.6958398185670375823974609375" lon="137.8381967358291149139404296875">
        <ele>764.20001220703125</ele>
        <time>2023-10-07T06:47:07.000Z</time>
        <extensions>
          <ns3:TrackPointExtension>
            <ns3:atemp>12.0</ns3:atemp>
            <ns3:cad>0</ns3:cad>
          </ns3:TrackPointExtension>
        </extensions>
      </trkpt>
      <trkpt lat="36.6958398185670375823974609375" lon="137.8381967358291149139404296875">
        <ele>764.20001220703125</ele>
        <time>2023-10-07T06:47:08.000Z</time>
        <extensions>
          <ns3:TrackPointExtension>
            <ns3:atemp>12.0</ns3:atemp>
            <ns3:cad>0</ns3:cad>
          </ns3:TrackPointExtension>
        </extensions>
      </trkpt>
      <trkpt lat="36.6958398185670375823974609375" lon="137.8381967358291149139404296875">
        <ele>764.20001220703125</ele>
        <time>2023-10-07T06:47:09.000Z</time>
        <extensions>
          <ns3:TrackPointExtension>
            <ns3:atemp>12.0</ns3:atemp>
            <ns3:cad>0</ns3:cad>
          </ns3:TrackPointExtension>
        </extensions>
      </trkpt>
      <trkpt lat="36.6958398185670375823974609375" lon="137.8381967358291149139404296875">
        <ele>764.20001220703125</ele>
        <time>2023-10-07T06:47:10.000Z</time>
        <extensions>
          <ns3:TrackPointExtension>
            <ns3:atemp>12.0</ns3:atemp>
            <ns3:cad>0</ns3:cad>
          </ns3:TrackPointExtension>
        </extensions>
      </trkpt>
      <trkpt lat="36.6958398185670375823974609375" lon="137.8381967358291149139404296875">
        <ele>764.20001220703125</ele>
        <time>2023-10-07T06:47:11.000Z</time>
        <extensions>
          <ns3:TrackPointExtension>
            <ns3:atemp>12.0</ns3:atemp>
            <ns3:cad>0</ns3:cad>
          </ns3:TrackPointExtension>
        </extensions>
      </trkpt>
      <trkpt lat="36.6958398185670375823974609375" lon="137.8381967358291149139404296875">
        <ele>764.20001220703125</ele>
        <time>2023-10-07T06:47:12.000Z</time>
        <extensions>
          <ns3:TrackPointExtension>
            <ns3:atemp>12.0</ns3:atemp>
            <ns3:cad>0</ns3:cad>
          </ns3:TrackPointExtension>
        </extensions>
      </trkpt>
      <trkpt lat="36.6958398185670375823974609375" lon="137.8381967358291149139404296875">
        <ele>764.20001220703125</ele>
        <time>2023-10-07T06:47:13.000Z</time>
        <extensions>
          <ns3:TrackPointExtension>
            <ns3:atemp>12.0</ns3:atemp>
            <ns3:cad>0</ns3:cad>
          </ns3:TrackPointExtension>
        </extensions>
      </trkpt>
      <trkpt lat="36.6958398185670375823974609375" lon="137.8381967358291149139404296875">
        <ele>764.20001220703125</ele>
        <time>2023-10-07T06:47:14.000Z</time>
        <extensions>
          <ns3:TrackPointExtension>
            <ns3:atemp>12.0</ns3:atemp>
            <ns3:cad>0</ns3:cad>
          </ns3:TrackPointExtension>
        </extensions>
      </trkpt>
      <trkpt lat="36.6958398185670375823974609375" lon="137.8381967358291149139404296875">
        <ele>764.20001220703125</ele>
        <time>2023-10-07T06:47:15.000Z</time>
        <extensions>
          <ns3:TrackPointExtension>
            <ns3:atemp>12.0</ns3:atemp>
            <ns3:cad>0</ns3:cad>
          </ns3:TrackPointExtension>
        </extensions>
      </trkpt>
      <trkpt lat="36.6958398185670375823974609375" lon="137.8381967358291149139404296875">
        <ele>764.20001220703125</ele>
        <time>2023-10-07T06:47:16.000Z</time>
        <extensions>
          <ns3:TrackPointExtension>
            <ns3:atemp>12.0</ns3:atemp>
            <ns3:cad>0</ns3:cad>
          </ns3:TrackPointExtension>
        </extensions>
      </trkpt>
      <trkpt lat="36.6958398185670375823974609375" lon="137.8381967358291149139404296875">
        <ele>764.20001220703125</ele>
        <time>2023-10-07T06:47:17.000Z</time>
        <extensions>
          <ns3:TrackPointExtension>
            <ns3:atemp>12.0</ns3:atemp>
            <ns3:cad>0</ns3:cad>
          </ns3:TrackPointExtension>
        </extensions>
      </trkpt>
      <trkpt lat="36.6958398185670375823974609375" lon="137.8381967358291149139404296875">
        <ele>764.20001220703125</ele>
        <time>2023-10-07T06:47:18.000Z</time>
        <extensions>
          <ns3:TrackPointExtension>
            <ns3:atemp>12.0</ns3:atemp>
            <ns3:cad>0</ns3:cad>
          </ns3:TrackPointExtension>
        </extensions>
      </trkpt>
      <trkpt lat="36.6958398185670375823974609375" lon="137.8381967358291149139404296875">
        <ele>764.20001220703125</ele>
        <time>2023-10-07T06:47:19.000Z</time>
        <extensions>
          <ns3:TrackPointExtension>
            <ns3:atemp>12.0</ns3:atemp>
            <ns3:cad>0</ns3:cad>
          </ns3:TrackPointExtension>
        </extensions>
      </trkpt>
      <trkpt lat="36.6958398185670375823974609375" lon="137.8381967358291149139404296875">
        <ele>764.20001220703125</ele>
        <time>2023-10-07T06:47:20.000Z</time>
        <extensions>
          <ns3:TrackPointExtension>
            <ns3:atemp>12.0</ns3:atemp>
            <ns3:cad>0</ns3:cad>
          </ns3:TrackPointExtension>
        </extensions>
      </trkpt>
      <trkpt lat="36.6958398185670375823974609375" lon="137.8381967358291149139404296875">
        <ele>764.20001220703125</ele>
        <time>2023-10-07T06:47:21.000Z</time>
        <extensions>
          <ns3:TrackPointExtension>
            <ns3:atemp>12.0</ns3:atemp>
            <ns3:cad>0</ns3:cad>
          </ns3:TrackPointExtension>
        </extensions>
      </trkpt>
      <trkpt lat="36.6958398185670375823974609375" lon="137.8381967358291149139404296875">
        <ele>764.20001220703125</ele>
        <time>2023-10-07T06:47:22.000Z</time>
        <extensions>
          <ns3:TrackPointExtension>
            <ns3:atemp>12.0</ns3:atemp>
            <ns3:cad>0</ns3:cad>
          </ns3:TrackPointExtension>
        </extensions>
      </trkpt>
      <trkpt lat="36.6958398185670375823974609375" lon="137.8381967358291149139404296875">
        <ele>764.20001220703125</ele>
        <time>2023-10-07T06:47:23.000Z</time>
        <extensions>
          <ns3:TrackPointExtension>
            <ns3:atemp>12.0</ns3:atemp>
            <ns3:cad>0</ns3:cad>
          </ns3:TrackPointExtension>
        </extensions>
      </trkpt>
      <trkpt lat="36.6958398185670375823974609375" lon="137.8381967358291149139404296875">
        <ele>764.20001220703125</ele>
        <time>2023-10-07T06:47:24.000Z</time>
        <extensions>
          <ns3:TrackPointExtension>
            <ns3:atemp>12.0</ns3:atemp>
            <ns3:cad>0</ns3:cad>
          </ns3:TrackPointExtension>
        </extensions>
      </trkpt>
      <trkpt lat="36.6958398185670375823974609375" lon="137.8381967358291149139404296875">
        <ele>764.20001220703125</ele>
        <time>2023-10-07T06:47:25.000Z</time>
        <extensions>
          <ns3:TrackPointExtension>
            <ns3:atemp>12.0</ns3:atemp>
            <ns3:cad>0</ns3:cad>
          </ns3:TrackPointExtension>
        </extensions>
      </trkpt>
      <trkpt lat="36.6958398185670375823974609375" lon="137.8381967358291149139404296875">
        <ele>764.20001220703125</ele>
        <time>2023-10-07T06:47:26.000Z</time>
        <extensions>
          <ns3:TrackPointExtension>
            <ns3:atemp>12.0</ns3:atemp>
            <ns3:cad>0</ns3:cad>
          </ns3:TrackPointExtension>
        </extensions>
      </trkpt>
      <trkpt lat="36.6958398185670375823974609375" lon="137.8381967358291149139404296875">
        <ele>764.20001220703125</ele>
        <time>2023-10-07T06:47:27.000Z</time>
        <extensions>
          <ns3:TrackPointExtension>
            <ns3:atemp>12.0</ns3:atemp>
            <ns3:cad>0</ns3:cad>
          </ns3:TrackPointExtension>
        </extensions>
      </trkpt>
      <trkpt lat="36.6958398185670375823974609375" lon="137.8381967358291149139404296875">
        <ele>764.20001220703125</ele>
        <time>2023-10-07T06:47:28.000Z</time>
        <extensions>
          <ns3:TrackPointExtension>
            <ns3:atemp>12.0</ns3:atemp>
            <ns3:cad>0</ns3:cad>
          </ns3:TrackPointExtension>
        </extensions>
      </trkpt>
    </trkseg>
  </trk>
</gpx>
